# CN UI ID	Publisher Global EN ID
1001	77585
1003	77587
1005	77589
1007	77591
1009	77593
1011	77595
1013	77597
1015	77599
1017	77601
1019	77758
1021	307574
1022	307575
1023	307576
1024	307577
1025	307578
1026	307579
1027	307580
1028	307581
1029	307582
1030	307583
1031	307584
1032	307585
1033	307586
1034	307587
1035	307588
1036	307589
1037	307590
1038	307591
1039	307592
1040	307593
1041	307594
1042	307595
1043	307596
1044	307597
1045	307598
1046	307599
1167	11124
1168	6069
1169	6105
1243	11797
1244	6108
1245	6109
1246	11799
1247	6111
1248	11801
1249	11803
1250	11805
1251	6309
1252	6310
1253	83467
1261	349042
1262	64173
1263	64174
1264	64175
1265	64176
1270	74777
1271	154991
1274	244758
1275	28360
1277	28363
1279	1066
1281	1068
1283	1070
1285	1072
1288	28396
1290	25637
1292	147857
1294	1080
1296	75080
1298	75078
1300	75076
1302	1086
1304	30032
1306	12521
1308	1092
1310	157598
1311	244760
1313	157599
1314	244762
1316	244764
1318	244766
1321	367596
1323	166516
1324	1677
1325	244771
1327	244773
1331	244769
1334	367600
1335	367601
1336	367598
1338	1980
1339	1676
1340	6319
1341	3900
1343	87535
1345	10295
1347	29452
1349	22879
1351	138543
1353	8114
1355	1104
1357	135340
1359	66467
1361	66461
1363	64075
1365	21156
1367	10310
1369	66471
1373	73721
1375	78863
1377	77693
1379	78866
1381	66572
1383	63327
1385	127353
1387	145193
1389	127357
1391	127359
1393	127361
1395	127363
1397	127365
1399	127367
1401	127369
1403	127371
1405	127373
1407	127375
1409	127377
1411	127379
1413	127381
1415	166272
1417	341936
1419	166276
1421	385985
1423	385987
1425	385989
1427	78868
1429	341935
1431	78871
1433	127383
1435	127385
1437	127387
1439	82497
1441	82499
1443	82501
1445	154784
1447	154782
1449	154780
1451	177737
1453	177735
1455	177733
1457	183006
1459	183004
1461	183002
1463	197177
1465	146867
1467	197181
1469	208296
1471	208298
1473	208300
1475	216712
1477	228235
1479	216707
1481	232412
1483	232414
1485	232416
1487	368551
1489	368502
1491	368554
1493	242920
1495	242922
1497	242924
1499	346083
1501	346085
1503	346062
1505	493376
1507	493378
1509	493380
1511	227005
1513	227007
1515	227009
1517	242926
1519	242928
1523	285159
1525	285161
1529	346320
1531	346322
1533	346324
1535	368598
1537	368600
1539	368602
1541	385593
1543	385595
1545	385597
1547	411905
1549	411903
1551	411901
1553	411907
1555	411909
1557	411911
1559	425897
1561	425899
1563	425901
1565	436442
1567	436444
1569	436446
1571	447005
1573	447007
1575	447009
1577	135325
1579	467352
1581	467354
1583	467356
1585	467484
1587	467486
1589	467488
1591	501808
1593	501810
1595	501812
1597	513504
1598	513506
1600	513508
1620	29635
1623	29637
1625	1189
1627	1192
1629	31170
1631	31172
1633	1217
1635	1222
1637	16597
1639	10140
1641	16601
1643	446159
1645	16605
1647	16760
1649	1253
1651	1255
1653	31760
1655	31766
1657	12273
1659	1273
1661	75013
1662	75012
1663	75011
1664	75010
1665	75009
1673	1275
1675	1278
1677	341826
1679	12374
1681	31678
1683	31681
1685	31684
1687	1290
1689	1292
1691	31729
1693	341827
1695	1300
1697	31741
1699	1304
1701	1306
1703	9489
1706	158678
2607	466790
2609	466792
2611	466794
2613	466796
2615	466798
2617	466800
2619	466802
2621	466804
2623	466806
2625	466808
2627	466410
2629	466412
2631	466414
2633	466416
2635	466418
2637	466420
2639	466422
2641	466424
2643	466426
2645	466428
2647	466530
2649	466532
2651	466534
2653	466536
2655	466538
2657	466540
2659	466542
2661	466544
2663	466546
2665	466548
2667	466610
2669	466612
2671	466614
2673	466616
2675	466618
2677	466620
2679	466622
2681	466624
2683	466626
2685	466628
2687	466710
2689	466712
2691	466714
2693	466716
2695	466718
2697	466720
2699	466722
2701	466724
2703	466726
2726	23998
2727	492930
2729	466728
2731	466967
2733	466969
2735	466971
2737	466973
2739	466975
2741	466977
2743	466979
2745	466981
2747	466983
2749	466985
2750	385028
2752	466450
2754	466452
2756	466454
2758	466456
2760	466458
2762	466460
2764	466462
2766	466464
2768	466466
2770	466468
2772	466947
2774	466949
2776	466951
2778	466953
2780	466955
2782	466957
2784	466959
2786	466961
2788	466963
2790	466965
2792	466987
2794	466989
2796	466991
2798	466993
2800	466995
2802	466997
2804	466999
2806	467001
2808	467003
2810	467005
2812	466570
2814	466572
2816	466574
2818	466576
2820	466578
2822	466580
2824	466582
2826	466584
2828	466586
2830	466588
2832	466550
2834	466552
2836	466554
2838	466556
2840	466558
2842	466560
2844	466562
2846	466564
2848	466566
2850	466568
2852	466670
2854	466672
2856	466674
2858	466676
2860	466678
2862	466680
2864	466682
2866	466684
2868	466686
2870	466688
2872	466430
2874	466432
2876	466434
2878	466436
2880	466438
2882	466440
2884	466442
2886	466444
2888	466446
2890	466448
2892	466892
2894	466894
2896	466896
2898	466898
2900	466900
2902	466902
2904	466904
2906	466906
2908	466908
2910	466910
2912	466630
2914	466632
2916	466634
2918	466636
2919	198217
2920	198217
2921	198219
2922	198231
2924	466638
2926	466640
2928	466642
2930	466644
2932	466646
2934	466648
2935	283737
2936	1965
2937	368140
2938	198226
2939	198236
2956	466927
2958	466929
2960	466931
2962	466933
2964	466935
2966	466937
2968	466939
2970	466941
2977	466943
2979	466945
2981	70768
2983	70769
2985	70770
2987	23943
2989	1990
2990	468884
2991	158366
2992	64424
2993	11111
2994	426907
2995	128094
2996	82472
2998	445668
2999	23946
3000	26625
3002	9646
3004	157952
3006	157953
3008	157954
3010	466925
3012	466870
3014	466510
3016	466512
3018	466514
3020	466516
3022	466518
3024	466520
3026	466522
3028	466524
3030	466526
3032	466528
3034	466730
3036	466732
3038	466734
3040	466736
3042	466738
3044	466740
3046	466742
3048	466744
3050	466746
3052	466748
3054	466750
3056	466752
3058	466754
3060	466756
3062	466758
3064	466760
3066	466762
3068	466764
3070	466766
3072	466768
3074	466850
3076	466852
3078	466854
3080	466856
3082	466858
3084	466860
3086	466862
3088	466864
3090	466866
3092	466868
3094	466470
3096	466472
3098	466474
3100	466476
3102	466478
3104	466480
3106	466482
3108	466484
3110	466486
3112	466488
3114	466490
3116	466492
3118	466494
3120	466496
3122	466498
3124	466500
3126	466502
3128	466504
3130	466506
3132	466508
3134	154719
3138	11128
3144	11129
3146	66014
3148	66017
3150	66020
3152	9003
3154	66026
3156	11029
3158	8979
3159	11043
3160	11136
3161	11137
3162	154728
3163	66897
3165	197991
3170	3888
3171	3889
3172	3890
3173	9647
3174	3894
3175	1644
3176	3897
3177	1658
3178	3899
3179	165807
3180	1681
3181	3906
3182	3908
3183	3909
3184	77770
3185	77771
3186	165808
3187	165809
3188	165810
3189	165811
3190	309460
3191	309461
3192	467915
3195	64755
3197	64757
3198	64758
3200	64760
3202	64762
3204	64764
3205	2177
3206	4697
3207	6114
3208	6115
3211	226076
3212	6961
3216	466650
3218	466652
3220	466654
3222	466656
3224	466658
3226	466660
3228	466662
3230	466664
3232	466666
3234	466668
3236	466590
3238	466592
3240	466594
3242	466596
3244	466598
3246	466600
3248	466602
3250	466604
3252	466606
3254	466608
3256	466692
3258	466694
3260	466696
3262	466698
3264	466700
3266	466702
3268	466704
3270	466706
3272	466708
3274	466770
3276	466772
3278	466774
3280	466776
3282	466778
3283	158282
3284	198641
3285	159144
3286	159091
3288	2179
3290	64769
3292	64771
3294	64773
3296	121253
3298	121255
3300	121257
3302	121259
3304	121261
3306	121263
3308	64787
3310	64789
3312	64791
3313	64792
3315	64794
3317	2100
3319	2103
3321	2106
3324	466780
3326	466782
3328	466784
3330	466786
3332	466788
3334	466690
3335	198965
3336	4793
3337	157732
3338	13977
3339	4796
3340	157730
3341	6305
3342	513108
3343	64902
3347	466872
3351	466874
3355	466876
3357	466878
3359	466880
3361	466882
3363	466884
3365	466886
3367	466888
3369	466890
3370	467362
3371	467363
3372	467364
3373	467365
3374	467366
3375	467367
3376	467368
3377	467369
3378	467370
3379	467339
3380	467340
3381	467341
3382	467342
3383	467343
3384	467344
3385	467345
3386	467346
3387	467347
3388	467066
3389	467067
3390	467068
3391	467069
3392	467070
3393	467071
3394	467072
3395	467073
3396	467074
3397	467198
3398	467199
3399	467200
3400	467083
3401	467084
3402	467085
3403	467086
3404	467087
3405	467088
3406	467089
3407	467090
3408	467091
3409	467551
3410	467102
3411	467103
3412	467104
3413	467105
3414	467106
3415	467107
3416	467108
3417	467109
3418	467110
3419	467208
3420	467209
3421	467210
3422	467211
3423	467212
3424	467213
3425	467214
3426	467215
3427	467216
3428	467556
3429	467557
3430	467558
3431	467559
3432	467560
3433	467471
3434	467498
3435	467242
3436	467243
3437	467244
3438	467245
3439	467246
3440	467247
3441	467248
3442	467249
3443	467250
3444	467561
3445	467424
3446	467225
3447	467226
3448	467227
3449	467037
3450	467038
3451	467039
3452	467111
3453	467279
3454	467280
3455	467281
3456	467282
3457	467283
3458	467284
3459	467285
3460	467286
3461	467287
3462	467465
3463	467466
3464	467467
3465	467468
3466	467469
3467	467470
3468	467562
3469	467563
3470	467564
3471	467565
3472	467566
3473	467567
3474	467568
3475	467569
3476	467570
3477	467431
3478	467432
3479	467433
3480	467434
3481	467435
3482	467436
3483	467437
3484	467438
3485	467439
3486	467440
3487	467404
3488	467389
3489	467390
3490	467391
3491	467392
3492	467393
3493	467394
3494	467380
3495	467381
3496	467382
3497	467011
3498	467012
3499	467013
3500	467014
3501	23713
3502	467015
3503	467016
3505	467017
3506	136973
3507	467018
3508	467019
3509	467475
3511	467476
3512	467477
3513	6722
3514	467478
3515	467479
3517	467480
3518	467481
3519	467482
3520	467483
3522	467330
3523	467331
3524	467332
3525	500913
3526	467333
3527	467334
3528	467335
3529	467336
3531	467337
3532	467338
3533	82051
3535	467177
3536	467178
3537	467179
3538	467490
3539	467491
3540	467492
3541	467493
3542	467494
3543	467495
3549	82050
3557	473120
3558	7815
3562	52873
3567	303476
3575	7821
3577	384333
3579	303474
3589	23712
3599	36994
3601	13247
3603	7818
3607	7824
3613	513517
3615	4665
3616	8650
3617	8651
3618	8652
3619	8653
3620	8654
3621	8655
3622	8656
3623	8657
3624	8658
3625	8659
3626	8660
3627	8661
3628	8662
3629	8663
3630	8664
3631	8665
3632	8666
3633	8692
3634	8693
3635	8694
3636	8710
3637	8712
3638	8714
3639	8716
3640	8717
3641	8718
3642	8719
3643	8720
3644	8721
3645	8722
3646	8723
3647	8724
3648	8726
3649	8728
3650	8729
3651	8732
3652	8734
3653	8739
3654	8740
3655	8741
3656	8742
3657	8743
3658	8745
3659	8747
3660	8748
3661	8750
3662	8752
3663	8755
3664	8756
3665	9983
3666	10028
3667	12207
3668	12209
3671	74778
3672	74779
3673	74780
3674	121279
3678	402501
3679	292866
3680	226049
3681	468941
3685	144601
3686	427683
3691	384332
3692	468770
3698	384331
3700	87712
3705	243840
3707	473958
3711	77958
3727	74781
3728	74782
3764	283660
3765	283661
3766	283662
3767	283663
3768	283664
3769	283665
3770	283666
3771	9468
3772	242577
3773	208889
3774	208889
3775	208889
3776	2857
3777	77445
3779	2858
3781	77447
3782	77448
3783	77449
3784	77450
3785	2859
3786	2860
3787	2861
3788	2862
3789	2863
3790	2864
3791	158039
3792	209000
3793	209000
3794	209000
3795	209000
3796	209000
3797	209000
3798	209000
3799	209000
3800	209000
3801	2422
3802	2423
3803	2424
3804	2425
3805	2877
3806	208933
3807	208933
3808	77607
3809	82314
3810	82315
3811	82316
3812	82317
3813	82318
3814	82319
3815	82320
3816	82321
3817	208979
3818	208979
3819	208979
3820	2836
3821	2837
3822	130767
3823	130768
3824	130769
3825	2880
3826	2881
3827	2882
3828	2883
3829	2884
3830	2885
3831	2886
3832	2887
3833	2888
3834	2889
3835	64462
3836	64462
3837	12668
3838	65937
3839	2869
3840	65938
3841	208977
3842	130775
3843	82270
3844	70463
3845	2848
3846	2849
3847	2426
3848	2427
3849	2428
3850	2429
3851	2430
3852	2431
3853	208910
3854	130676
3855	156926
3858	2342
3859	2413
3860	209027
3861	208896
3862	209030
3863	208896
3864	2844
3865	2845
3866	208892
3867	208892
3868	208892
3869	208892
3872	208944
3874	77606
3875	198521
3876	198522
3877	198523
3878	198524
3879	198525
3880	198526
3881	198527
3882	241747
3883	241748
3884	156505
3885	156506
3886	209009
3887	209027
3888	208899
3889	209009
3890	209027
3891	208899
3892	208899
3893	209009
3894	209027
3895	2847
3896	5954
3897	2487
3898	2841
3899	209000
3900	425625
3901	209000
3934	121199
3936	77759
3937	77809
3938	77810
3939	77811
3940	342172
3941	342173
3942	77814
3943	77815
3944	342174
3945	342175
3946	77818
3947	77819
3948	342176
3949	342177
3950	77822
3951	77823
3952	87602
3953	87603
3954	87604
3955	87605
3956	342178
3957	342179
3958	342180
3959	342181
3965	10412
3979	2108
3981	2110
3983	2112
3985	2114
3987	2116
3989	2118
3991	2120
3993	2122
3995	2124
3997	2126
3999	2128
4001	2130
4003	2133
4005	2135
4007	2137
4009	2139
4011	2141
4013	2143
4015	2145
4017	2147
4019	2149
4021	2151
4023	2153
4025	2155
4027	2157
4029	2159
4031	2161
4033	2163
4035	2165
4037	2167
4048	2187
4050	2189
4052	2191
4054	2193
4056	2195
4058	2197
4060	2199
4064	2204
4066	2206
4068	2208
4070	2210
4072	2212
4074	2214
4076	2216
4078	2218
4080	75415
4081	2220
4083	2222
4085	2224
4087	2226
4089	2228
4091	2230
4093	2232
4095	2234
4097	2236
4099	2238
4101	2240
4103	2242
4105	2244
4107	2246
4109	2248
4111	2267
4113	2269
4115	2271
4117	2273
4119	2275
4121	2277
4123	2279
4125	2281
4127	2283
4129	2285
4132	2289
4134	2291
4136	2293
4138	2295
4140	2297
4142	2299
4144	2301
4146	2303
4148	2305
4150	2307
4152	2309
4154	2311
4156	2313
4158	2315
4160	2317
4162	2319
4164	2321
4166	2324
4168	2326
4170	2328
4172	2330
4174	2334
4176	2336
4178	2338
4180	2340
4182	2343
4184	2345
4186	2347
4188	2349
4190	2351
4192	2353
4194	2355
4196	2357
4198	2359
4200	2361
4202	2363
4204	2365
4206	2367
4208	82690
4210	82692
4212	82694
4214	82696
4216	82698
4218	82700
4220	82702
4222	82704
4224	128533
4226	128535
4228	128537
4230	128539
4232	128541
4234	128543
4236	128545
4238	128547
4240	128549
4242	128551
4244	128553
4246	198157
4248	198159
4250	198161
4252	198163
4254	198165
4256	209303
4258	209305
4260	209307
4262	209309
4264	209311
4266	209313
4268	209315
4270	209317
4272	209319
4274	209321
4276	209323
4278	310032
4280	310034
4282	310036
4284	310038
4286	310040
4288	348935
4290	348937
4292	348939
4294	348941
4296	348943
4298	348945
4300	369440
4302	369442
4304	369444
4306	369446
4308	369448
4310	369450
4312	369452
4314	369454
4316	447116
4318	447118
4320	447120
4326	447126
4328	467840
4330	467842
4332	467844
4334	467846
4336	467848
4338	467850
4340	467852
4367	74596
4368	74597
4369	74598
4370	74600
4371	74602
4372	74603
4373	157808
4375	4947
4376	166514
4377	386751
4378	4939
4379	166791
4380	4954
4381	4954
4382	185036
4383	70736
4384	4938
4385	166515
4386	4941
4387	4942
4388	4943
4389	4945
4391	182705
4394	65263
4395	17960
4396	64093
4397	64094
4398	64095
4399	64096
4402	197195
4403	197196
4404	207451
4405	231467
4406	231468
4407	367086
4408	367087
4409	367088
4410	367089
4411	367090
4412	367091
4413	367092
4414	367093
4415	367094
4416	367095
4417	384269
4418	384270
4419	403116
4420	426546
4421	445106
4422	445103
4423	445104
4424	445105
4425	467006
4426	501922
4427	501923
4428	501924
4429	513193
4432	4653
4433	7306
4434	7307
4435	7309
4436	7310
4437	7311
4438	7312
4439	7313
4440	7315
4441	7316
4442	7318
4443	74846
4444	74847
4445	74848
4446	74849
4447	74850
4448	74851
4449	74852
4450	74853
4451	74854
4452	74855
4453	74856
4454	74857
4455	74858
4456	74859
4457	74860
4458	74861
4459	77489
4460	82263
4461	82264
4462	126271
4463	126272
4464	126273
4465	126274
4466	165702
4467	165703
4468	165704
4469	165705
4470	197194
4471	283738
4559	11826
4562	514514
4564	12462
4566	425599
4568	284192
4573	77505
4575	12843
4577	125922
4579	152414
4581	243967
4583	126296
4585	122683
4588	12683
4590	74794
4594	74798
4596	77507
4600	77511
4602	82406
4604	284194
4606	367513
4608	367515
4634	126318
4638	126322
4641	126324
4645	403101
4649	12622
4652	403105
4659	394154
4662	501712
4665	514510
4679	367097
4681	367099
4683	367101
4685	367103
4687	367105
4689	380131
4691	367109
4693	367111
4695	367113
4697	11673
4699	11675
4701	152416
4704	12817
4706	12822
4708	12824
4710	12851
4712	12909
4714	12913
4716	70924
4718	74800
4720	232130
4722	233316
4726	233320
4728	242608
4732	243957
4735	284196
4737	347500
4739	341232
4741	366203
4743	367610
4745	367612
4747	380048
4749	425805
4751	425807
4753	447866
4755	82409
4757	126290
4759	126292
4761	126294
4765	177461
4767	208811
4769	197119
4771	226791
4773	232290
4775	367490
4777	367492
4779	367494
4781	367496
4783	367498
4785	367500
4787	367502
4789	367504
4791	367506
4793	367508
4796	12588
4800	12588
4802	347438
4807	347443
4809	468007
4814	493248
4821	126328
4825	62922
4827	11870
4829	12794
4833	12794
4835	60510
4838	126304
4840	126306
4844	126310
4846	126312
4850	152427
4854	197111
4858	216747
4862	216751
4864	232126
4868	243965
4870	4649
4872	12814
4876	177463
4880	177467
4882	182697
4886	182701
4890	369667
4895	468005
4897	466370
4899	501731
4904	492606
4906	501008
4908	367115
4910	367117
4912	367119
4914	367121
4916	367123
4918	367125
4920	367127
4922	367129
4924	367131
4926	367133
4928	367135
4930	367137
4932	367139
4934	367141
4936	367143
4938	367145
4940	367482
4942	367484
4944	367486
4946	367488
4948	82411
4950	82413
4952	87597
4954	126316
4956	161769
4958	197115
4960	197117
4962	87600
4966	243961
4968	243963
4970	366989
4972	243959
4975	12556
4977	12558
4979	12571
4982	12618
4987	348244
4989	403099
4991	468014
4995	425809
4998	320433
5000	11628
5002	11630
5004	11632
5006	126302
5008	11637
5010	347445
5012	436888
5014	467998
5016	468000
5018	468002
5023	436890
5028	447862
5032	501715
5034	512947
5038	532910
5040	558305
5042	559285
5044	126300
5046	11872
5048	158202
5049	157151
5050	26206
5051	158205
5052	158399
5053	8542
5054	126239
5055	182527
5056	156816
5057	445784
5058	445783
5059	467997
5060	127122
5063	127125
5066	127128
5072	436458
5073	449861
5074	449862
5075	467777
5076	492873
5078	501294
5079	513369
5080	4594
5082	10034
5084	513526
5085	11837
5087	11843
5089	11849
5091	11852
5093	513527
5108	120991
5109	23998
5110	63181
5111	9254
5112	26228
5201	402753
5205	2674
5207	11788
5216	492674
5218	470381
5219	514929
5220	492675
5221	514931
5222	492676
5224	514930
5225	470270
5232	385061
5233	385049
5234	385062
5235	385108
5236	385141
5237	385070
5238	385142
5239	385071
5240	385143
5241	385144
5242	385109
5243	385065
5244	385073
5245	11707
5246	385147
5247	385076
5248	385041
5249	385043
5250	385044
5251	385045
5252	385047
5253	382802
5254	385126
5255	385040
5256	385063
5257	385064
5258	382810
5259	385060
5260	385105
5261	12962
5262	79206
5263	385038
5264	385069
5265	385059
5266	382806
5267	385056
5268	385111
5269	385128
5270	385110
5271	385096
5272	385067
5273	382814
5274	385095
5275	385054
5276	385135
5277	385074
5278	402687
5281	385097
5282	402678
5285	514206
5288	514211
5291	514214
5294	514217
5297	514220
5300	514204
5302	514223
5304	514227
5306	402680
5308	402682
5311	402685
5313	402675
5315	385138
5316	385140
5317	385068
5318	385098
5319	385075
5320	382820
5321	385099
5322	385101
5323	385103
5324	385058
5325	16711
5326	385121
5327	385112
5328	385114
5329	385116
5330	385118
5331	385119
5332	385072
5333	382808
5334	385077
5335	385079
5336	385081
5337	385083
5338	385085
5339	385087
5340	385089
5341	385091
5342	385093
5343	385057
5344	385051
5345	385052
5346	382816
5419	158339
5421	30722
5450	161718
5455	161723
5461	161730
5464	161733
5471	161740
5476	161745
5484	157969
5486	3201
5487	156991
5489	3205
5490	79291
5492	4598
5493	157711
5495	4922
5496	177819
5565	348337
5567	348339
5581	348400
5583	348402
5608	347712
5610	348022
5617	348363
5619	348365
5627	469022
5628	2812
5629	468508
5647	348347
5649	348349
5678	402973
5680	402945
5683	402948
5685	403053
5693	449262
5695	449264
5697	449266
5699	449268
5750	6135
5779	5014
5780	21877
5781	5032
5782	21535
5784	21601
5785	5040
5786	21568
5787	5031
5788	5036
5789	21768
5790	183717
5791	5043
5792	5037
5794	5034
5795	5042
5797	5037
5802	126152
5803	5040
5804	69101
5805	5039
5806	69103
5807	5033
5809	23317
5810	156107
5811	156358
5812	156398
5813	4786
5814	24984
5815	156348
5816	157200
5817	9930
5821	9932
5823	9934
5825	9936
5827	9938
5829	9940
5831	9942
5833	9944
5834	4676
5837	7057
5839	7059
5840	7030
5842	7032
5844	7033
5846	7063
5847	7064
5849	7284
5850	7288
5851	7294
5852	446325
5855	446328
5858	446360
5861	198786
5882	446907
5885	13279
5896	446278
5899	446329
5902	446734
5905	446735
5908	134013
5910	157151
5912	156383
5914	184648
5915	468924
5916	445631
5917	12292
5919	12293
5921	22869
5924	446369
5955	9907
5958	9910
5960	9912
5972	7034
5974	7036
5975	7037
5979	197105
5980	197293
5981	197103
6011	446320
6014	446823
6016	446824
6018	446825
6020	446826
6022	446827
6024	446828
6026	446829
6028	446830
6030	446831
6032	446806
6035	10717
6037	10719
6039	10721
6041	10723
6044	10726
6046	10726
6048	7015
6050	7017
6052	7019
6054	7021
6077	4719
6080	209589
6083	6997
6086	184641
6089	7003
6091	7005
6094	7009
6097	7012
6120	9914
6121	127140
6128	10745
6131	65102
6134	10750
6136	10751
6138	10753
6140	7023
6142	60514
6143	60515
6144	13198
6145	9901
6147	9903
6149	9905
6156	446326
6159	446737
6162	10730
6163	10731
6164	10732
6166	127142
6168	127144
6170	127146
6171	9894
6174	9897
6176	9899
6178	7025
6188	446808
6190	155278
6192	7040
6193	7041
6194	7042
6195	7043
6196	7044
6197	7045
6200	513126
6203	7051
6206	154499
6207	154500
6208	154501
6209	154502
6210	154503
6211	154504
6212	154505
6213	154506
6214	154507
6215	154508
6216	154509
6217	154510
6218	154511
6219	154512
6220	154513
6221	154514
6222	154515
6223	154516
6224	154517
6225	154518
6226	154519
6227	154520
6228	154521
6229	154522
6230	154523
6231	154524
6232	154525
6233	10755
6234	10756
6235	10757
6236	74641
6238	6289
6242	127133
6243	177707
6246	127132
6248	436652
6251	225532
6252	368193
6253	493506
6255	232421
6256	347498
6260	7114
6261	227347
6262	501466
6265	347470
6266	77467
6270	282806
6273	10759
6275	10831
6277	10834
6279	12283
6280	12285
6281	12287
6295	446324
6297	446802
6300	10733
6301	10734
6304	10737
6306	10739
6308	10741
6309	10742
6310	10743
6311	10744
6342	446805
6348	65917
6351	158274
6354	9925
6356	9926
6358	9927
6360	9928
6363	10697
6365	10699
6367	10701
6369	10703
6371	10705
6374	10707
6377	10709
6380	10711
6383	10744
6386	10715
6388	5053
6390	9870
6392	9880
6394	9884
6396	9886
6397	9887
6400	9890
6401	9891
6402	9892
6403	12779
6405	12953
6407	13192
6409	13242
6411	13254
6413	13260
6415	13262
6417	13270
6427	446284
6430	446733
6450	9916
6452	9918
6479	513155
6480	126250
6481	126251
6482	126252
6483	512987
6484	196938
6485	196939
6486	196940
6487	513046
6488	448125
6489	448126
6490	448127
6491	513146
6492	74991
6493	74992
6494	448002
6495	90157
6496	70695
6497	74986
6498	448039
6499	346007
6500	448072
6501	448073
6502	448074
6503	448075
6504	448076
6505	448077
6506	448078
6507	448079
6508	513140
6509	493261
6510	493099
6511	493262
6512	513141
6513	493263
6514	493100
6515	493264
6516	513142
6517	493265
6518	493101
6519	493266
6520	75004
6521	90155
6522	75005
6523	75006
6524	448019
6525	402914
6526	402915
6527	402916
6528	448136
6529	493253
6530	493102
6531	493254
6532	448140
6533	493255
6534	493103
6535	493256
6536	448144
6537	493257
6538	493104
6539	493258
6540	242905
6541	244391
6542	244392
6543	244393
6544	208497
6545	208677
6546	437195
6547	74987
6548	126243
6549	126243
6550	513169
6551	244386
6552	244387
6553	347176
6554	346006
6555	309792
6556	426391
6557	448094
6558	448095
6559	448096
6560	448097
6561	448098
6562	448099
6563	448100
6564	448101
6565	345078
6566	70547
6567	75003
6568	232419
6569	232420
6570	184240
6571	512961
6572	448053
6573	448054
6574	448055
6575	512963
6576	448057
6577	448058
6578	448059
6579	512964
6580	448061
6581	448062
6582	448063
6583	74993
6584	74994
6585	70696
6586	90159
6587	74988
6588	74989
6589	70688
6590	448032
6591	74995
6592	74996
6593	448033
6594	74997
6595	178236
6596	466364
6597	466365
6598	513059
6599	448034
6600	448035
6601	448036
6602	513149
6603	126240
6604	126241
6605	126242
6606	513106
6607	309797
6608	309798
6609	309799
6610	347180
6611	369222
6612	369223
6613	369224
6614	448064
6615	448065
6616	448066
6617	448067
6618	448068
6622	17872
6628	126373
6631	448069
6632	448070
6633	448071
6634	70692
6635	448110
6636	448111
6637	448112
6638	309794
6639	309793
6640	369225
6641	387087
6642	448093
6643	387088
6644	411757
6645	369230
6646	369231
6647	387089
6648	369233
6649	369234
6650	369235
6651	387090
6652	369237
6653	369238
6654	369239
6655	387091
6656	513079
6657	448082
6658	448083
6659	448084
6660	513081
6661	448086
6662	448087
6663	448088
6664	513082
6665	493259
6666	493105
6667	493260
6668	448018
6669	126254
6670	126255
6671	126256
6684	513185
6685	448021
6686	448022
6687	448023
6688	513187
6689	448025
6690	448026
6691	448027
6692	513188
6693	493267
6694	493109
6695	493268
6696	448080
6697	387097
6698	448102
6699	448103
6700	448104
6701	448105
6702	448106
6703	448107
6704	448108
6705	448109
6706	448003
6707	448004
6708	448005
6709	448006
6710	448007
6711	448008
6712	448009
6713	448010
6714	448011
6715	448012
6716	448013
6717	448014
6718	90165
6719	82431
6720	126245
6721	382946
6722	387085
6723	382891
6724	387086
6725	448128
6726	448129
6727	448130
6728	448131
6729	448132
6730	448133
6731	448134
6732	448135
6733	242915
6734	244394
6735	244395
6736	244396
6737	346851
6738	347177
6739	347178
6740	347179
6741	402913
6742	382912
6743	387092
6744	382953
6745	387093
6746	382906
6747	387094
6748	382969
6749	387095
6750	382966
6751	387096
6752	382852
6753	437092
6754	437093
6755	437094
6756	437095
6757	437096
6758	437097
6759	437098
6760	437099
6761	437100
6762	437101
6763	70690
6764	447999
6765	448000
6766	448001
6767	178232
6768	178233
6769	178234
6770	178235
6771	512967
6772	244388
6773	244389
6774	244390
6775	513123
6776	448015
6777	448016
6778	448017
6779	448038
6780	346930
6781	347172
6782	347173
6783	347174
6784	512995
6785	448114
6786	448115
6787	448116
6788	244847
6789	448118
6790	448119
6791	448120
6792	512998
6793	448122
6794	448123
6795	448124
6796	513143
6797	402912
6798	208495
6799	208678
6800	75000
6801	90158
6802	75001
6803	75002
6804	448037
6805	244397
6806	466366
6807	244399
6808	244400
6809	227101
6810	227102
6811	227103
6812	227104
6813	227105
6821	11117
6822	4671
6823	70496
6825	4850
6826	63031
6827	82420
6828	82422
6829	126372
6830	386994
6831	184120
6832	4859
6833	380024
6834	8930
6835	8931
6836	8932
6841	150947
6842	144603
6845	146451
6846	87713
6848	4777
6849	26532
6850	367952
6859	283720
6860	283721
6861	283722
6862	283723
6863	283724
6864	283725
6865	283726
6866	283727
6867	283728
6868	283691
6869	283712
6870	283713
6871	283714
6872	283715
6873	283716
6874	283717
6875	283718
6876	283719
6877	27120
6878	11877
6879	184026
6880	184027
6883	209000
6884	467112
6885	426056
6886	447575
6888	1412
6889	157166
6893	2933
6894	492608
6895	197546
6897	8762
6899	28111
6902	4708
6903	156598
6904	448198
6905	158201
6906	467924
6911	157437
6912	63170
6913	2550
6914	74699
6915	126275
6918	447634
6919	126453
6920	130567
6922	121484
6924	87720
6928	126347
6929	4743
6933	5168
6934	11405
6935	501067
6937	184224
6938	182945
6940	227174
6941	446206
6942	77521
6943	157255
6945	447141
6946	74938
6947	4789
6950	426095
6951	367582
6953	6894
6954	3209
6955	445738
6957	83465
6958	227690
6960	64029
6962	347432
6965	208889
6966	513341
6967	344941
6971	161920
6973	127153
6976	87678
6979	66729
6981	74663
6984	347998
6986	513248
6987	130569
6988	346356
6989	11118
6991	75471
6992	87627
6993	126791
6996	446112
6999	467987
7000	4629
7002	3501
7003	64548
7004	19962
7005	197221
7006	18830
7007	468784
7011	156565
7012	470100
7016	347433
7018	74783
7024	5889
7025	82457
7026	82458
7027	16763
7028	82459
7029	82460
7030	82461
7031	26399
7035	309187
7036	309188
7037	368006
7038	154818
7039	82467
7040	82468
7041	79475
7042	82469
7043	130628
7044	130629
7045	130630
7046	130631
7047	154819
7048	154820
7049	166284
7050	166285
7051	177673
7052	177674
7053	208803
7054	309189
7055	309190
7056	341363
7057	283740
7058	309192
7059	426601
7060	426602
7061	469155
7062	501048
7063	468887
7064	468888
7065	492472
7066	492473
7067	501049
7068	446200
7070	446201
7071	446202
7072	446203
7073	446204
7074	446205
7075	242945
7077	242947
7079	242937
7081	242939
7083	242941
7085	242943
7112	467093
7114	467095
7115	467096
7116	467097
7117	467098
7118	467099
7119	467100
7120	152740
7129	127038
7131	242976
7133	242980
7134	243300
7135	243308
7162	232954
7164	198057
7165	227202
7166	225384
7167	198075
7168	208887
7169	198074
7170	243077
7171	367147
7172	367148
7173	184101
7175	196966
7177	341641
7193	24425
7195	75111
7210	27355
7211	7879
7212	7881
7213	27372
7214	7885
7215	23138
7231	198045
7258	29765
7274	64165
7284	284148
7306	368696
7308	8810
7310	27742
7312	385213
7314	425896
7320	208590
7325	63067
7337	184107
7370	242566
7371	242567
7372	242568
7373	242569
7374	242570
7375	242571
7376	242572
7377	242634
7378	242635
7379	242636
7380	242637
7381	242638
7382	242639
7383	242640
7384	242641
7385	128520
7393	19561
7394	152419
7399	27303
7404	402383
7420	4714
7421	158776
7422	75729
7423	75182
7424	166461
7425	158621
7426	16959
7428	283741
7429	283742
7430	283743
7433	127402
7447	492920
7449	283749
7450	283750
7452	343522
7454	344958
7455	369204
7456	369205
7459	16670
7460	184038
7461	184039
7462	184040
7547	341937
7548	368141
7549	559108
7559	513448
7560	152953
7561	152954
7562	152955
7563	232184
7564	309416
7565	559107
7566	446713
7568	66379
7569	152909
7570	158467
7571	152911
7572	152912
7573	152913
7574	152914
7575	152915
7576	466396
7580	152949
7581	152950
7582	152951
7584	209697
7585	380047
7586	152923
7587	152924
7588	152925
7591	227078
7592	466397
7593	466398
7594	466399
7595	466400
7596	466401
7597	466402
7598	466403
7599	466404
7600	466405
7602	152916
7603	152917
7604	152918
7605	66180
7606	66405
7607	165708
7608	198154
7610	469311
7613	152940
7614	152941
7615	244538
7616	492668
7617	466406
7618	466407
7619	466408
7620	425784
7621	533986
7622	152956
7623	152957
7624	152958
7625	366236
7626	466341
7627	558297
7628	309415
7629	446714
7630	466395
7631	466373
7633	198167
7634	152929
7635	152930
7636	152931
7637	152932
7638	152933
7639	152934
7640	157430
7641	66414
7642	152935
7643	152936
7644	152937
7645	132590
7646	132591
7647	152928
7648	157879
7649	165707
7650	402386
7651	467778
7654	467779
7657	467780
7660	515104
7662	515106
7664	515108
7666	467782
7668	469021
7670	515110
7671	515111
7672	515112
7673	445825
7674	1643
7676	1675
7677	75488
7678	31898
7679	82237
7680	74670
7681	82238
7682	82239
7684	158561
7686	10391
7687	3685
7767	198877
7768	199395
7769	199396
7770	199397
7771	3892
7773	3910
7774	3901
7786	158201
7787	87695
7788	87696
7832	135513
7835	64179
7837	5176
7839	5133
7842	385143
7847	382812
7851	382818
7864	87697
7880	74832
7881	3882
7882	166326
7883	197001
7884	3913
7885	5100
7886	5101
7887	5103
7888	21839
7889	156982
7890	166112
7891	130231
7892	165633
7893	177678
7894	182710
7895	182709
7896	197728
7897	225649
7898	227111
7899	232435
7900	25635
7901	155190
7902	4681
7903	347012
7904	347017
7905	347013
7906	368196
7907	387014
7908	403118
7909	426373
7910	436457
7911	449798
7912	467863
7913	467864
7914	492875
7915	501302
7916	513371
7936	2521
7937	2522
7938	2523
7939	2524
7940	2525
7941	2526
7942	87691
7943	128168
7944	4615
7946	5531
7948	5532
7950	9984
7952	10349
8009	468190
8010	468191
8011	468192
8012	468193
8013	468194
8014	468195
8015	468196
8016	468197
8017	468198
8018	468199
8019	468200
8020	468201
8021	468202
8022	468203
8023	468204
8024	468205
8025	468206
8026	468207
8027	468208
8028	468209
8029	226227
8030	226228
8031	226229
8032	226230
8033	226231
8034	226232
8035	308603
8036	308604
8037	308605
8038	308606
8039	308607
8040	226305
8041	468210
8042	468211
8043	468212
8044	468213
8045	468214
8046	226247
8047	183467
8048	183468
8049	183469
8050	183470
8051	183471
8052	183472
8053	183473
8054	183474
8055	226262
8056	226263
8057	226264
8058	226265
8059	226266
8060	226267
8061	308335
8062	308336
8063	308337
8064	308338
8065	308339
8066	308340
8067	308341
8068	308342
8069	308343
8070	308344
8071	308345
8072	308346
8073	308347
8074	308348
8075	308349
8076	308350
8077	308351
8078	308352
8079	308353
8080	308354
8081	183951
8082	183952
8083	183953
8084	183954
8085	183955
8086	183956
8087	183913
8088	183914
8089	183915
8090	183916
8091	232066
8092	232067
8093	232068
8094	232069
8095	232070
8096	232071
8097	183040
8098	183041
8099	183042
8100	183043
8101	183044
8102	183045
8103	183046
8104	183047
8105	308123
8106	308124
8107	308125
8108	308126
8109	308127
8110	308128
8111	308129
8112	308130
8113	308131
8114	308132
8115	468231
8116	468232
8117	468233
8118	468234
8119	468235
8120	468236
8121	468237
8122	468238
8123	468239
8124	468240
8125	468241
8126	468242
8127	468243
8128	468244
8129	468245
8130	468246
8131	468247
8132	468248
8133	468249
8134	468250
8135	446156
8136	308098
8137	308099
8138	308100
8139	308101
8140	308102
8141	308103
8142	308104
8143	308105
8144	308106
8145	308107
8146	308108
8147	308109
8148	308110
8149	308111
8150	308112
8151	308113
8152	308114
8153	167244
8154	308116
8155	183475
8156	197500
8157	197501
8158	197502
8159	197503
8160	197504
8161	183481
8162	197506
8163	183529
8164	183530
8165	183531
8166	183532
8167	183533
8168	183534
8169	226159
8170	226160
8171	226161
8172	226162
8173	226163
8174	226164
8175	183535
8176	183536
8177	183537
8178	183538
8179	183539
8180	183540
8181	231994
8182	231995
8183	231996
8184	231997
8185	231998
8186	231999
8187	226203
8188	226204
8189	226205
8190	226206
8191	226324
8192	369213
8193	307719
8194	307720
8195	307721
8196	307722
8197	468276
8198	468277
8199	468278
8200	468279
8201	468280
8202	468281
8203	468282
8204	468283
8205	226234
8206	468284
8207	468285
8208	468286
8209	468287
8210	468288
8211	394490
8212	394491
8213	394492
8214	394493
8215	394494
8216	394495
8217	394496
8218	394497
8219	394498
8220	394499
8221	183475
8222	342315
8223	197501
8224	342316
8225	197503
8226	342317
8227	183481
8228	342318
8229	197472
8230	197473
8231	197474
8232	197475
8233	197476
8234	197477
8235	197480
8236	197479
8237	197480
8238	197481
8239	226350
8240	226351
8241	226352
8242	226353
8243	226354
8244	226355
8245	232060
8246	232061
8247	232062
8248	232063
8249	232064
8250	232065
8251	226332
8252	226333
8253	226334
8254	226335
8255	226336
8256	226337
8257	183098
8258	183099
8259	183100
8260	183101
8261	183102
8262	183103
8263	183841
8264	183842
8265	183843
8266	183844
8267	183845
8268	183846
8269	183369
8270	183370
8271	183371
8272	183372
8273	183373
8274	183374
8275	307693
8276	307694
8277	307695
8278	307696
8279	307697
8280	307698
8281	232072
8282	232073
8283	232074
8284	232075
8285	232076
8286	232077
8287	232078
8288	232079
8289	232080
8290	232081
8291	232082
8292	232083
8293	232084
8294	232085
8295	232086
8296	232087
8297	232088
8298	232089
8299	232090
8300	232091
8303	183056
8304	183057
8305	183058
8306	183059
8307	394471
8308	394472
8309	394473
8310	394474
8311	394475
8312	394476
8313	394477
8314	394478
8315	394479
8316	394480
8317	394481
8318	394482
8319	207455
8320	394483
8321	394484
8322	394485
8323	394486
8324	394487
8325	394488
8326	394489
8327	226338
8328	226339
8329	226340
8330	226341
8331	226342
8332	226343
8333	468118
8334	468119
8335	468120
8336	468121
8337	468122
8338	468046
8339	232018
8340	232019
8341	232020
8342	232021
8343	232022
8344	232023
8345	232024
8346	232025
8347	232026
8348	232027
8349	232028
8350	232029
8351	232030
8352	232031
8353	232032
8354	232033
8355	232034
8356	232035
8357	232036
8358	232037
8359	307895
8360	307896
8361	307897
8362	307898
8363	307899
8364	307900
8365	308662
8366	308663
8367	308664
8368	308665
8369	308666
8370	308667
8371	308668
8372	308669
8373	308670
8374	308671
8375	308672
8376	308673
8377	308674
8378	308675
8379	308676
8380	308677
8381	308678
8382	308679
8383	308680
8384	308681
8385	394460
8386	394461
8387	411979
8388	411980
8389	411981
8390	411982
8391	411983
8392	411984
8393	411985
8394	411986
8395	426126
8396	426127
8397	426128
8398	426129
8399	436764
8400	436765
8401	447461
8402	447462
8403	447463
8404	447464
8405	394596
8406	394597
8407	394598
8408	394599
8409	394600
8410	394601
8411	394602
8412	394603
8413	394604
8414	394605
8415	394606
8416	394607
8417	394608
8418	394609
8419	394610
8420	394611
8421	394612
8422	394613
8423	394614
8424	394615
8425	307853
8426	307854
8427	307855
8428	307856
8429	307857
8430	307858
8431	307859
8432	307860
8433	307861
8434	307862
8435	307863
8436	307864
8437	468340
8438	468294
8439	468341
8440	468342
8441	468343
8442	468042
8443	308513
8444	308514
8445	308515
8446	308516
8447	308517
8448	308518
8449	308519
8450	308520
8451	308521
8452	308522
8453	308523
8454	308524
8455	308525
8456	308526
8457	308527
8458	308528
8459	308529
8460	308530
8461	308531
8462	308532
8463	226165
8464	226166
8465	226167
8466	226168
8467	226169
8468	226170
8469	183893
8470	183894
8471	183895
8472	183896
8473	183897
8474	183898
8475	183899
8476	183900
8477	183901
8478	183902
8479	183903
8480	183904
8481	183905
8482	183906
8483	183907
8484	183908
8485	183909
8486	183910
8487	183911
8488	183912
8489	183847
8490	183848
8491	183849
8492	183850
8493	183851
8494	183852
8495	183853
8496	183854
8497	183855
8498	183856
8499	183857
8500	183858
8501	183859
8502	183860
8503	183861
8504	183862
8505	183863
8506	183864
8507	183865
8508	183866
8509	307723
8511	307725
8512	307726
8513	307727
8514	307728
8515	307729
8516	307730
8517	307731
8518	307732
8519	307733
8520	307734
8521	307735
8522	307736
8523	307737
8524	307738
8525	307739
8526	307740
8527	183555
8528	183556
8529	183557
8530	183558
8531	183559
8532	183560
8533	183561
8534	183562
8535	184014
8536	184015
8537	184016
8538	184017
8539	184018
8540	184019
8541	468021
8542	468022
8543	468023
8544	468024
8545	468025
8546	468026
8547	468027
8548	468028
8549	468029
8550	468030
8551	468031
8552	468032
8553	468033
8554	468034
8555	468035
8556	468036
8557	468037
8558	468038
8559	468039
8560	468040
8571	468315
8572	447386
8573	468317
8574	468318
8575	468319
8576	468320
8577	468321
8578	468322
8579	468323
8580	468324
8581	468325
8582	468326
8583	468327
8584	468328
8585	468329
8586	468330
8587	468331
8588	468332
8589	468333
8590	468334
8591	468092
8592	468093
8593	370824
8594	468095
8595	468096
8596	468097
8597	183383
8598	183384
8599	183385
8600	183386
8601	183387
8602	183388
8603	183389
8604	183390
8605	308702
8606	308703
8607	308704
8608	308705
8609	308706
8610	308707
8611	468295
8612	468296
8613	468297
8614	468298
8615	468299
8616	468300
8617	468301
8618	468302
8619	468303
8620	468304
8621	468305
8622	468306
8623	468307
8624	468308
8625	468309
8626	468310
8627	468311
8628	468312
8629	468313
8630	468314
8631	183541
8632	183542
8633	183543
8634	183544
8635	183545
8636	183546
8637	308373
8638	308374
8639	308375
8640	308376
8641	308377
8642	308378
8643	308379
8644	308380
8645	308381
8646	308382
8647	308383
8648	308384
8649	308385
8650	308386
8651	308387
8652	308388
8653	308389
8654	308390
8655	308391
8656	308392
8657	468289
8658	468290
8659	468291
8660	468292
8661	468293
8662	308608
8663	308609
8664	308610
8665	308611
8666	308612
8667	308613
8668	308614
8669	308615
8670	308616
8671	308617
8672	308618
8673	308619
8674	308620
8675	308621
8676	308622
8677	308623
8678	308624
8679	308625
8680	308626
8681	308627
8682	183088
8683	183061
8684	183089
8685	183090
8686	183091
8687	183521
8688	183522
8689	183523
8690	183524
8691	183525
8692	183526
8693	183527
8694	183528
8695	183947
8696	183948
8697	183949
8698	183950
8699	226136
8700	226137
8701	226138
8702	226139
8703	226140
8704	226141
8705	232000
8706	232001
8707	232002
8708	232003
8709	232004
8710	232005
8711	231968
8712	231969
8713	231970
8714	231971
8715	231972
8716	231973
8717	308117
8718	308118
8719	308119
8720	308120
8721	308121
8722	308122
8723	447385
8724	447386
8725	447387
8726	447388
8727	447389
8728	468318
8729	183110
8730	183111
8731	307847
8732	307848
8733	307849
8734	307850
8735	307851
8736	307852
8737	394438
8738	394439
8739	447465
8740	447466
8741	515113
8742	515114
8743	468162
8744	468163
8745	468164
8746	468165
8747	183563
8748	183564
8749	183565
8750	183566
8751	183567
8752	183568
8753	183569
8754	183570
8755	183375
8756	183376
8757	183377
8758	183378
8759	183379
8760	183380
8761	183381
8762	183382
8763	468123
8764	468124
8765	468125
8766	468126
8767	468127
8768	468128
8769	468129
8770	468130
8771	468131
8772	468132
8773	468133
8774	468134
8775	468135
8776	468136
8777	232092
8778	232093
8779	232094
8780	232095
8781	232096
8782	232097
8783	232098
8784	232099
8785	232100
8786	232101
8787	232102
8788	232103
8789	232104
8790	232105
8791	232106
8792	232107
8793	232108
8794	232109
8795	232110
8796	232111
8797	468344
8798	468345
8799	468346
8800	468347
8801	468348
8802	468349
8803	232006
8804	232007
8805	232008
8806	232009
8807	232010
8808	232011
8809	231974
8810	231975
8811	231976
8812	231977
8813	231978
8814	231979
8815	231980
8816	231981
8817	231982
8818	231983
8819	231984
8820	231985
8821	231986
8822	231987
8823	231988
8824	231989
8825	231990
8826	231991
8827	231992
8828	231993
8829	468047
8830	468048
8831	468049
8832	468050
8833	468051
8834	468052
8835	468053
8836	468054
8837	468055
8838	468056
8839	468057
8840	468058
8841	468059
8842	468060
8843	468061
8844	468062
8845	468063
8846	468064
8847	468065
8848	468066
8849	308573
8850	308578
8851	308579
8852	308580
8853	308581
8854	308582
8855	183995
8856	183964
8857	183996
8858	183997
8859	183998
8860	183999
8861	308133
8862	308134
8863	308135
8864	308136
8865	308137
8866	308138
8867	308139
8868	308140
8869	308141
8870	308142
8871	308143
8872	308144
8873	308145
8874	308146
8875	308147
8876	308148
8877	308149
8878	308150
8879	308151
8880	308152
8881	308153
8882	308154
8883	308155
8884	308156
8885	308157
8886	308158
8887	226183
8888	226184
8889	226185
8890	226186
8891	226187
8892	226188
8893	226189
8894	226190
8895	226191
8896	226192
8897	226193
8898	226194
8899	226195
8900	226196
8901	226197
8902	226198
8903	226199
8904	226200
8905	226201
8906	226202
8907	346232
8908	342310
8909	342311
8910	342312
8911	342313
8912	342314
8913	369214
8914	369215
8915	369216
8916	369217
8917	369218
8918	369219
8919	369220
8920	369221
8921	394532
8922	394533
8923	394534
8924	394535
8925	394536
8926	394537
8927	226318
8928	226319
8929	226320
8930	226321
8931	226322
8932	226323
8933	308714
8934	308715
8935	308716
8936	308717
8937	308718
8938	308719
8939	308720
8940	308721
8941	308722
8942	308723
8943	308724
8944	308725
8945	308726
8946	308727
8947	308728
8948	308729
8949	308730
8950	308731
8951	308732
8952	308733
8953	308393
8954	308394
8955	308395
8956	308396
8957	308397
8958	308398
8959	30930
8960	308400
8961	368249
8962	308401
8963	308402
8964	308403
8965	308404
8966	308405
8967	308406
8968	308407
8969	308408
8970	308409
8971	308410
8972	308411
8973	308482
8974	308483
8975	308484
8976	308485
8977	308486
8978	308487
8979	308488
8980	308489
8981	308490
8982	308491
8983	308492
8984	308493
8998	157890
8999	10022
9000	11817
9001	11982
9002	368141
9003	197992
9006	198097
9007	198098
9009	198100
9010	198101
9011	198102
9012	198103
9013	198212
9014	198104
9015	198105
9016	198106
9017	198107
9018	198108
9020	198110
9021	198111
9022	198152
9023	198206
9024	198211
9026	198214
9027	198215
9028	198216
9029	208455
9030	227521
9031	244484
9033	411885
9034	449850
9035	468889
9037	208456
9038	198220
9039	198221
9040	198222
9041	198223
9042	198224
9043	198225
9044	449851
9045	198227
9046	198229
9047	198228
9048	198230
9049	198232
9050	198233
9051	198234
9052	198235
9053	208457
9054	198238
9055	198239
9056	198241
9057	198240
9058	198242
9059	198243
9060	198244
9061	198245
9062	198246
9063	198247
9064	198248
9065	244485
9074	74635
9077	470126
9078	470127
9079	470128
9080	470129
9082	74638
9083	74639
9111	368250
9114	369496
9118	309522
9120	318784
9122	492487
9124	515337
9126	515595
9134	75420
9136	447958
9139	7372
9141	7374
9143	368302
9145	394671
9148	127864
9150	368269
9153	394363
9157	7424
9159	7426
9181	126985
9184	126929
9192	126991
9223	353671
9250	126911
9255	126920
9259	126962
9271	456892
9275	126982
9299	11769
9300	23756
9415	64492
9416	75366
9606	283853
9620	62670
9622	62671
9623	62672
9624	62673
9625	62674
9626	62675
9627	62676
9628	469181
9629	62677
9631	62679
9633	62681
9635	62683
9636	77562
9637	198552
9640	156272
9641	156261
9642	156273
9644	384260
9645	156275
9646	120849
9647	385718
9648	156264
9649	156265
9650	156270
9651	120873
9652	120875
9653	285135
9654	156257
9655	156262
9656	156263
9657	447688
9658	447689
9659	447690
9660	447691
9669	149329
9671	4976
9678	447258
9686	394221
9687	449865
9688	514961
9689	184497
9691	184499
9693	184501
9696	64070
9697	11141
9699	11049
9700	63901
9701	126237
9705	412031
9708	514487
9711	514490
9715	413391
9717	413393
9719	413395
9721	413397
9723	413399
9725	413401
9729	413405
9731	403018
9733	403005
9735	402989
9737	413268
9739	413337
9741	413339
9743	413341
9745	413343
9747	413345
9751	413349
9753	413351
9755	413353
9757	413423
9759	413425
9761	413375
9763	413377
9765	316692
9767	413381
9769	413383
9771	413385
9773	413387
9775	403013
9777	402930
9779	413355
9783	413359
9785	413361
9787	413363
9789	413365
9791	413367
9793	413369
9797	413282
9799	413284
9801	413286
9803	413288
9805	413290
9807	413292
9811	413263
9813	402937
9815	413266
9817	75361
9819	445785
9820	403077
9822	413271
9825	445787
9826	15557
9827	8418
9828	198413
9829	8319
9830	14886
9831	8311
9832	11927
9833	15485
9834	14459
9836	15403
9837	9517
9838	8327
9839	14909
9840	15374
9841	445788
9842	445789
9843	445790
9844	445791
9845	445792
9846	14182
9847	445786
9848	445793
9849	14503
9850	345835
9851	177475
9852	17859
9853	207397
9854	78880
9855	131810
9856	131813
9857	242472
9858	369418
9859	403274
9860	437273
9861	8345
9862	184641
9865	413273
9867	413275
9869	403001
9871	403003
9873	413301
9876	403046
9881	413324
9883	413326
9885	413328
9887	413330
9889	413332
9891	413334
9894	413407
9896	413409
9897	413410
9900	413413
9902	413415
9904	413417
9906	413419
9908	413421
9911	413297
9913	413299
9916	402992
9918	402994
9920	413305
9922	403044
9924	413308
9926	413310
9929	402932
9931	403048
9933	403050
9935	402961
9937	402998
9939	402975
9941	402999
10008	447374
10009	447280
10011	447376
10013	447378
10015	447380
10017	446676
10018	447297
10020	446679
10022	446682
10024	446685
10026	447331
10028	446688
10030	208617
10032	446694
10034	446697
10036	446700
10038	446703
10040	446706
10042	446709
10044	447417
10045	447271
10047	126463
10084	446664
10086	446667
10088	446670
10090	446673
10092	447361
10093	447362
10095	447364
10097	447366
10098	198944
10101	447370
10103	447372
10105	446587
10107	446590
10109	447421
10110	446593
10112	446596
10114	446599
10116	446602
10118	447438
10119	447270
10121	447273
10123	447279
10125	447282
10127	447284
10129	447286
10131	447288
10133	447293
10135	447295
10155	63921
10156	63922
10157	63923
10158	63924
10159	63925
10160	63168
10161	63912
10162	63913
10163	63914
10164	63915
10165	63916
10166	63917
10167	63918
10168	63919
10169	63920
10170	126540
10173	126853
10175	12170
10177	126857
10179	126859
10181	127115
10183	126863
10185	126865
10187	130259
10189	126869
10191	126871
10193	126873
10195	126875
10197	126877
10199	126879
10201	126881
10203	126883
10205	126885
10207	126887
10209	126889
10211	126891
10215	126899
10218	165743
10219	410209
10223	126908
10227	126914
10230	126917
10235	126926
10243	126938
10246	126941
10249	126944
10252	126947
10255	126950
10258	126953
10261	126956
10264	126959
10268	126965
10271	126968
10274	126971
10285	126994
10288	126997
10290	126999
10292	165828
10293	165872
10294	165873
10295	165874
10296	165875
10297	165876
10298	165877
10299	165878
10300	165879
10302	283979
10303	284202
10304	156243
10306	128990
10308	156245
10310	156247
10312	128975
10314	129037
10316	156250
10318	156252
10320	156218
10322	156222
10324	156224
10326	156226
10328	156228
10330	129012
10332	129045
10334	128994
10336	128969
10338	128966
10340	18107
10342	129055
10344	128979
10346	129022
10348	129050
10350	129024
10352	129043
10355	284203
10356	284204
10357	121518
10358	121519
10359	121520
10360	121521
10361	121522
10362	128515
10363	128516
10364	128517
10365	128518
10366	128519
10367	128521
10371	165616
10372	165617
10373	165618
10374	151888
10375	177710
10376	177711
10377	177712
10378	182745
10379	182746
10380	182747
10381	196955
10382	196956
10383	196957
10384	25631
10385	207393
10386	207394
10387	216723
10388	216724
10389	216725
10390	231862
10396	121523
10397	121524
10398	121525
10399	121526
10400	121527
10401	128510
10402	128511
10403	128512
10404	128513
10405	128514
10413	153062
10414	165614
10415	165615
10416	231863
10417	231864
10418	242074
10419	242075
10420	242073
10421	242917
10422	242918
10423	242919
10424	284199
10425	284200
10426	284201
10427	284205
10428	343214
10429	343215
10430	343216
10431	343217
10432	343218
10433	343219
10434	380230
10435	447110
10436	513979
10437	513980
10438	514003
10439	514004
10440	4174
10441	514005
10442	514006
10443	514007
10444	514008
10445	514009
10446	8615
10450	8616
10452	500956
10453	500957
10454	197242
10455	197243
10456	157300
10457	183727
10458	183721
10459	183721
10460	183727
10461	183759
10462	197266
10463	183721
10464	183721
10465	183721
10466	18721
10467	183721
10468	197255
10469	157300
10470	157300
10471	197256
10472	197257
10473	183729
10474	197259
10475	183727
10476	183727
10477	197260
10478	157300
10479	183727
10480	183721
10481	183721
10482	157300
10483	157300
10484	157300
10485	513510
10486	183721
10487	183721
10488	183721
10489	157300
10490	183727
10491	183721
10492	183721
10493	157300
10494	197287
10495	197288
10496	197289
10497	197246
10498	197247
10499	197248
10500	197264
10501	197265
10502	197273
10503	197274
10504	155029
10505	183727
10506	183729
10507	157300
10508	183721
10509	183721
10510	183721
10511	157300
10512	157300
10513	368107
10514	197252
10515	197253
10517	208747
10518	208747
10519	197278
10520	197279
10521	157301
10522	197262
10523	183761
10524	241704
10525	183721
10526	183721
10527	183721
10528	197290
10529	197291
10530	197267
10531	183721
10532	182876
10533	197269
10534	197270
10535	197271
10536	155075
10537	197276
10538	157850
10539	183721
10540	197280
10541	197249
10542	183720
10543	197283
10544	197279
10545	183717
10546	197279
10547	155278
10548	197284
10549	197285
10550	183720
10551	197272
10552	208752
10553	208752
10554	208752
10555	208752
10556	208752
10557	208752
10558	208752
10559	241699
10560	241700
10561	241701
10562	241702
10563	241703
10566	445829
10567	468610
10568	468609
10569	445835
10570	445831
10572	445836
10573	467472
10574	468608
10576	467146
10578	467160
10580	445827
10581	445834
10582	344950
10583	386703
10585	8588
10587	8590
10588	8591
10589	8592
10590	8617
10593	8618
10596	8619
10599	8620
10602	8621
10605	4732
10606	8585
10607	8593
10608	8596
10609	8599
10610	8602
10611	8605
10612	8608
10613	8609
10614	8610
10615	8611
10616	8612
10617	8613
10618	8614
10620	157301
10622	158774
10623	158775
10624	6311
10625	6573
10626	158001
10627	1898
10628	2577
10630	2579
10631	2580
10632	2581
10633	2582
10635	1421
10637	63973
10639	60505
10640	63975
10641	445157
10642	208783
10643	257759
10645	1426
10646	66727
10647	2554
10648	2556
10649	2558
10650	2560
10651	2562
10652	2564
10653	82637
10654	82638
10655	130626
10656	1427
10657	130627
10658	198207
10659	209325
10660	209326
10661	309800
10662	309801
10663	348947
10664	348948
10665	369824
10666	70862
10667	369825
10668	447114
10669	447115
10670	467790
10671	467791
10672	513523
10673	513524
10676	2568
10677	2570
10678	2572
10679	3179
10680	2576
10681	66721
10682	2534
10683	2536
10684	2538
10685	2540
10686	2542
10687	2544
10693	9398
10698	74700
10699	74701
10700	74702
10701	74703
10702	74704
10703	74705
10704	74706
10705	74707
10706	74708
10707	74759
10708	74760
10709	74761
10710	74762
10711	74763
10712	74764
10713	74765
10714	74766
10715	74767
10716	74689
10717	74690
10718	74691
10719	74692
10720	74693
10721	74694
10722	74695
10723	74696
10724	74697
10725	74698
10726	126454
10727	74719
10728	74720
10729	74721
10730	74722
10731	74723
10732	74724
10733	161953
10735	126278
10737	161954
10738	126281
10740	284370
10742	126455
10743	126284
10745	284372
10747	126456
10748	126287
10750	284374
10752	126457
10755	126458
10757	161955
10758	126338
10760	126336
10761	161956
10762	126337
10763	446539
10765	446542
10767	446545
10769	161957
10770	446548
10772	446551
10774	446554
10776	161958
10777	446557
10779	446560
10781	161961
10782	447311
10784	447313
10786	447315
10788	447317
10790	161962
10791	447319
10793	447321
10795	447323
10796	161963
10798	447325
10800	161964
10807	126339
10816	126340
10824	126341
10825	75723
10834	446640
10836	446643
10838	446646
10840	446649
10842	447304
10843	446652
10845	446655
10847	446658
10849	446661
10851	447310
10852	446563
10854	446566
10856	446569
10858	446572
10860	446575
10862	446578
10864	447354
10865	446581
10867	446584
10895	446533
10897	446536
10940	385642
10944	385644
10951	385646
10954	4685
10956	5365
10957	5366
10958	5368
10959	5369
10960	74459
10961	74460
10962	74461
10966	14291
10967	74462
10972	23672
10973	74463
10982	26068
10983	26069
10984	348713
10985	66405
10986	132590
10987	158234
10996	384378
11000	384950
11004	177908
11005	177909
11049	446403
11067	446405
11081	446406
11083	121486
11086	121488
11088	121490
11090	121492
11092	121494
11093	446407
11095	121496
11097	121498
11100	446408
11114	446409
11176	87722
11183	126464
11184	154800
11191	7383
11199	70768
11201	74725
11202	70769
11203	70770
11204	23943
11205	23946
11206	157952
11207	347407
11208	126161
11209	346465
11211	348499
11212	127976
11213	346467
11228	17714
11229	17715
11230	182945
11231	17716
11232	7191
11233	17927
11234	11718
11236	227151
11237	182947
11238	17930
11239	4647
11240	126807
11243	165832
11244	227195
11246	8485
11247	411596
11249	8842
11251	242838
11252	411597
11254	411598
11255	242840
11257	242842
11260	227691
11262	227692
11265	10386
11266	3669
11267	3671
11269	3673
11270	3677
11271	3683
11272	3977
11274	227686
11276	227687
11278	227688
11280	79225
11284	5169
11285	5170
11286	5171
11287	5172
11288	227682
11289	227683
11290	227684
11292	19178
11293	10373
11294	11409
11295	10375
11298	10377
11308	446207
11310	446208
11311	10379
11312	446209
11313	10381
11314	446210
11315	10383
11316	446211
11317	161965
11321	161966
11326	126459
11327	10384
11328	227678
11329	126342
11330	227679
11331	227680
11332	227681
11333	126343
11334	126344
11335	10418
11336	10420
11337	161959
11338	19909
11339	19909
11341	126345
11342	89054
11343	89054
11344	232164
11345	232164
11346	232166
11347	232166
11348	126346
11349	232168
11350	232168
11351	232170
11352	232170
11353	367678
11355	367680
11357	367682
11359	153030
11360	367684
11362	367686
11408	9159
11410	74939
11411	74940
11412	9161
11413	74941
11414	3478
11415	9185
11416	74942
11417	384954
11418	74943
11419	3243
11420	74944
11421	74945
11422	9192
11423	74946
11424	74947
11425	74948
11426	74949
11427	74950
11428	9210
11429	74951
11430	74952
11431	74953
11432	74954
11433	447812
11434	11275
11441	426074
11442	72954
11444	426096
11445	426076
11446	128502
11448	120991
11449	412763
11450	412772
11451	412773
11452	412774
11453	412775
11454	121362
11455	121363
11456	121364
11457	121365
11459	121366
11462	6895
11463	6896
11464	6897
11466	6898
11467	6899
11469	6900
11471	9154
11473	9156
11475	9158
11476	3210
11477	3211
11489	177818
11492	9160
11495	9162
11498	9195
11500	9168
11502	9171
11504	9176
11507	70391
11510	156705
11511	403137
11514	347633
11516	155941
11518	6363
11520	445522
11522	130384
11523	161960
11524	342323
11525	447541
11526	515708
11531	368065
11533	5925
11534	5926
11535	25124
11536	21987
11537	5929
11538	447128
11539	447140
11540	447142
11541	447143
11542	447144
11543	447145
11544	447146
11545	5930
11546	447147
11547	5931
11548	5932
11549	447148
11550	493356
11552	467856
11553	447149
11555	27250
11556	493431
11558	7126
11559	493387
11562	7127
11563	126808
11564	7667
11565	225472
11567	208584
11568	196958
11569	32085
11571	74054
11572	75110
11573	232381
11578	153015
11580	153028
11582	153021
11585	153023
11587	153025
11589	153027
11590	153013
11593	153017
11595	130477
11596	309029
11597	4748
11598	309030
11599	309018
11600	309019
11601	309020
11602	309021
11603	309022
11604	344942
11605	344943
11606	344944
11607	344945
11608	17931
11609	344946
11610	344947
11611	182947
11612	17933
11630	198926
11631	11797
11632	75262
11633	75261
11634	6879
11635	6878
11636	74671
11638	158339
11643	11805
11644	348111
11646	11801
11647	348113
11648	348132
11650	25723
11654	161922
11657	87655
11661	241714
11663	368194
11664	467813
11666	493197
11669	127151
11671	127152
11672	437002
11673	177739
11674	225536
11675	90139
11680	343213
11681	156498
11683	4747
11684	75212
11685	127149
11686	127150
11687	446118
11688	182711
11689	369832
11690	227348
11691	445820
11692	343399
11693	445817
11694	426595
11695	445814
11697	448252
11698	448253
11700	448254
11701	402691
11702	448255
11703	448256
11704	448257
11705	147849
11706	284089
11707	11788
11708	11121
11709	11122
11710	11123
11711	11124
11712	4782
11713	10004
11714	11101
11715	11103
11716	11104
11717	11106
11719	11108
11721	11109
11724	11112
11730	87523
11743	445739
11745	445741
11746	445742
11747	3212
11748	3213
11749	3214
11750	3215
11751	3216
11752	75472
11753	75473
11754	75474
11755	78047
11756	75476
11757	82225
11758	78049
11759	78050
11772	87704
11774	87705
11775	87706
11776	87707
11777	87708
11778	87709
11780	87710
11781	87711
11785	87680
11790	9179
11791	87640
11795	87529
11799	87647
11806	87651
11820	198140
11821	198427
11822	6068
11823	9976
11824	10009
11825	5096
11841	3502
11844	3503
11845	3504
11848	3951
11849	3500
11851	3952
11852	3532
11853	3953
11854	3525
11856	64519
11857	64455
11858	19866
11859	64424
11860	64571
11861	64401
11862	64426
11863	64462
11864	157167
11865	157168
11867	157169
11869	26150
11870	126466
11872	126467
11874	243817
11875	127134
11877	158109
11878	197222
11879	197223
11880	197224
11881	257890
11882	18832
11883	18839
11884	18840
11885	14681
11886	14682
11887	14683
11888	14682
11889	14685
11890	14686
11891	18502
11893	18505
11896	87517
11900	87662
11915	402754
11917	403127
11918	468617
11920	403128
11921	403129
11922	403130
11933	470101
11934	470102
11935	470103
11936	470104
11938	470105
11939	470106
11943	156566
11944	74784
11945	74785
11946	74786
11947	74787
11948	559008
11949	156567
11950	386981
11951	5693
11952	367414
11954	87526
11957	87682
11959	87532
11961	87683
11963	87628
11966	87633
11969	87637
11972	87666
11976	87670
11980	87674
11988	62761
11989	185015
11990	216607
12002	18236
12022	226049
12025	120992
12027	120993
12029	120994
12031	120995
12033	120996
12035	120997
12037	120998
12039	120999
12041	121000
12043	121001
12045	121002
12047	121003
12050	121004
12052	121005
12054	121006
12056	121007
12058	121008
12060	121009
12062	121010
12064	121011
12066	121012
12068	121013
12133	126795
12135	126797
12137	126799
12139	126801
12141	126803
12146	227607
12149	126705
12153	207584
12158	207588
12160	207590
12162	207452
12166	207458
12168	207460
12170	207462
12172	207464
12174	178198
12176	207468
12178	207470
12180	207543
12183	207546
12185	413073
12190	207552
12194	207556
12196	126735
12199	126738
12201	126741
12203	126744
12205	126751
12207	126753
12209	126755
12211	243415
12216	243031
12219	243034
12221	243035
12223	243036
12225	243037
12227	243038
12229	243039
12231	242967
12235	242968
12237	242970
12239	242972
12241	242974
12248	243145
12251	243102
12253	243104
12255	243106
12257	243108
12259	243110
12262	243113
12264	243115
12266	243117
12268	126688
12272	126693
12276	126697
12281	207558
12283	207560
12285	207562
12287	207564
12289	207566
12291	14397
12293	207569
12295	207571
12297	207573
12299	207575
12301	243420
12303	243422
12307	243425
12310	243428
12313	243431
12316	243178
12318	126709
12321	126711
12323	126713
12327	126717
12329	126719
12331	126721
12333	126723
12335	126725
12338	126729
12341	126732
12349	126633
12352	126636
12354	126638
12356	126640
12358	126642
12362	126646
12364	126648
12366	126650
12368	126657
12371	126659
12374	126662
12376	126664
12378	126666
12380	126668
12382	126779
12384	126784
12386	126670
12388	207487
12391	207490
12393	207492
12395	207494
12397	207496
12399	207498
12401	207500
12409	126747
12417	126774
12419	126776
12422	197831
12425	126786
12428	126789
12430	126652
12432	126655
12434	207522
12437	207524
12439	207526
12441	207528
12443	207530
12445	207532
12447	207534
12449	207536
12451	207538
12453	207472
12456	207475
12459	207478
12463	207482
12466	207485
12469	126617
12473	126622
12476	126625
12478	126627
12480	126629
12482	126631
12484	126758
12486	126760
12488	126762
12490	126764
12494	11952
12497	126771
12500	207505
12502	207508
12506	207513
12510	207517
12513	207520
12515	243299
12519	77763
12521	243304
12523	77856
12524	243306
12526	77857
12530	243312
12533	243180
12536	243183
12538	243185
12540	243187
12542	243189
12544	243191
12546	243193
12550	126675
12553	126678
12554	126680
12558	126684
12560	126686
12562	243129
12565	243131
12568	243133
12570	165690
12571	243135
12572	177910
12577	243139
12579	243141
12590	3499
12592	3528
12593	3531
12594	3944
12595	126362
12596	3961
12597	3962
12598	4359
12600	4360
12601	4361
12602	3524
12603	4362
12604	4363
12605	126468
12606	126469
12607	126470
12608	126363
12609	126350
12611	126364
12612	126365
12613	126353
12615	126355
12616	243143
12619	126809
12620	225479
12622	126810
12623	126811
12625	126812
12626	7137
12627	225470
12628	208593
12629	196959
12630	8836
12631	385204
12632	385205
12633	385206
12634	467302
12635	467405
12636	29921
12637	70387
12638	467196
12639	77494
12640	77495
12641	126813
12642	19412
12643	8894
12644	74456
12645	77496
12646	126814
12647	126357
12648	23284
12649	8790
12650	126356
12651	77858
12652	77859
12653	3107
12655	128399
12657	3098
12659	63032
12661	63035
12663	128401
12665	70854
12667	120926
12669	128403
12671	128405
12673	128407
12675	127515
12677	128347
12679	165899
12681	386000
12683	128351
12685	128353
12687	128355
12689	165901
12691	178299
12693	411999
12695	426379
12697	436563
12699	447112
12701	469396
12703	469398
12705	501747
12707	514153
12715	3109
12717	3111
12719	3163
12721	3165
12723	3167
12725	3169
12727	3171
12737	157152
12741	559278
12743	559226
12744	559279
12746	559228
12747	6343
12748	534244
12749	559229
12750	559230
12751	559231
12752	559280
12754	559233
12755	126366
12756	126367
12757	126359
12758	75483
12759	75484
12760	126368
13022	82226
13023	79629
13024	78044
13025	82227
13026	75487
13027	75485
13028	75467
13029	75468
13030	75470
13031	75477
13032	75478
13033	75479
13034	75480
13035	10039
13036	75482
13037	198514
13039	242646
13040	4778
13041	216646
13042	216647
13044	198518
13045	198519
13046	242059
13047	242060
13048	242061
13049	198506
13050	198507
13051	216648
13052	226588
13053	226589
13054	216649
13055	198508
13056	198509
13057	198510
13058	198511
13059	198512
13060	348545
13061	75486
13062	75489
13063	75490
13064	75491
13065	82154
13066	75493
13067	75494
13068	75495
13069	119564
13070	75497
13071	75498
13072	412055
13074	228018
13075	228019
13076	228020
13077	283732
13080	437199
13081	75459
13082	75460
13083	75461
13084	75462
13085	75463
13086	75464
13087	75465
13088	75466
13089	75469
13090	10083
13091	226590
13092	228021
13093	437102
13094	470476
13095	470474
13100	198515
13102	386247
13105	208973
13106	208974
13109	369816
13111	198516
13112	198517
13115	470475
13118	257645
13119	470472
13120	348486
13121	348487
13122	348488
13123	242062
13126	386246
13127	257644
13128	412057
13129	412058
13130	283733
13131	369819
13132	412056
13134	216652
13136	470473
13137	470426
13138	412054
13140	183615
13142	183616
13144	183617
13146	402731
13147	402732
13149	402733
13150	130484
13151	130486
13153	165695
13154	348266
13155	341343
13157	514945
13158	514946
13159	514947
13160	310018
13161	310019
13162	310020
13167	183600
13168	183601
13169	183602
13170	226989
13172	226991
13174	226993
13175	402734
13176	402735
13177	402736
13178	402728
13179	402729
13180	402730
13181	436946
13182	436947
13183	436948
13184	468541
13185	468542
13186	468543
13187	468544
13188	468545
13189	468546
13190	514954
13191	514955
13192	514956
13193	154478
13194	154479
13195	154481
13196	232513
13198	232514
13199	232515
13200	8110
13201	309990
13202	14137
13203	309991
13204	232555
13205	309992
13206	307609
13207	244078
13208	19685
13209	244079
13210	380029
13211	244080
13212	244084
13213	244085
13214	244086
13215	244087
13216	244088
13217	244089
13218	309802
13219	309803
13220	309804
13221	165683
13222	165685
13223	165687
13224	348249
13225	416686
13226	348251
13227	416687
13228	348253
13229	416688
13230	468547
13231	468548
13232	468549
13233	468550
13234	468551
13235	468552
13236	501907
13237	501908
13238	501909
13248	348300
13249	348301
13250	348302
13251	244081
13252	244082
13254	244083
13255	348255
13256	348256
13257	348257
13258	348258
13259	348259
13260	348260
13261	130556
13262	468556
13263	130558
13264	468557
13265	227475
13266	468558
13267	514932
13268	130571
13269	514933
13270	514934
13271	309996
13272	309997
13273	309998
13274	468563
13275	468564
13276	468565
13280	447177
13281	447178
13282	447179
13283	165647
13284	384341
13285	130521
13286	384342
13287	165650
13288	384343
13289	165676
13290	384347
13291	165678
13292	384348
13293	165680
13294	384349
13295	402741
13296	402742
13297	402743
13304	19685
13305	226981
13306	380029
13307	226982
13308	157522
13309	226983
13313	226482
13314	226483
13315	226484
13316	227001
13317	227002
13318	227003
13319	348267
13320	348268
13321	348269
13322	348270
13323	348271
13324	348272
13325	348273
13326	233830
13327	233831
13335	130487
13486	152890
13487	207592
13488	216632
13490	367478
13491	367512
13496	513242
13524	10481
13606	4888
13851	32696
13863	77497
13864	184102
13865	184103
13866	25364
13867	8822
13868	425924
13869	447093
13870	425876
13871	425878
13872	8848
13873	25772
13874	126815
13875	7161
13876	25685
13877	75112
13878	126816
13879	368573
13880	425617
13881	425615
13882	341587
13883	369206
13884	232382
13885	177684
13886	411599
13887	385207
13888	368591
13889	284139
13890	242845
13891	66190
13892	64162
13893	341588
13894	242846
13895	7167
13896	77498
13897	369207
13898	82377
13899	196960
13900	126817
13901	8368
13902	7172
13903	411600
13904	385208
13905	27681
13906	284140
13907	242847
13908	8816
13909	341589
13910	242848
13911	369208
13912	232383
13913	8828
13914	8832
13915	8834
13916	242849
13917	177685
13918	7969
13919	446988
13920	467204
13921	8844
13922	8846
13923	446817
13924	23390
13925	501898
13926	467170
13927	446336
13928	515185
13929	467395
13931	501899
13933	515186
13934	7183
13936	501900
13937	126818
13939	82378
13940	31777
13941	515187
13942	23799
13944	126819
13945	8876
13946	126820
13948	8884
13949	7314
13950	126821
13951	82379
13952	126822
13953	126823
13954	411601
13955	385209
13956	8796
13957	23069
13958	8830
13959	8854
13960	8868
13961	7327
13962	341590
13963	165833
13964	165834
13965	165835
13966	165836
13967	341591
13968	8798
13969	8800
13970	177686
13971	126824
13972	7332
13973	341592
13974	7914
13975	165837
13976	8840
13977	66198
13978	28778
13979	8878
13980	31489
13981	7340
13982	436729
13983	436654
13984	436656
13985	64164
13986	7342
13987	77499
13988	29041
13990	12591
13992	126825
13994	184104
13996	208643
13998	227122
14000	227162
14002	493395
14003	411602
14007	82380
14008	208644
14009	7347
14010	284141
14011	447062
14013	64166
14015	64167
14016	21381
14017	493416
14018	82381
14021	82980
14022	126826
14024	126827
14025	126828
14027	165838
14029	177687
14031	196961
14032	208645
14033	225441
14034	227119
14035	284142
14036	21253
14038	368668
14039	467422
14040	467050
14042	126829
14043	126830
14044	31510
14045	7351
14046	385210
14048	411603
14049	425916
14050	82382
14051	31359
14052	75113
14053	126831
14054	184105
14055	227159
14056	227168
14058	341608
14060	385212
14061	411604
14062	425956
14064	126832
14065	126833
14066	7353
14067	177688
14068	196962
14069	207262
14071	284143
14073	7354
14074	242850
14075	341612
14077	467040
14078	7355
14079	467407
14080	515188
14082	533967
14083	74212
14086	126835
14087	126836
14088	126837
14089	126838
14090	177689
14091	208646
14092	225431
14093	232384
14095	242851
14096	284144
14097	284145
14098	28202
14100	446296
14101	501901
14102	515189
14104	7357
14106	341617
14107	23480
14108	30719
14109	345926
14110	345927
14111	3217
14112	3218
14113	126839
14114	165839
14115	165840
14117	225495
14118	284146
14119	341619
14120	308494
14121	232385
14122	341620
14123	308495
14124	31719
14125	7361
14126	165841
14127	196963
14128	196964
14130	232386
14131	284147
14132	341622
14134	7362
14135	77500
14136	7363
14137	126840
14138	184106
14140	70390
14142	368504
14143	436592
14145	7365
14146	132586
14147	7367
14148	320524
14150	227257
14152	284149
14154	368650
14156	493390
14160	126842
14162	120808
14164	126843
14166	126844
14168	165842
14170	196965
14173	208648
14190	227058
14192	227060
14194	227062
14196	227064
14198	227066
14222	227034
14224	227036
14226	227038
14228	227040
14230	227042
14240	308496
14241	342307
14242	342308
14243	226207
14244	226208
14245	226209
14246	226210
14247	226211
14248	226212
14249	226213
14250	226214
14251	226215
14252	226216
14253	226217
14254	226218
14255	226219
14256	226220
14257	226221
14258	226222
14259	226223
14260	226224
14261	226225
14262	226226
14263	231956
14264	231957
14265	231958
14266	231959
14267	231960
14268	231961
14269	308199
14270	308200
14271	308201
14272	308202
14273	308203
14274	308204
14275	468375
14276	468376
14277	468377
14278	468378
14279	468379
14280	308205
14281	308206
14282	308207
14283	308208
14284	24770
14285	308210
14286	308211
14287	308212
14288	308213
14289	308214
14290	308215
14291	308216
14292	308217
14293	308218
14294	308219
14295	308220
14296	308221
14297	308222
14298	308223
14299	308224
14300	226326
14301	226327
14302	226328
14303	226329
14304	226330
14305	226331
14306	183793
14307	183794
14308	183795
14309	183796
14310	183797
14311	183798
14312	308682
14313	308683
14314	308684
14315	308685
14316	308686
14317	308687
14318	308688
14319	308689
14320	308690
14321	308691
14322	308692
14323	308693
14324	308694
14325	308695
14326	308696
14327	308697
14328	308698
14329	308699
14330	308700
14331	308701
14332	183060
14333	226233
14334	226235
14335	226236
14336	226237
14337	226238
14338	232038
14339	232039
14340	226239
14341	226240
14342	226241
14343	226242
14344	226243
14345	226244
14346	183082
14347	183083
14348	183084
14349	183085
14350	183086
14351	183087
14352	183048
14353	183049
14354	183050
14355	183051
14356	183052
14357	183053
14358	183054
14359	412287
14360	412286
14361	412753
14362	445743
14364	445745
14378	445724
14380	445726
14382	445728
14385	445731
14387	445733
14388	445734
14389	445735
14390	445737
14391	437003
14392	165672
14393	437004
14394	368760
14395	470013
14396	368794
14397	470014
14398	348270
14399	470015
14400	346593
14401	346594
14402	346595
14403	346590
14404	346591
14405	346592
14406	437014
14407	437015
14408	437016
14409	208520
14410	449921
14411	208522
14412	449922
14413	208524
14414	449923
14415	501910
14416	501911
14417	501912
14418	130579
14419	207254
14420	207255
14421	310012
14422	310013
14423	310014
14424	449924
14425	449925
14426	449926
14427	449915
14428	449916
14429	449917
14436	130542
14438	130543
14439	130544
14440	183576
14441	183577
14442	183578
14443	307609
14444	244424
14445	380029
14446	244425
14447	386769
14448	244426
14449	449918
14450	449919
14451	449920
14452	130554
14453	198250
14454	198251
14455	198252
14456	226477
14457	307609
14458	226479
14459	158568
14460	226481
14461	177929
14462	177931
14463	177932
14464	512966
14465	412001
14466	412002
14467	417077
14468	412004
14469	417078
14470	22188
14471	368787
14472	244411
14473	368788
14474	244413
14475	368789
14476	426113
14477	426114
14478	426115
14479	426116
14480	426117
14481	426118
14482	436999
14483	437000
14484	437001
14488	130482
14489	165671
14490	165673
14491	165674
14492	165675
14493	501281
14494	501282
14495	501283
14496	513464
14497	513465
14498	513466
14499	368781
14500	368782
14501	368783
14502	426104
14503	426105
14504	426106
14505	198265
14507	198267
14508	198268
14509	346581
14510	346582
14511	346583
14512	426107
14513	426108
14514	426109
14515	426110
14516	426111
14517	426112
14518	130528
14519	130530
14521	130532
14523	198253
14524	183585
14525	183586
14526	309984
14527	309985
14528	309986
14529	309987
14530	309988
14531	309989
14532	501287
14533	501288
14534	501289
14535	513494
14536	513495
14537	513496
14538	130507
14539	130509
14540	130511
14541	232552
14542	232553
14543	310015
14544	310016
14545	310017
14546	232538
14547	232539
14548	232540
14549	244427
14550	244428
14551	244429
14552	310024
14553	310025
14554	310026
14555	227480
14556	227481
14557	227482
14558	232545
14559	232546
14560	232547
14561	513476
14562	513477
14564	513478
14565	513500
14566	513501
14567	513502
14571	426101
14572	426102
14573	426103
14574	394337
14575	394338
14576	394339
14577	394340
14578	394341
14579	394342
14580	368790
14581	368791
14582	368792
14583	165644
14584	165645
14585	165646
14586	130512
14587	130513
14588	130514
14589	226485
14590	226486
14591	226487
14592	232542
14593	232543
14594	232544
14595	244415
14596	244416
14597	244417
14598	177905
14599	177906
14600	177907
14602	177924
14604	177926
14606	177928
14607	346632
14608	346633
14609	346634
14610	198257
14611	198258
14612	208538
14613	368762
14614	368763
14615	368764
14616	154475
14617	154476
14618	154477
14620	177900
14622	177902
14623	177904
14624	309993
14625	309994
14626	309995
14627	346623
14628	346624
14629	346625
14630	130576
14631	130577
14632	130578
14633	208529
14634	208530
14635	208531
14636	437011
14637	437012
14638	154483
14639	437013
14640	232502
14641	232503
14642	232506
14643	501284
14644	501285
14645	501286
14647	493081
14649	493082
14651	493084
14652	368780
14653	130565
14654	130566
14655	394326
14656	394327
14657	198254
14658	198255
14659	198256
14660	208535
14661	208536
14662	208537
14663	394314
14664	394315
14665	394316
14666	493077
14667	493078
14668	493079
14669	348272
14670	493080
14671	130555
14672	130557
14673	130559
14674	208532
14675	208533
14676	208534
14677	198276
14678	198277
14679	198278
14680	130551
14681	130552
14682	130553
14684	130516
14685	130518
14687	130520
14688	513485
14689	513486
14690	513487
14694	244418
14696	244419
14698	244420
14702	208521
14703	208523
14704	208525
14708	394343
14709	394344
14710	394345
14711	394323
14712	394324
14713	394325
14714	394346
14715	394347
14716	394348
14717	412020
14718	412021
14719	412022
14720	346611
14721	346612
14722	346613
14723	394320
14724	394321
14725	394322
14726	449900
14728	449901
14729	449902
14731	165663
14733	165665
14735	165667
14736	177920
14737	177921
14738	177922
14742	307609
14743	130537
14744	19685
14745	130539
14746	380029
14747	130541
14748	394334
14749	394335
14750	394336
14757	207256
14758	207257
14759	469985
14760	469986
14761	469987
14762	368774
14763	368775
14766	161900
14768	161902
14770	161904
14772	161906
14774	161908
14776	161910
14778	161912
14780	161868
14782	161918
14784	161914
14786	161916
14788	161924
14790	161926
14792	161882
14794	161884
14796	23796
14798	161887
14800	20057
14802	161890
14804	161892
14806	161894
14808	161896
14810	161876
14812	161878
14814	161880
14817	87520
14822	87538
14824	161928
14825	161929
14827	161931
14828	161870
14829	161872
14830	161873
14831	161874
14832	161875
14833	121014
14834	121016
14835	121018
14836	121020
14837	121022
14838	121024
14839	121026
14840	121028
14841	121030
14842	87560
14844	87562
14846	87564
14848	87566
14850	87568
14852	87570
14854	87573
14856	87575
14858	87577
14860	87579
14862	87581
14864	87583
14866	87585
14868	87587
14870	87589
14872	87592
14874	87594
14876	87541
14878	87544
14880	87546
14882	87548
14884	87550
14886	87552
14888	87554
14890	87556
14892	87558
14894	161898
14896	121032
14897	121034
14898	121036
14899	121038
14900	347434
14901	347635
14903	347699
14905	347982
14907	347988
14909	347990
14911	347992
14913	347994
14915	347996
14917	348134
14919	348136
14921	348138
14923	348140
14925	348142
14927	348144
14929	348146
14931	348148
14933	348150
14938	347999
14940	348001
14942	348003
14944	348005
14946	348007
14948	348024
14950	348026
14952	348028
14954	348033
14956	348114
14958	348116
14960	348118
14962	348120
14964	348122
14966	348124
14968	348126
14970	348128
14972	348130
14982	402797
14983	402798
14984	402799
14985	402800
14986	402792
14987	402793
14989	402795
15076	1643
15077	10394
15082	121367
15083	121368
15084	121369
15085	121370
15086	121371
15087	121372
15088	121373
15089	121374
15090	121375
15091	121376
15092	121377
15093	121378
15094	121379
15095	121380
15096	121381
15097	121382
15098	121349
15099	121383
15100	121384
15101	121385
15102	121386
15103	121387
15104	121388
15105	121389
15106	121390
15107	121391
15108	121392
15109	121393
15110	121394
15111	121395
15112	121396
15113	121397
15114	121398
15115	121399
15116	121400
15117	121401
15118	121402
15119	121403
15120	121404
15121	121405
15122	121406
15123	121407
15124	121408
15125	121409
15126	121410
15127	121411
15128	121412
15129	121413
15130	121414
15131	121415
15132	121416
15133	121417
15134	121418
15135	121419
15136	121420
15137	121421
15138	121422
15139	121423
15140	121424
15141	121316
15142	121317
15143	121318
15144	121319
15145	121320
15146	121321
15147	121322
15148	121323
15149	121328
15150	121329
15151	121330
15152	121331
15153	121332
15154	121333
15155	121334
15156	121335
15157	121336
15158	121337
15159	16883
15160	121338
15161	121339
15162	121340
15163	130252
15164	121342
15165	121343
15166	121344
15167	121345
15168	121346
15169	121347
15170	121348
15171	121350
15172	121351
15173	121352
15174	121353
15175	121354
15176	121355
15177	121356
15178	121357
15179	121358
15180	121359
15181	121360
15182	121361
15183	74669
15184	74678
15185	74660
15186	127147
15187	127148
15188	74672
15189	74673
15190	74674
15191	74675
15192	74676
15193	74677
15194	74664
15195	74665
15196	74666
15197	74667
15198	74668
15199	74661
15200	74662
15201	153031
15202	153018
15203	153019
15204	153020
15205	412764
15206	412765
15207	412766
15208	412767
15209	412768
15210	412769
15211	412770
15212	412771
15213	450658
15215	83290
15221	28319
15223	5933
15224	23317
15225	5935
15226	5936
15227	64486
15229	5939
15230	5940
15232	5942
15234	5945
15235	182830
15254	411733
15255	412060
15322	346049
15325	78787
15329	31848
15367	384320
15368	413637
15369	449799
15370	4604
15371	5093
15372	64856
15373	5091
15374	75624
15375	78798
15376	82900
15377	82901
15378	78799
15379	78800
15380	128560
15382	128563
15383	128556
15384	130837
15385	130838
15386	242642
15387	242575
15388	257646
15389	257647
15390	347018
15391	347019
15392	384318
15393	384319
15394	5161
15396	6810
15397	158775
15398	3489
15399	82902
15400	184162
15401	82536
15402	5173
15403	449849
15404	449797
15405	515596
15406	515597
15407	309508
15408	309509
15409	309510
15410	466160
15411	369835
15412	198153
15414	208785
15415	225490
15416	227011
15417	216622
15419	233998
15420	243275
15421	243297
15423	243295
15425	243277
15427	285004
15428	285006
15430	320511
15431	346157
15432	346159
15434	346161
15435	368670
15436	368672
15437	384336
15441	384340
15442	403125
15443	403126
15444	425946
15445	436623
15446	446212
15447	447049
15448	467571
15449	467573
15450	492870
15451	501749
15452	514498
15453	514499
15608	156339
15611	6521
15614	6525
15616	6527
15618	6529
15620	157910
15622	6533
15624	6535
15626	6537
15628	559234
15629	559201
15630	559202
15631	559281
15632	559204
15633	559205
15634	559282
15635	77923
15636	559208
15637	559209
15638	559210
15639	559363
15640	559284
15641	9214
15642	559213
15644	63883
15834	62687
15836	62692
15837	62693
15838	3546
15839	62690
15840	62691
15841	62694
15842	559215
15843	559216
15844	559277
15845	10093
15846	559218
15847	559219
15848	559220
15849	559221
15851	559223
15852	559224
15897	62695
15898	62696
15899	62697
15900	62698
15901	62684
15902	62685
15903	62686
15904	62688
15905	62689
15906	244522
15939	6901
15940	6902
15941	6903
15942	6904
15943	6905
15944	6906
15945	6907
15946	6908
15947	6909
15948	6916
15949	6922
15950	6927
15951	6933
15952	6934
15953	75273
15954	75272
15955	75274
15956	75283
15957	75368
15958	75267
15959	75268
15960	6942
15961	75263
15962	4645
15963	75264
15964	75275
15965	75276
15966	75265
15967	75266
15968	341787
15969	75278
15970	75279
15971	6870
15972	6871
15973	75369
15974	75364
15975	6874
15976	75363
15977	6876
15978	6877
15979	6883
15980	6884
15981	6885
15982	6887
15983	6889
15984	6890
15985	6891
15986	6892
15987	6893
15988	9184
15989	9186
15991	9189
15993	9191
15994	9193
15996	9165
15998	9197
16000	9199
16002	9201
16004	9203
16006	9207
16008	9209
16009	9211
16011	9213
16012	9215
16014	9217
16016	119565
16018	10040
16020	10042
16022	10044
16024	10046
16025	10047
16026	10048
16028	10050
16030	10052
16032	10054
16034	10056
16036	119567
16038	10060
16040	10062
16042	10064
16044	10066
16046	10068
16048	10070
16050	10072
16052	10074
16054	10076
16056	10078
16058	10080
16060	119569
16062	10084
16064	10086
16066	10088
16068	10090
16070	10092
16071	10094
16072	10095
16073	10096
16074	4017
16075	10098
16077	10100
16079	10103
16081	10105
16082	17935
16083	183727
16084	348096
16085	347697
16086	348037
16087	347930
16088	348030
16089	183727
16090	348099
16091	347708
16092	183727
16093	348102
16094	348103
16096	411754
16097	411752
16098	411765
16099	411754
16100	182835
16101	470034
16102	470035
16103	216719
16104	470037
16105	470038
16106	182835
16107	17937
16108	7209
16109	198446
16110	17940
16111	17941
16112	182843
16113	17943
16114	17944
16115	182843
16116	17945
16117	17946
16118	182845
16119	15252
16120	15253
16121	198481
16122	15260
16123	15261
16124	368107
16125	17948
16126	15933
16127	436689
16128	17950
16129	17951
16130	79414
16131	17953
16132	15579
16133	198491
16134	17955
16135	17956
16136	157714
16137	17958
16138	17959
16139	198493
16140	17962
16141	17963
16142	182848
16143	65987
16144	17966
16145	182848
16146	17968
16147	17969
16148	182848
16149	65988
16150	182848
16151	182848
16152	65989
16153	182848
16154	182889
16155	65990
16156	182889
16157	182820
16158	130732
16159	17429
16160	182820
16161	17430
16162	17431
16163	182821
16164	17428
16165	17648
16166	182821
16167	17650
16168	17710
16169	394379
16170	394380
16171	394381
16172	394379
16173	394383
16174	182835
16175	12301
16176	198496
16177	12304
16178	12305
16179	182835
16180	71938
16181	198497
16182	12359
16183	12360
16184	182835
16185	71940
16186	198498
16187	182835
16188	182909
16189	182835
16190	182911
16191	182835
16192	216718
16193	216719
16194	182835
16195	216721
16196	216719
16197	182856
16198	18060
16199	18062
16200	182856
16201	18065
16202	18078
16204	166132
16205	182859
16206	166133
16208	178288
16209	178289
16210	178289
16212	182863
16213	182864
16214	182864
16216	198453
16217	198454
16218	198454
16220	198454
16222	198454
16224	198454
16226	198454
16228	198454
16229	182912
16230	17425
16231	12996
16232	182912
16233	13960
16234	13972
16235	411752
16236	411753
16237	411754
16238	411752
16239	411756
16240	411757
16241	411752
16242	411759
16243	369233
16244	411752
16245	411762
16246	369237
16247	182835
16248	348081
16249	348082
16250	182899
16251	12456
16252	12457
16253	182899
16254	12713
16255	12715
16256	182901
16257	12719
16258	12720
16259	182901
16260	12724
16261	12730
16262	182903
16263	182903
16264	182940
16265	16511
16266	16512
16267	182940
16268	16513
16269	16886
16270	182941
16271	16891
16272	16892
16273	182941
16274	16899
16275	17182
16276	513510
16277	394368
16278	208555
16279	394372
16280	208557
16281	208558
16282	75331
16283	74778
16284	513510
16285	513511
16286	513512
16287	513513
16288	513514
16294	183727
16295	13975
16296	13976
16297	198462
16298	13979
16299	13981
16300	183727
16301	13983
16302	13984
16303	198463
16304	13988
16305	13993
16306	183727
16307	14344
16308	14605
16309	198464
16310	14613
16311	14614
16312	183727
16313	14615
16314	14616
16315	198465
16316	14618
16317	14619
16318	183727
16319	14621
16320	14622
16321	198466
16322	14636
16323	14637
16325	198454
16327	198454
16329	198454
16331	198454
16333	198454
16335	198454
16337	198454
16339	198454
16341	198454
16342	182835
16343	232398
16344	232399
16345	7230
16346	7212
16347	182835
16348	394387
16349	394388
16350	182835
16351	394390
16352	394391
16353	182835
16354	394393
16355	394394
16356	182835
16357	16493
16358	182836
16359	157718
16360	12958
16361	12959
16362	198499
16363	12964
16364	12984
16365	157718
16366	166296
16367	166297
16368	198500
16369	166299
16370	15245
16371	157718
16372	182970
16373	198501
16374	157718
16375	182973
16376	198502
16377	208553
16378	208554
16379	208556
16380	208553
16381	244477
16382	244478
16383	244479
16384	244480
16385	208553
16386	14647
16387	411751
16388	15114
16389	513510
16390	394371
16391	394372
16392	183727
16393	369986
16394	15703
16395	30288
16396	15705
16397	15912
16398	183727
16399	370021
16400	26279
16401	183727
16402	370024
16403	370025
16404	183727
16405	370027
16406	67548
16407	183727
16408	370030
16409	64517
16410	183727
16411	370033
16412	30211
16413	79414
16414	394374
16415	394375
16416	157718
16417	198478
16418	183727
16419	12994
16420	198479
16421	182845
16422	182917
16423	368102
16424	15264
16425	15265
16426	208556
16427	15267
16428	15268
16429	208559
16430	15301
16431	15302
16432	198483
16433	15559
16434	15565
16435	182920
16436	15570
16437	15571
16438	198485
16439	15575
16440	15576
16441	79414
16442	15578
16443	198487
16444	15581
16445	15582
16446	79414
16447	15583
16448	7221
16449	198488
16450	15687
16451	15692
16452	182923
16453	15694
16454	15695
16455	182924
16456	15697
16457	15698
16458	182961
16459	10000
16460	11551
16461	182961
16462	11560
16463	11719
16464	182963
16465	11820
16466	11821
16467	182963
16468	12258
16469	12259
16470	182965
16471	12263
16472	12264
16473	182965
16474	12297
16475	12298
16476	368107
16477	15932
16478	198476
16479	15937
16480	15942
16481	368107
16482	15946
16483	182883
16484	15953
16485	15954
16486	182835
16487	283907
16488	283908
16489	369922
16490	369923
16491	369924
16492	369924
16493	394375
16494	15702
16495	394375
16496	182925
16497	17973
16498	17974
16499	182925
16500	17975
16501	17976
16502	182927
16503	17978
16504	17979
16505	182927
16506	17980
16507	17981
16508	182839
16509	17983
16510	17984
16511	182839
16512	17985
16513	17986
16514	182931
16515	17988
16516	17989
16517	182931
16518	17990
16519	17991
16520	182933
16521	18011
16522	18012
16523	182933
16524	18014
16525	18016
16526	182935
16527	18018
16528	18019
16529	182935
16530	18021
16531	18022
16532	183727
16533	18024
16534	7232
16535	183727
16536	18025
16537	18053
16538	182895
16539	182895
16540	182897
16541	15917
16542	15918
16543	182897
16544	15920
16545	15922
16546	348078
16547	348078
16548	182835
16549	470024
16550	470025
16551	182835
16552	470027
16553	470028
16554	470029
16555	470030
16556	470031
16557	470032
16558	501472
16559	501473
16560	501474
16561	501475
16562	501476
16563	501472
16564	501478
16565	501479
16566	501480
16567	501481
16568	501472
16569	501483
16570	501484
16571	501485
16572	501486
16573	182835
16574	16496
16575	425042
16576	182836
16577	425044
16578	425045
16579	513510
16580	436688
16581	436689
16582	182835
16583	17189
16584	182836
16585	182835
16586	182836
16587	182835
16588	7228
16589	182836
16590	182872
16591	17323
16592	17324
16593	182873
16594	17326
16595	17327
16596	182923
16597	17334
16598	198445
16599	182835
16600	17357
16601	182836
16602	182876
16603	17365
16604	17366
16605	182877
16606	17370
16607	17374
16608	182876
16609	17379
16610	182877
16611	182835
16612	394377
16613	394378
16617	344948
16619	127076
16620	183727
16622	182835
16623	348084
16624	348085
16625	182835
16626	348087
16627	348088
16628	182835
16629	348090
16630	348091
16631	182835
16632	348093
16633	348094
16634	182835
16635	436714
16636	436715
16637	182835
16638	447132
16639	447133
16640	182835
16641	447135
16642	447136
16643	182835
16644	447138
16645	447139
16646	182872
16647	232395
16648	182873
16649	79414
16650	347653
16651	347708
16652	183727
16653	348032
16654	348103
16655	183727
16656	348036
16657	348037
16658	183727
16659	65993
16660	7188
16661	198456
16662	7192
16663	183727
16664	65995
16665	7195
16666	198457
16667	7197
16668	183727
16669	65997
16670	7199
16671	182826
16672	7201
16673	198458
16674	7203
16675	7204
16676	198459
16677	7206
16678	182835
16679	66000
16680	198460
16681	7211
16682	182835
16683	66002
16684	198461
16685	182830
16686	7215
16687	7216
16688	182830
16689	7217
16690	7218
16691	79414
16692	7220
16693	79414
16694	7222
16695	7223
16697	7225
16699	7226
16700	7227
16701	182835
16702	182836
16703	183727
16704	7231
16705	198470
16706	7234
16707	7235
16708	183727
16709	7236
16710	182839
16711	7238
16712	7239
16713	183727
16714	216716
16715	182839
16716	182835
16717	411768
16718	411769
16719	182889
16720	65982
16721	182889
16722	182923
16723	65984
16724	182924
16725	182835
16726	130728
16727	182894
16729	198454
16731	198454
16733	198454
16735	198454
16737	198454
16739	198454
16741	198454
16743	198454
16745	198454
16747	198454
16748	368107
16749	198476
16760	75149
16762	75151
16764	75153
16766	75155
16768	75157
16770	165946
16771	283706
16772	283707
16773	283708
16774	283709
16775	283710
16776	283733
16779	208868
16780	208869
16781	208870
16782	208871
16783	208872
16784	208873
16785	208874
16786	208875
16787	208876
16788	208877
16790	348215
16791	225981
16792	348216
16793	225983
16794	348217
16795	225985
16796	348218
16797	225987
16798	348219
16799	225989
16800	348220
16802	348220
16803	225993
16804	348222
16805	225995
16806	348223
16807	225997
16826	177755
16827	177756
16829	177758
16830	177757
16831	177759
16832	347698
16833	347709
16834	347931
16835	348023
16836	348071
16837	75037
16838	13967
16839	64394
16840	17856
16841	75038
16842	12335
16843	75039
16844	75040
16845	75041
16846	75042
16847	155029
16848	130465
16849	227991
16850	129014
16851	129035
16852	128977
16853	129041
16854	75016
16855	157086
16857	18506
16858	18508
16859	18510
16860	18512
16861	18514
16862	18517
16863	5497
16864	197226
16865	18857
16866	18858
16867	18859
16868	18860
16869	18862
16870	18864
16871	197227
16872	197228
16873	197229
16874	197230
16875	197231
16876	197232
16877	197233
16878	208424
16879	197235
16880	197236
16881	197237
16882	197238
16883	197239
16884	197240
16885	197203
16886	197204
16887	197205
16888	197206
16889	197207
16890	197208
16891	197209
16892	197210
16893	197211
16894	208430
16895	226443
16896	227401
16897	234334
16898	244432
16899	244433
16900	307691
16901	346565
16902	346566
16903	368339
16904	368340
16905	394176
16906	394177
16907	412847
16908	412848
16909	426133
16910	436459
16911	449800
16912	449801
16913	467861
16914	467862
16915	493511
16916	501335
16917	514799
16921	197212
16922	197213
16923	197214
16924	197215
16925	197216
16926	197217
16927	197218
16928	197219
16929	197220
16931	127135
16935	208392
16937	127137
16939	127138
16941	403131
16942	403132
16943	403133
17210	18865
17211	18866
17212	18867
17213	12670
17214	18574
17215	18575
17216	12648
17217	18578
17218	12495
17219	12497
17220	12499
17221	12501
17222	12503
17223	16242
17224	16244
17225	16246
17226	16253
17227	16254
17228	16256
17229	16259
17230	16261
17231	16262
17232	15658
17233	15659
17234	15661
17235	15662
17236	15663
17237	15663
17238	15667
17239	15668
17240	15042
17241	19824
17242	19825
17243	19826
17244	19827
17245	19828
17246	19829
17247	19830
17248	19831
17249	14702
17250	14702
17251	14704
17252	14705
17253	14706
17254	14718
17255	14719
17256	14720
17257	14721
17258	18376
17259	18376
17260	18224
17261	18225
17262	18226
17263	145530
17264	18228
17265	19832
17266	19834
17267	19836
17268	19838
17269	19840
17270	18894
17271	18895
17272	18891
17273	18891
17274	18899
17275	18900
17276	18449
17277	18949
17278	12315
17279	12316
17280	10584
17281	10585
17282	10586
17283	10587
17284	10588
17285	10590
17286	16237
17287	16239
17288	16241
17289	16264
17290	16265
17291	16267
17292	16269
17293	16271
17294	15229
17295	15229
17296	237107
17297	15234
17298	15234
17299	15007
17300	15007
17301	19427
17302	19427
17303	19430
17304	19431
17305	19432
17306	19434
17307	19435
17308	19436
17309	15011
17310	15012
17311	15017
17312	15019
17313	15020
17314	19699
17315	19701
17316	19704
17317	19705
17318	19707
17319	14857
17320	14857
17321	19456
17322	19516
17323	19517
17324	19518
17325	19519
17326	19520
17327	19521
17328	12182
17329	12228
17330	12229
17331	12230
17332	12231
17333	12405
17334	12406
17335	12407
17336	12409
17337	12410
17338	12318
17339	12319
17340	126883
17341	12321
17342	12385
17343	12387
17344	12389
17345	18950
17346	18951
17347	12516
17348	12564
17349	12565
17350	12567
17351	12568
17352	12580
17353	12617
17354	18750
17355	18753
17356	18755
17357	18756
17358	18757
17359	18758
17360	18760
17361	18810
17362	18812
17363	18813
17364	18969
17365	18223
17366	18972
17367	12671
17368	12674
17369	13036
17370	13038
17371	13831
17372	13836
17373	13837
17374	13838
17375	15657
17376	18523
17377	18524
17378	18526
17379	18527
17380	19836
17381	18530
17382	18531
17383	18532
17384	10603
17385	10604
17386	12166
17387	12165
17388	12168
17389	12169
17390	12170
17391	323703
17392	12172
17393	12173
17394	19823
17395	12410
17396	12490
17397	12490
17398	12492
17399	12493
17400	18219
17401	18220
17402	18221
17403	18222
17404	188927
17405	14870
17406	14871
17407	14873
17408	14874
17409	12235
17410	12275
17411	12276
17412	12277
17413	12278
17414	12158
17415	12160
17416	12161
17417	12162
17418	17038
17419	17040
17420	17046
17421	17048
17422	17049
17423	17050
17424	15542
17425	15547
17426	15550
17427	15553
17428	15555
17429	15650
17430	15651
17431	15652
17432	15653
17433	15654
17434	17153
17435	17154
17436	17157
17437	17160
17438	17199
17439	17200
17440	17329
17441	17555
17442	17558
17443	17559
17444	5486
17445	5487
17446	5488
17447	5489
17448	5490
17449	5491
17450	5492
17451	5494
17452	5496
17453	16460
17454	19522
17455	16407
17456	16408
17457	16408
17458	16410
17459	16412
17460	16414
17461	16416
17462	16419
17463	16419
17464	5498
17465	5499
17466	5500
17467	5501
17468	5502
17469	5503
17470	5504
17471	5505
17472	5506
17473	15220
17474	15222
17475	15224
17476	15224
17477	12177
17478	12178
17479	12179
17480	12180
17481	18452
17482	18453
17483	18454
17484	16455
17485	18455
17486	18456
17487	18459
17488	18461
17489	19526
17490	19663
17491	18973
17492	18975
17493	18977
17494	18979
17495	18981
17496	18984
17497	18986
17498	18988
17499	19019
17500	19020
17501	5475
17502	5475
17503	5476
17504	5478
17505	5479
17506	5480
17507	5481
17508	5482
17509	5483
17510	18229
17511	14686
17512	14689
17513	14690
17514	14691
17515	15032
17516	15033
17517	15034
17518	15035
17519	15036
17520	15037
17521	12662
17522	12664
17523	12666
17524	12667
17525	146021
17526	146021
17527	12667
17528	18270
17529	18271
17530	16447
17531	16448
17532	16450
17533	16451
17534	16453
17535	16454
17536	16457
17537	18639
17538	16457
17539	19264
17540	19265
17541	19265
17542	19267
17543	19269
17544	19423
17545	9180
17546	9181
17547	9988
17548	10583
17549	18248
17550	19439
17551	19440
17552	19442
17553	19444
17554	19448
17555	19449
17556	19450
17557	19450
17558	19452
17559	14679
17560	18492
17561	18494
17562	215214
17563	14698
17564	14699
17565	14700
17566	14701
17567	18258
17568	18259
17569	18260
17570	18261
17571	18262
17572	18262
17573	18264
17574	18265
17575	18266
17576	18267
17577	16929
17578	16931
17579	16932
17580	199562
17581	16978
17582	16979
17583	12279
17584	18541
17585	12281
17586	12307
17587	12308
17588	18541
17589	18543
17590	18546
17591	18548
17592	18953
17593	18954
17594	18956
17595	18958
17596	18959
17597	18960
17598	18962
17599	12514
17600	12513
17601	19151
17602	11882
17603	11882
17604	12132
17605	12133
17606	12135
17607	12136
17608	19258
17609	19259
17610	19260
17611	15236
17612	15411
17613	15412
17614	15414
17615	12141
17616	12138
17617	12140
17618	12141
17619	12143
17620	14730
17621	14731
17622	186664
17623	19684
17624	19686
17625	19686
17626	19689
17627	19690
17628	19690
17629	19695
17630	19709
17631	19734
17632	19736
17633	15534
17634	15535
17635	15537
17636	15539
17637	15540
17638	15542
17639	19813
17640	18405
17641	18405
17642	18408
17643	18410
17644	18420
17645	18422
17646	18424
17647	18425
17648	18446
17649	19043
17650	19116
17651	19117
17652	19118
17653	19133
17654	19118
17655	16478
17656	16480
17657	16749
17658	17566
17659	17567
17660	17567
17661	14692
17662	14693
17663	14694
17664	14695
17665	14696
17666	14697
17667	18852
17668	18853
17669	18855
17670	16381
17671	16384
17672	16386
17673	16398
17674	16399
17675	16401
17676	16403
17677	10606
17678	10607
17679	26938
17680	10609
17681	10652
17682	10653
17683	19826
17684	10655
17685	12164
17686	12165
17687	15674
17688	15676
17689	15676
17690	16225
17691	18580
17692	18581
17693	18589
17694	18591
17695	18595
17696	18598
17697	18229
17698	18230
17699	18231
17700	18232
17701	18233
17702	18235
17703	18237
17704	18238
17705	15009
17706	19455
17707	18249
17708	18250
17709	13982
17710	13982
17711	13982
17712	18253
17713	18254
17714	18255
17715	18256
17716	19143
17717	19186
17718	19188
17719	19189
17720	18815
17721	18816
17722	18817
17723	18818
17724	18819
17725	15038
17726	15039
17727	15040
17728	15041
17729	12620
17730	12621
17731	12623
17732	12624
17733	12625
17734	12635
17735	12639
17736	12641
17737	12643
17738	17560
17739	17561
17740	17562
17741	17563
17742	17564
17743	17565
17744	19667
17745	19669
17746	19671
17747	19672
17748	19674
17749	19675
17750	19677
17751	19679
17752	18892
17753	15655
17754	15656
17755	18239
17756	18240
17757	18241
17758	18242
17759	18243
17760	18239
17761	18246
17762	18247
17763	12625
17764	12627
17765	12628
17766	307622
17767	12631
17768	12632
17769	12633
17770	181439
17771	12635
17772	12637
17773	19228
17774	151533
17775	19232
17776	16990
17777	16992
17778	16994
17779	16994
17780	17003
17781	17005
17782	17006
17783	16423
17784	18356
17785	18357
17786	18358
17787	18358
17788	18362
17789	18363
17790	18364
17791	18367
17792	18367
17793	17743
17794	5527
17795	5528
17796	5529
17797	9169
17798	9172
17799	9173
17800	9175
17801	9177
17802	16446
17803	19241
17804	19243
17805	19245
17806	19248
17807	19249
17808	19250
17809	19251
17810	19252
17811	17278
17812	17051
17813	17051
17814	17137
17815	17150
17816	19845
17817	19846
17818	19847
17819	19847
17820	19849
17821	126953
17822	10602
17823	16427
17824	16428
17825	16429
17826	16430
17827	16436
17828	16437
17829	16438
17830	16439
17831	16441
17832	17578
17833	17578
17834	17580
17835	17581
17836	15669
17837	15670
17838	15671
17839	15672
17840	15673
17841	15674
17842	18602
17843	9177
17844	17657
17845	17723
17846	17724
17847	17725
17848	17726
17849	17727
17850	17741
17851	18257
17852	19737
17853	19738
17854	19739
17855	19741
17856	19743
17857	19785
17858	19810
17859	19810
17860	19812
17861	16461
17862	371720
17863	16464
17865	16469
17866	16472
17867	16474
17868	19038
17869	19039
17870	19041
17871	17007
17872	17031
17873	17031
17874	18842
17875	18845
17876	18847
17877	18848
17878	18849
17879	18850
17880	18851
17881	16404
17882	16405
17883	16406
17884	14737
17885	14738
17886	14739
17887	14740
17888	14741
17889	14742
17890	14743
17891	18381
17892	18382
17893	18384
17894	18388
17895	18389
17896	18403
17897	5508
17898	5509
17899	19851
17900	19852
17901	19853
17902	14722
17903	14723
17904	14724
17905	14724
17906	14727
17907	14728
17908	14729
17909	18447
17910	13985
17911	13986
17912	13989
17913	14343
17914	14601
17915	14674
17916	14675
17917	14677
17918	16981
17919	16983
17920	16985
17921	12646
17922	12647
17923	12650
17924	12659
17925	12661
17926	5510
17927	5511
17928	5512
17929	5513
17930	5514
17931	150140
17932	5517
17933	5518
17934	18868
17935	18869
17936	18641
17937	18642
17938	18643
17939	18645
17940	18668
17941	18670
17942	18745
17943	18746
17944	10657
17945	10658
17946	19814
17947	19815
17948	19816
17949	19817
17950	19818
17951	19819
17952	19820
17953	19821
17954	17153
17955	16752
17956	16771
17957	16926
17958	16928
17959	19137
17960	19138
17961	19139
17962	19140
17963	19143
17964	19149
17965	15043
17966	15048
17967	15048
17968	15052
17969	15053
17970	15059
17971	15063
17972	15064
17973	12390
17974	12392
17975	19836
17976	19842
17977	19843
17978	19844
17979	14861
17980	14863
17981	14864
17982	14865
17983	14867
17984	19022
17985	19024
17986	19025
17987	19027
17988	19027
17989	19034
17990	19035
17991	11839
17992	11840
17993	11841
17994	18272
17995	18354
17996	18355
17997	19190
17998	19191
17999	19222
18000	19224
18001	19225
18002	18870
18004	18873
18005	18875
18006	18877
18007	18879
18008	18881
18009	15066
18010	15067
18011	15218
18012	12505
18013	12507
18014	12509
18015	12510
18016	12512
18017	17572
18018	17573
18019	17575
18020	17576
18021	17577
18022	10659
18023	11827
18024	11830
18025	11831
18026	11832
18027	11833
18028	11835
18029	11836
18030	19235
18031	19239
18032	19437
18033	15416
18034	15417
18035	15418
18036	15419
18037	15513
18038	12160
18039	15517
18040	15518
18041	15523
18042	18372
18043	10591
18044	10592
18045	10594
18046	10595
18047	11799
18048	11803
18049	11807
18059	446410
18060	446411
18061	447568
18062	369801
18063	309016
18064	10423
18065	10424
18066	10425
18067	79218
18068	79219
18069	79220
18070	79221
18071	79232
18072	79233
18073	79234
18074	79235
18075	79236
18076	10498
18080	130696
18083	25885
18086	25886
18089	25888
18092	130697
18095	8645
18106	10395
18109	10396
18111	10398
18113	10400
18135	10385
18136	227685
18137	74726
18138	74727
18139	74728
18140	74729
18141	74730
18142	74731
18143	74732
18144	74733
18145	74734
18146	74735
18147	74736
18148	74737
18149	74738
18150	74739
18151	74740
18152	74741
18153	74742
18154	74743
18155	74744
18156	74745
18157	74746
18158	74747
18159	74748
18160	74680
18161	74681
18162	74682
18163	74683
18164	74684
18165	74685
18166	74686
18167	74687
18168	74688
18169	74709
18170	74710
18171	74711
18172	74712
18173	74713
18174	74714
18175	74715
18176	74716
18177	74717
18178	74718
18179	74749
18180	74750
18181	74751
18182	74752
18183	74753
18184	74754
18185	74755
18186	74756
18187	74757
18188	74758
18189	10018
18190	11269
18191	127868
18192	343521
18193	11694
18194	11272
18195	11273
18196	11716
18197	226079
18198	11700
18199	11709
18200	11698
18201	11271
18202	11274
18260	3675
18261	79222
18262	79223
18263	79224
18264	79225
18265	227690
18266	216649
18267	79228
18268	79229
18269	79230
18270	79231
18271	11701
18272	322909
18273	158132
18274	64302
18275	411483
18276	11816
18277	208670
18278	343520
18279	75072
18280	11696
18281	130391
18282	130391
18283	467007
18284	11812
18285	241749
18286	467007
18287	492476
18288	11868
18454	446718
18473	74955
18474	74956
18475	74957
18476	3245
18477	74937
18478	184220
18479	10158
18480	252916
18481	10196
18482	63323
18483	130451
18485	184219
18486	184226
18487	184221
18488	209302
18489	257662
18491	394104
18492	449856
18497	4689
18499	5448
18501	156881
18503	348709
18507	197106
18508	2546
18509	2548
18510	6083
18511	27241
18512	6085
18513	243665
18514	6087
18515	232172
18516	10996
18519	10596
18520	6928
18521	346358
18524	3173
18532	75278
18534	126460
18535	121425
18536	387098
18539	77944
18541	130273
18542	1829
18543	197617
18544	157294
18545	198381
18547	347224
18548	64453
18550	154453
18553	197661
18554	4643
18555	78954
18556	126429
18558	4773
18559	242864
18560	152817
18563	384508
18564	4723
18565	120964
18568	128600
18570	5953
18571	467113
18578	2934
18582	8702
18588	19551
18590	467925
18598	183356
18604	19210
18608	341669
18609	448197
18611	184713
18613	130488
18614	183055
18615	368776
18618	344949
18619	157159
18620	309017
18625	225396
18627	516017
18628	384258
18629	207427
18633	152891
18637	77608
18638	345463
18639	346506
18641	64028
18642	182985
18643	244430
18644	155093
18645	82471
18648	394186
18649	4781
18652	10906
18653	10907
18656	10910
18657	180153
18658	394223
18659	394224
18660	4671
18661	394226
18666	559287
18667	559288
18668	559289
18669	559290
18670	559291
18671	130475
18673	6056
18674	6055
18675	4632
18676	6058
18677	6059
18678	514502
18680	514504
18681	166114
18682	514505
18684	514506
18685	514507
18686	165966
18689	166115
18690	166117
18691	166118
18692	196994
18694	196996
18695	196997
18696	196998
18697	244460
18698	244461
18699	244462
18700	244463
18701	244464
18702	382988
18703	382989
18704	382990
18705	382991
18706	382992
18707	447095
18708	447096
18709	447097
18710	447098
18711	447099
18715	120973
18719	466810
18721	466812
18723	466814
18725	466816
18727	466818
18729	466820
18731	466822
18733	466824
18735	466826
18737	466828
18739	466830
18741	466832
18743	466834
18745	466836
18747	466838
18749	466840
18751	466842
18753	466844
18755	466846
18757	466848
18763	232172
18764	232174
18765	232174
18766	347948
18767	347948
18768	347950
18769	347950
18770	347952
18771	347952
18772	347954
18773	347954
18774	66103
18775	66103
18776	66104
18777	66104
18778	66105
18779	66105
18780	66106
18781	66106
18782	449313
18783	449313
18784	9547
18785	82823
18786	82823
18787	17629
18788	17629
18789	88657
18790	88657
18791	88658
18792	88658
18793	88659
18794	88659
18795	347956
18796	347956
18797	347958
18798	347959
18799	436989
18800	436989
18801	379507
18802	436991
18803	436991
18804	436993
18805	436993
18806	436995
18807	436995
18808	436997
18809	436997
18810	6190
18811	6190
18812	19809
18813	19809
18814	88723
18815	88723
18816	88724
18817	88724
18818	88815
18819	88815
18820	19765
18821	19765
18822	19769
18823	19769
18824	88818
18825	88818
18826	232160
18827	232161
18828	232162
18829	232162
18830	245422
18831	245422
18832	89096
18833	89096
18834	89097
18835	89097
18836	88584
18837	88584
18838	88585
18839	88585
18840	88586
18841	88586
18842	88587
18843	88587
18844	19855
18845	19855
18846	19859
18847	19859
18848	19860
18849	19860
18850	380025
18851	347944
18852	347944
18853	6168
18854	6168
18855	347940
18856	347940
18857	347942
18858	347942
18859	470646
18860	470646
18861	470648
18862	470648
18863	470650
18864	470650
18865	470652
18866	470652
18867	470654
18868	470654
18869	470656
18870	470656
18871	470658
18872	470658
18873	470464
18874	470464
18875	470466
18876	470466
18877	470468
18878	470468
18879	470470
18880	470470
18881	18768
18882	18768
18883	18773
18884	18773
18885	88555
18886	88555
18887	88672
18888	88672
18889	88673
18890	88673
18891	88674
18892	88674
18893	88699
18894	88699
18895	88700
18896	88700
18897	11743
18898	11743
18899	88702
18900	88702
18901	13297
18902	13297
18903	13300
18904	13300
18905	13304
18906	13304
18907	13308
18908	13308
18909	13314
18910	13314
18911	13318
18912	13318
18913	368457
18914	368457
18915	368459
18916	368459
18917	368461
18918	368461
18919	232152
18920	232152
18921	232154
18922	232154
18923	232156
18924	232156
18925	232158
18926	232158
18927	17799
18928	17799
18929	17801
18930	17801
18931	17803
18932	17803
18933	17807
18934	17807
18935	17810
18936	17810
18937	17814
18938	17814
18939	17816
18940	17816
18941	17819
18942	17819
18943	17821
18944	17821
18945	89098
18946	89098
18947	89099
18948	89099
18949	17593
18950	17593
18951	17594
18952	17594
18953	100445
18954	100445
18955	17596
18956	17596
18957	17597
18958	17597
18959	12689
18960	12689
18961	12693
18962	12693
18963	12694
18964	12694
18965	12696
18966	12696
18967	12698
18968	12698
18969	122521
18970	122521
18971	17481
18972	17481
18973	17582
18974	17582
18975	17583
18976	17583
18977	17584
18978	17584
18979	14361
18980	14361
18987	368475
18988	368475
18989	368477
18990	368477
18991	368479
18992	368479
18993	73318
18994	73318
18995	73319
18996	73319
18997	73320
18998	73320
18999	73321
19000	73321
19001	73322
19002	73322
19003	73323
19004	73323
19005	73324
19006	73324
19007	73314
19008	73314
19009	73325
19010	73325
19011	16733
19012	16733
19013	19268
19014	19268
19015	19273
19016	19273
19017	19277
19018	19277
19019	19279
19020	19279
19021	97082
19022	97082
19023	19283
19024	19283
19025	19285
19026	19285
19027	404747
19028	404747
19029	88588
19030	88588
19031	18040
19032	18040
19033	18042
19034	18042
19035	18069
19036	18069
19037	88592
19038	88592
19039	88791
19040	88791
19041	88792
19042	88792
19043	88793
19044	88793
19045	368450
19046	368450
19047	368451
19048	368451
19049	368453
19050	368453
19051	368455
19052	368455
19053	368463
19054	368463
19055	368465
19056	368465
19057	368467
19058	368467
19059	368470
19060	368470
19061	368471
19062	368471
19063	368473
19064	368473
19065	426720
19066	426720
19067	426722
19068	426722
19069	413654
19070	413654
19071	413656
19072	413656
19073	413658
19074	413658
19075	19114
19076	19114
19077	88756
19078	88756
19079	88757
19080	88757
19081	88758
19082	88758
19083	88759
19084	88759
19085	88976
19086	88976
19087	14455
19088	14455
19089	348448
19090	348448
19091	348450
19092	348450
19093	348452
19094	348452
19095	17615
19096	17615
19097	17619
19098	17619
19099	88753
19100	88753
19101	17587
19102	17587
19103	19992
19104	19992
19105	19998
19106	19998
19107	20001
19108	20001
19109	20002
19110	20002
19111	20003
19112	20003
19113	20004
19114	20004
19115	88648
19116	88648
19117	88649
19118	88649
19119	88650
19120	88650
19121	88703
19122	88703
19123	66100
19124	66100
19125	66101
19126	66101
19127	66102
19128	66102
19129	19916
19130	19916
19131	5702
19132	2518
19133	156857
19134	2520
19135	25725
19136	88950
19137	88950
19138	88951
19139	88951
19140	88614
19141	88614
19142	88870
19143	88870
19144	88871
19145	88871
19146	88872
19147	88872
19148	88873
19149	88873
19150	88874
19151	88874
19152	348533
19153	348533
19154	363499
19155	363499
19156	454262
19157	454262
19158	309468
19159	309468
19160	88819
19161	88819
19162	15402
19163	88706
19164	88706
19165	88707
19166	88707
19167	88708
19168	88708
19169	88709
19170	88709
19171	19023
19172	19023
19173	19051
19174	19051
19175	19053
19176	19053
19177	19054
19178	19054
19179	404747
19180	404747
19181	16481
19182	16481
19183	19745
19184	19745
19185	15168
19186	15168
19187	88543
19188	88543
19189	88545
19190	88545
19191	88547
19192	88547
19193	88549
19194	88549
19195	89110
19196	89110
19197	347934
19198	347934
19199	347936
19200	347936
19201	347938
19202	347938
19203	88833
19204	88833
19205	88834
19206	88834
19207	88835
19208	88835
19209	15129
19210	15129
19211	470628
19212	470628
19213	470630
19214	470630
19215	470632
19216	470632
19217	470634
19218	470634
19219	19094
19220	19094
19221	19099
19222	19099
19223	88765
19224	88765
19225	88767
19226	88767
19227	88770
19228	88770
19229	348637
19230	348637
19231	348649
19232	348649
19233	348651
19234	348651
19235	470606
19236	470606
19237	66112
19238	66112
19239	89167
19240	89167
19241	89168
19242	89168
19243	89120
19244	89120
19245	89121
19246	89121
19247	89123
19248	89123
19249	89125
19250	89125
19251	82818
19252	82818
19253	82819
19254	82819
19255	82820
19256	82820
19257	309480
19258	309480
19259	309482
19260	309482
19261	309484
19262	309485
19263	309485
19264	309487
19265	309487
19266	309490
19267	309490
19268	309491
19269	309491
19270	226527
19271	226527
19272	226529
19273	226529
19274	226531
19275	226531
19276	226534
19277	226534
19278	226537
19279	226537
19280	226540
19281	226540
19282	226541
19283	226541
19284	226543
19285	226543
19286	226545
19287	226545
19288	88567
19289	88567
19290	15168
19291	15168
19292	88543
19293	88543
19294	88545
19295	88545
19296	88547
19297	88547
19298	88549
19299	88549
19300	89110
19301	89110
19302	16487
19303	16487
19304	88953
19305	88953
19306	17626
19307	17626
19308	88964
19309	88964
19310	88965
19311	88965
19312	88966
19313	88966
19314	88968
19315	88968
19316	88991
19317	88991
19318	88992
19319	88992
19320	88993
19321	88993
19322	88994
19323	88994
19324	88995
19325	88995
19326	20553
19327	20553
19328	20556
19329	20556
19330	20559
19331	20559
19332	88999
19333	88999
19334	13318
19335	13318
19336	394400
19337	394400
19338	394401
19339	394401
19340	394403
19341	394403
19342	122419
19343	122419
19344	88720
19345	88720
19346	15150
19347	15150
19348	15153
19349	15153
19350	11124
19351	82493
19352	13191
19353	13191
19354	90007
19355	90007
19356	18797
19357	18797
19358	425242
19359	425242
19360	425244
19361	425244
19362	425246
19363	425246
19364	425248
19365	425249
19366	425250
19367	425250
19368	82472
19370	446724
19371	425252
19373	425252
19375	82494
19377	83395
19378	11805
19380	11803
19381	83300
19382	11799
19383	184149
19384	3933
19385	10750
19386	21385
19387	126403
19388	23113
19389	198114
19390	183727
19391	155941
19392	198115
19393	413652
19394	413652
19395	470608
19396	470608
19397	15130
19398	15130
19399	15131
19400	15131
19401	15132
19402	15132
19403	15134
19404	15134
19405	15135
19406	15135
19407	15138
19408	15138
19409	19162
19410	19162
19411	19169
19412	19169
19413	89164
19414	89164
19415	19234
19416	19234
19417	89166
19418	89166
19419	12703
19420	12703
19421	12705
19422	12705
19423	12708
19424	12708
19425	88597
19426	88597
19427	88598
19428	88598
19429	88525
19430	88525
19431	88526
19432	88526
19433	66088
19434	66088
19435	66089
19436	66089
19437	88982
19438	88982
19439	88983
19440	88983
19441	88984
19442	88984
19443	88985
19444	88985
19445	13512
19446	13512
19447	13841
19448	13841
19449	13848
19450	13848
19451	89005
19452	89005
19453	88797
19454	88797
19455	20091
19456	20091
19457	88799
19458	88799
19459	20157
19460	20157
19461	20167
19462	20167
19463	20197
19464	20197
19465	20210
19466	20210
19467	20258
19468	20258
19469	20262
19470	20262
19471	394405
19472	394405
19473	394407
19474	394407
19475	394410
19476	394410
19477	470587
19478	470587
19479	470589
19480	470589
19481	6189
19482	6189
19483	88616
19484	88616
19485	66066
19486	66066
19487	66067
19488	66067
19489	66068
19490	66068
19491	66069
19492	66069
19493	66070
19494	66070
19495	88828
19496	88828
19497	88829
19498	88829
19499	88830
19500	88830
19501	11649
19502	11649
19503	88832
19504	88832
19505	18590
19506	18590
19509	18653
19510	18653
19514	74542
19515	127232
19519	21333
19523	10999
19524	197921
19525	11002
19526	11003
19527	447820
19605	70686
19632	30539
19635	127281
19636	65150
19647	72228
19686	11907
19703	12940
19713	26428
19715	26833
19716	65356
19725	66602
19729	71968
19730	126403
19737	28876
19778	16180
19779	22405
19819	130391
19820	130391
19821	88350
19822	88350
19823	88351
19824	88351
19825	88352
19826	88352
19827	88353
19828	88353
19829	3146
19830	3146
19831	3147
19832	3147
19833	3148
19834	3148
19835	3149
19836	3149
19837	88412
19838	88412
19839	88413
19840	88413
19841	88303
19842	88303
19843	88304
19844	88304
19845	88394
19846	88394
19847	88396
19848	88396
19849	88398
19850	88398
19851	88394
19852	88394
19853	88396
19854	88396
19855	88398
19856	88398
19857	130333
19858	130333
19859	130335
19860	130335
19861	88394
19862	88394
19863	88396
19864	88396
19865	88398
19866	88398
19867	88327
19868	88327
19869	2790
19870	2790
19871	2791
19872	2791
19873	88289
19874	88289
19875	130350
19876	130350
19877	88520
19878	88520
19879	88521
19880	88521
19881	90107
19882	90107
19883	88350
19884	88350
19885	88351
19886	88351
19887	88352
19888	88352
19889	88353
19890	88353
19891	88319
19892	88319
19893	88320
19894	88320
19895	88321
19896	88321
19897	88322
19898	88322
19899	88323
19900	88323
19901	88324
19902	88324
19903	88325
19904	88325
19905	88326
19906	88326
19907	88432
19908	88432
19909	88433
19910	88433
19911	88434
19912	88434
19913	3052
19914	3052
19915	3053
19916	3053
19917	3054
19918	3054
19919	3055
19920	3055
19921	2799
19922	2799
19923	90134
19924	90134
19925	130357
19926	130357
19927	130359
19928	130359
19929	130391
19930	130391
19931	88520
19932	88520
19933	88521
19934	88521
19935	90107
19936	90107
19937	88350
19938	88350
19939	88351
19940	88351
19941	88352
19942	88352
19943	88353
19944	88353
19945	130395
19946	130396
19947	130397
19948	130398
19949	88390
19950	88390
19951	3133
19952	3133
19953	3134
19954	3134
19955	3135
19956	3135
19957	3136
19958	3136
19959	66907
19960	66907
19961	66908
19962	66908
19963	66911
19964	66911
19965	66912
19966	66912
19967	88350
19968	88350
19969	88351
19970	88351
19971	88352
19972	88352
19973	88353
19974	88353
19975	88350
19976	88350
19977	88351
19978	88351
19979	88352
19980	88352
19981	88353
19982	88353
19983	88350
19984	88350
19985	88351
19986	88351
19987	88352
19988	88352
19989	88353
19990	88353
19991	88357
19992	88357
19993	88358
19994	88358
19995	88359
19996	88359
19997	3119
19998	3119
19999	88361
20000	88361
20001	88362
20002	88362
20003	88363
20004	88363
20005	130401
20006	130401
20007	130403
20008	130403
20009	130405
20010	130405
20011	130407
20012	130407
20013	130355
20015	10597
20017	10598
20019	10599
20020	10600
20023	12393
20025	12395
20027	12396
20028	12397
20029	12399
20030	446069
20031	12402
20032	12403
20033	18520
20034	18522
20035	18549
20036	12277
20037	18552
20038	18555
20039	18557
20040	18560
20041	18564
20042	18567
20043	18569
20044	18571
20045	12146
20046	12147
20047	12147
20048	12150
20049	12151
20050	12152
20051	12153
20052	12153
20053	12156
20054	12156
20055	19696
20056	19698
20091	21234
20104	14876
20105	14877
20106	14989
20107	14989
20108	14991
20109	14996
20127	20467
20131	127195
20154	307749
20242	20315
20297	6929
20298	64032
20299	29045
20300	29047
20301	198381
20302	76353
20303	76355
20304	76357
20305	198375
20306	447810
20307	242816
20308	242817
20309	242818
20310	426033
20311	126168
20313	126158
20315	126170
20317	126172
20321	15432
20323	126164
20325	126166
20326	126174
20328	126176
20330	126178
20332	126180
20333	126181
20334	126182
20335	126183
20337	208791
20338	208792
20339	208793
20341	208795
20342	126185
20343	208796
20344	208786
20347	208789
20349	208797
20357	369691
20358	369682
20360	208635
20361	447186
20362	447187
20363	447188
20364	447189
20368	447190
20369	447191
20370	208637
20371	231812
20372	231814
20376	5420
20377	5421
20378	5422
20379	5423
20380	5424
20381	5425
20382	5426
20383	5427
20384	5428
20385	5418
20386	5419
20387	82653
20388	128300
20389	128301
20390	128302
20391	128303
20392	197310
20393	197311
20394	197312
20395	225504
20396	225505
20397	225506
20398	225507
20399	225508
20400	225509
20401	225510
20402	225511
20403	225512
20404	225513
20405	225514
20406	225515
20407	225516
20408	225517
20409	225518
20410	227402
20411	208641
20412	227403
20413	225522
20414	225523
20415	225524
20416	225525
20417	225526
20418	208595
20419	242555
20420	242556
20421	208599
20422	208618
20423	208629
20424	208631
20425	208633
20426	244431
20427	348928
20428	348929
20429	348930
20430	306244
20431	306246
20432	306247
20433	348931
20434	348932
20435	348933
20436	348934
20437	208639
20438	208623
20439	208625
20440	369680
20441	369684
20442	369685
20443	369687
20444	369689
20445	4686
20446	5372
20447	5373
20448	5381
20449	5392
20450	5393
20451	5394
20452	5395
20453	5396
20454	5397
20455	5398
20456	5399
20457	5400
20458	5401
20459	5402
20460	5403
20461	5404
20462	5405
20463	5406
20464	5407
20465	5408
20466	5409
20467	5410
20468	5411
20469	5412
20470	5413
20471	5414
20472	5415
20473	26399
20474	5417
20884	346360
20885	346362
20886	346364
20887	346366
21056	3196
21059	154993
21060	3333
21061	4487
21062	3222
21063	157612
21064	15721
21065	15722
21066	3361
21067	3362
21068	3363
21069	3364
21070	3365
21071	63883
21072	3367
21073	3368
21074	3369
21075	4093
21076	4094
21077	4095
21078	4096
21079	4097
21080	4098
21081	4099
21082	4100
21083	4101
21084	4102
21085	4103
21086	4104
21087	4105
21088	4106
21089	4107
21090	4108
21091	4109
21092	4110
21093	3349
21094	3704
21095	26988
21096	4450
21097	8774
21098	4230
21099	3788
21100	4231
21101	3790
21102	3227
21103	3228
21104	3229
21105	3230
21106	3231
21107	14600
21108	14823
21109	14825
21110	14826
21111	14827
21112	14828
21113	14829
21114	14842
21115	14844
21116	14845
21117	368496
21118	368497
21119	132281
21120	132282
21121	132283
21122	132284
21123	132285
21124	132286
21125	132287
21126	132288
21127	132289
21128	132290
21129	132291
21130	132292
21131	132293
21132	132294
21133	132295
21134	132296
21135	132297
21136	132298
21137	3252
21138	3253
21139	3254
21140	3255
21141	3256
21142	3257
21143	3258
21144	3259
21145	3260
21146	3261
21147	3262
21148	3263
21149	3264
21150	3265
21151	3266
21152	3267
21153	3268
21154	3269
21155	3270
21156	3271
21157	241705
21158	241707
21159	436565
21160	436566
21161	3192
21162	3193
21163	3194
21164	3195
21169	4222
21170	4223
21171	4224
21172	4225
21173	4226
21174	4227
21175	4228
21176	3764
21177	3765
21178	132279
21179	4206
21180	4207
21181	4209
21182	4210
21183	4212
21184	4214
21185	4215
21186	4216
21187	4218
21188	4219
21189	4220
21190	4221
21191	132371
21192	132372
21193	132373
21194	132374
21195	132375
21196	132376
21197	132377
21198	132378
21199	132379
21200	132380
21201	132381
21202	132382
21203	132383
21204	132384
21205	132385
21206	132386
21207	132387
21208	4028
21209	4029
21210	4030
21211	4031
21212	4032
21213	4033
21214	4034
21215	4035
21216	4036
21217	4037
21218	4038
21219	4039
21220	4040
21221	4041
21222	87558
21223	4043
21224	4044
21225	4045
21226	79768
21227	79769
21228	79770
21229	79771
21230	79772
21231	79773
21232	79774
21233	79775
21234	79776
21235	79777
21236	79778
21237	79779
21238	79780
21239	79781
21240	79782
21241	79783
21242	79784
21243	79785
21244	79786
21245	79787
21246	120927
21247	60468
21248	132422
21249	132423
21250	129860
21251	129861
21252	129862
21253	166098
21254	384363
21255	84931
21256	84932
21259	4480
21260	11297
21261	11298
21262	3350
21263	3351
21264	3352
21265	3353
21266	3354
21267	3355
21268	3356
21269	3357
21270	3358
21271	3359
21272	3785
21273	3786
21274	3787
21275	3789
21276	3791
21277	3224
21278	3792
21279	3793
21280	3794
21281	3795
21282	3796
21283	3797
21284	3798
21285	3799
21286	3800
21287	3801
21288	3802
21289	3803
21290	3804
21291	3805
21292	3806
21293	3807
21294	3808
21295	3809
21298	3433
21299	3434
21300	3435
21301	3436
21302	3437
21303	3438
21304	3439
21305	3440
21306	3441
21307	3442
21308	3443
21309	3444
21310	3445
21311	3446
21312	3447
21313	3448
21314	3449
21315	3450
21318	4276
21319	209485
21320	3455
21321	3456
21322	3457
21323	3458
21324	3459
21325	3460
21326	3461
21327	3462
21328	3463
21329	3464
21330	22057
21331	3466
21332	121504
21333	121505
21334	121506
21335	121507
21338	4265
21339	342142
21340	3852
21341	3853
21342	3854
21343	3855
21344	3856
21345	73895
21346	4540
21348	156835
21351	15713
21352	15715
21353	2062
21354	2064
21355	15719
21356	4453
21357	3709
21358	3710
21359	3713
21360	4519
21361	4520
21362	4521
21363	4522
21364	4523
21365	4524
21366	4525
21367	4048
21368	258117
21369	4050
21370	258118
21371	4052
21372	258119
21373	4054
21374	258120
21375	4056
21376	258121
21377	4058
21378	258122
21379	4060
21380	258123
21381	4062
21382	258124
21383	4064
21384	258125
21385	3489
21386	3490
21388	64516
21389	157499
21390	15003
21391	4089
21392	4090
21393	3492
21394	20357
21395	284542
21396	284543
21401	15044
21402	15045
21403	15046
21404	15047
21405	15049
21406	15050
21407	15054
21408	15056
21409	15057
21410	15058
21411	15060
21412	15061
21413	15062
21414	15065
21415	15068
21416	15070
21417	15071
21418	15072
21419	14520
21420	66443
21423	3561
21424	3562
21425	3563
21426	3564
21427	3565
21428	3566
21429	3567
21430	3568
21431	3569
21432	3570
21433	3571
21434	3572
21435	3573
21436	3574
21437	3575
21438	3576
21439	3577
21440	3578
21441	156839
21442	384359
21443	384360
21446	74897
21447	3494
21448	11550
21449	11553
21450	11555
21451	128398
21452	4266
21453	4267
21454	3708
21455	4268
21456	4269
21457	4270
21458	4271
21461	4310
21462	342459
21463	4312
21464	342460
21465	4314
21466	342461
21467	4316
21468	342462
21469	4318
21470	342463
21471	4320
21472	342464
21473	4322
21474	342465
21475	4324
21476	342466
21477	3388
21478	3389
21479	3390
21480	3391
21481	3392
21482	3393
21483	4790
21485	4545
21486	4546
21487	4547
21488	4548
21490	342458
21491	84563
21492	79767
21493	129863
21494	84933
21495	166100
21496	178076
21497	182718
21498	197200
21499	225916
21500	225998
21501	239031
21502	412142
21503	412160
21504	426125
21505	436573
21506	447264
21507	447265
21508	470329
21509	468500
21510	501692
21511	515162
21512	4232
21513	4233
21514	4234
21515	4235
21516	4236
21517	4237
21518	4238
21519	4239
21520	4240
21521	4241
21522	4242
21523	4243
21524	4244
21525	4245
21526	4246
21527	4247
21528	4248
21529	4249
21530	4250
21531	4251
21532	4334
21533	4335
21534	4336
21535	4337
21536	4338
21537	4339
21538	4340
21539	4341
21540	4342
21541	4343
21542	4344
21543	4345
21544	4346
21545	4347
21546	4348
21547	4349
21548	4350
21549	4351
21550	4352
21551	4353
21552	342448
21553	342449
21554	384364
21555	384365
21556	384366
21557	384367
21558	449280
21559	449281
21560	449280
21561	449283
21564	4471
21565	209517
21566	502153
21567	502154
21568	468497
21569	468498
21570	79703
21571	79704
21572	79705
21573	79706
21574	79707
21575	79708
21576	79709
21577	79710
21578	79711
21579	79712
21580	79713
21581	79714
21601	1787
21619	8174
21627	15173
21704	512992
21722	347224
21750	75034
21819	16329
21823	128911
21852	79715
21853	79716
21854	79717
21855	79718
21856	79719
21857	79720
21858	79721
21859	79722
21864	3774
21865	70470
21866	15770
21867	64579
21868	132421
21869	4261
21870	209510
21871	79810
21872	84951
21873	84952
21874	84953
21875	84954
21876	84955
21877	84956
21878	84957
21879	84958
21880	84959
21881	84960
21882	84961
21883	84962
21884	84963
21885	84964
21886	84965
21887	84966
21888	84967
21889	84968
21890	84969
21891	3471
21892	3472
21893	3473
21894	3474
21895	3475
21896	3476
21897	3477
21898	3479
21899	3480
21900	3481
21901	3482
21902	3483
21903	3484
21904	3485
21905	3486
21906	3487
21907	3488
21908	3728
21909	3729
21910	3730
21911	3731
21912	3732
21913	3733
21914	3734
21915	3735
21916	3736
21917	3737
21918	3738
21919	3739
21920	4252
21921	4253
21922	4254
21923	4255
21924	4256
21925	4257
21926	4258
21927	4259
21928	4260
21929	16320
21930	16322
21931	16326
21932	16328
21933	16333
21934	16334
21935	16338
21936	16340
21937	16344
21938	16345
21939	16356
21940	16358
21941	16360
21942	16361
21943	16362
21944	16363
21945	16365
21946	16366
21947	16369
21948	16371
21951	3630
21952	132388
21953	3632
21954	132389
21955	3634
21956	132390
21957	3636
21958	132391
21959	3638
21960	132392
21961	3640
21962	132393
21963	3642
21964	132394
21965	3644
21966	132395
21967	3646
21968	132396
21969	3648
21970	132397
21971	3191
21972	16376
21973	16379
21974	16380
21975	16482
21976	16491
21977	16500
21978	16501
21979	16503
21980	16504
21981	16505
21982	16507
21983	16508
21984	16509
21985	368500
21986	243461
21987	342445
21988	502149
21989	227578
21990	243462
21991	309999
21992	347980
21993	368501
21994	384361
21997	3744
21998	3745
21999	3746
22000	3747
22001	3748
22002	3749
22003	3750
22004	3751
22005	3752
22006	3753
22007	3754
22008	3755
22009	3756
22010	3757
22011	3758
22012	3759
22013	3760
22014	3761
22015	4549
22016	4550
22017	66685
22018	4552
22019	4553
22020	4554
22021	66686
22022	66687
22023	4557
22024	4558
22025	1949
22026	3545
22027	3546
22028	3547
22029	3548
22030	3549
22031	3550
22032	3551
22033	3552
22034	3553
22035	3554
22036	3555
22037	3556
22038	3557
22039	3558
22040	3559
22041	3560
22042	3597
22043	3598
22044	3599
22045	3600
22047	3602
22048	3603
22049	3604
22050	3605
22051	3606
22052	3607
22053	3608
22054	4354
22055	4355
22056	4356
22057	4357
22058	4358
22059	4448
22060	4449
22061	4451
22062	132406
22063	132407
22064	132408
22065	132409
22066	17706
22067	17707
22068	17709
22069	17711
22070	17744
22071	17745
22072	17746
22073	17755
22074	17757
22075	17758
22076	17760
22077	17761
22078	17767
22079	17769
22080	17771
22081	17772
22082	18080
22083	18082
22084	18094
22085	18095
22088	4544
22089	11300
22090	11301
22091	11302
22092	11303
22093	1918
22094	11305
22095	3226
22096	11983
22097	11990
22098	4290
22099	4291
22100	4292
22101	4293
22102	4294
22103	4295
22104	4296
22105	4297
22106	4298
22107	4299
22108	4300
22109	4301
22110	4302
22111	4303
22112	4304
22113	4305
22114	4306
22115	4307
22116	4308
22117	4309
22118	4142
22119	4143
22120	4144
22121	4145
22122	4146
22123	4147
22124	4148
22125	4149
22126	4150
22127	4151
22128	4152
22129	4153
22130	4154
22131	4155
22132	4156
22133	4157
22134	4158
22135	4159
22136	4160
22137	4161
22138	16699
22139	258111
22140	16706
22141	258112
22142	16726
22143	258113
22144	16729
22145	258114
22146	16731
22147	258115
22148	16921
22149	258116
22150	79610
22151	79611
22152	79612
22153	79613
22154	79614
22155	79615
22156	79616
22157	79617
22158	79618
22159	79619
22160	79620
22161	79621
22162	79622
22163	79623
22164	79624
22165	79625
22166	79626
22167	79627
22168	4500
22169	4501
22170	4502
22171	132343
22172	4504
22173	132344
22174	4506
22175	132345
22176	4508
22177	132346
22178	4510
22179	132347
22180	4512
22181	132348
22182	4514
22183	132349
22184	4516
22185	132350
22186	209438
22187	209341
22188	79685
22189	79686
22192	198629
22193	198630
22194	198631
22195	198632
22196	198633
22197	198634
22198	132398
22199	132399
22200	132400
22201	132401
22204	426384
22205	426385
22206	449299
22207	449300
22208	514655
22209	514656
22210	3766
22211	3767
22212	3768
22213	3281
22214	3770
22215	3771
22216	3772
22217	3773
22218	310001
22219	310000
22220	4477
22221	4478
22222	4479
22223	4481
22224	4482
22225	4483
22226	4484
22227	4485
22228	15073
22231	64705
22232	64706
22233	4186
22234	70471
22237	79765
22238	79766
22239	225908
22240	225909
22241	84929
22242	84930
22243	132313
22244	132314
22245	132315
22246	132316
22249	3426
22250	3428
22251	4461
22252	4462
22253	4463
22254	4464
22255	4465
22256	4466
22257	4467
22258	4468
22259	4469
22260	4470
22261	449301
22262	449302
22263	502150
22264	502151
22267	3280
22268	3281
22269	3282
22270	3283
22271	3284
22272	3285
22273	3286
22274	3287
22275	3288
22276	3289
22277	196992
22278	196991
22279	79654
22280	79655
22281	11277
22282	132411
22283	11279
22284	132412
22285	11281
22286	132413
22287	11283
22288	132414
22289	11285
22290	132415
22291	11287
22292	132416
22293	11289
22294	132417
22295	11291
22296	132418
22297	11293
22298	132419
22299	11295
22300	132420
22301	158207
22302	4122
22303	4123
22304	4124
22305	4125
22306	4126
22307	4127
22308	4128
22309	4129
22310	4130
22311	4131
22312	4132
22313	4133
22314	4134
22315	4135
22316	4136
22317	4137
22318	4138
22319	4139
22320	4140
22321	4141
22322	79723
22323	79724
22324	79725
22325	79726
22326	79727
22327	79728
22328	79729
22329	79730
22330	79731
22331	79732
22332	79733
22333	79734
22334	79735
22335	79736
22336	79737
22337	79738
22338	79739
22339	79740
22340	198625
22341	198626
22342	198627
22343	198628
22344	225896
22345	225897
22346	216628
22347	216629
22348	216630
22349	216631
22350	225898
22351	225899
22352	225900
22353	225901
22354	342438
22355	342439
22356	342440
22357	342441
22358	342442
22359	209377
22360	4273
22363	4016
22364	4018
22365	4019
22366	84958
22367	4021
22368	4022
22369	4023
22370	4024
22371	4025
22372	4026
22373	4027
22374	79646
22375	79647
22376	79648
22377	79649
22378	79650
22379	79651
22380	79652
22381	79653
22382	3292
22383	3293
22384	3294
22385	3295
22386	3296
22387	3297
22388	3298
22389	3299
22390	3300
22391	3301
22392	3302
22393	3303
22394	3304
22395	3305
22396	3306
22397	3307
22398	3308
22399	3309
22400	16077
22401	16088
22402	16089
22403	16091
22404	16240
22405	16255
22406	16260
22407	16263
22408	16266
22409	16270
22412	209390
22413	209489
22414	132427
22415	132428
22416	132429
22417	132430
22418	3762
22419	3763
22420	3718
22421	3719
22422	3720
22423	3721
22424	3722
22425	3723
22426	3724
22427	3725
22428	3726
22429	3727
22430	17052
22431	17053
22432	17057
22433	17059
22434	17061
22435	17062
22436	17064
22437	17065
22438	17066
22439	17067
22440	17544
22441	17545
22442	17546
22443	17547
22444	17549
22445	17550
22446	17551
22447	17552
22448	17553
22449	17639
22450	3335
22451	3337
22452	3338
22453	3339
22454	3340
22455	3341
22456	3342
22457	3343
22458	3344
22459	3345
22460	3346
22461	3347
22462	3348
22463	198620
22464	198621
22465	198622
22466	198623
22467	4111
22468	4112
22469	4113
22470	4114
22473	4078
22474	132402
22475	4080
22476	132403
22477	4082
22478	132404
22479	4084
22480	132405
22481	3272
22482	3273
22483	3274
22484	3275
22485	3276
22486	77658
22487	3278
22488	3279
22489	157810
22490	4526
22491	4527
22492	4528
22493	4529
22494	4530
22495	4531
22496	4532
22497	4533
22498	4535
22499	4536
22500	4537
22501	4538
22502	198635
22503	198636
22504	198637
22505	198638
22506	3686
22507	3687
22508	3688
22509	3689
22510	3690
22511	3691
22512	3692
22513	3693
22514	3694
22515	3695
22516	3696
22517	3697
22518	3698
22519	3699
22520	3700
22521	3701
22522	3702
22523	3703
22524	16005
22525	16007
22526	16008
22527	16009
22528	16010
22529	16011
22530	16012
22531	16013
22532	16014
22533	16015
22534	16020
22535	16939
22536	17041
22537	17042
22538	17043
22539	17045
22540	17047
22541	4328
22542	209412
22543	14986
22544	14990
22545	14992
22546	14993
22547	14994
22548	14995
22549	14997
22550	14998
22553	468501
22554	468502
22555	3650
22556	3651
22557	3652
22558	3653
22559	3654
22560	3655
22561	3656
22562	3657
22563	3658
22564	3659
22565	3660
22566	3661
22567	3662
22568	3663
22569	3664
22570	3665
22571	3666
22572	3667
22573	15075
22575	156936
22576	15078
22577	15079
22578	155565
22579	15081
22580	157435
22581	84924
22582	84925
22585	4162
22586	4163
22587	4164
22588	4165
22589	4166
22590	4167
22591	4168
22592	4169
22593	4170
22594	4171
22595	4172
22596	4173
22597	4175
22598	4176
22599	4177
22600	4178
22601	4179
22602	4180
22603	4181
22604	14847
22605	14848
22606	4012
22607	4013
22608	130207
22609	3711
22610	3712
22611	3714
22612	3715
22613	3716
22614	3717
22615	384370
22616	384371
22617	384372
22618	384373
22619	449278
22620	449278
22622	413431
22623	413432
22624	4454
22625	4455
22626	4456
22627	4457
22628	4458
22629	4459
22630	4460
22631	3370
22632	3371
22633	3372
22634	3373
22635	3374
22636	3375
22637	3376
22638	3377
22639	3378
22640	3379
22641	3380
22642	3381
22643	3382
22644	3383
22645	3384
22646	3385
22647	3386
22648	3387
22649	13525
22650	14338
22651	14401
22652	413435
22653	413436
22654	79656
22655	79657
22656	79658
22657	79659
22658	79660
22659	79661
22660	79662
22661	79663
22662	79664
22663	79665
22664	79666
22665	79667
22666	79668
22667	79669
22668	79670
22669	79671
22670	79672
22671	79673
22672	132317
22673	132318
22674	132319
22675	132320
22676	132321
22677	132322
22678	132323
22679	132324
22680	132325
22681	3830
22682	132361
22683	3832
22684	132362
22685	3834
22686	132363
22687	3836
22688	132364
22689	3838
22690	132365
22691	3840
22692	132366
22693	3842
22694	132367
22695	3844
22696	132368
22697	3846
22698	132369
22699	3848
22700	132370
22701	3394
22702	3395
22703	3396
22704	3397
22705	3398
22706	3399
22707	3400
22708	3401
22709	3402
22710	3403
22711	3404
22712	3405
22713	3406
22714	3407
22715	3408
22716	3409
22717	3410
22718	3411
22721	4564
22722	4565
22723	4566
22724	4567
22725	4568
22726	4569
22727	4570
22728	4571
22729	4572
22730	4573
22731	4574
22732	384368
22733	384369
22734	3221
22735	3223
22736	3225
22739	79687
22740	79688
22741	79689
22742	79690
22743	79691
22744	159135
22745	165619
22746	284218
22747	284219
22749	341341
22751	341342
22753	394228
22754	412849
22755	412850
22756	412851
22757	412852
22760	412853
22762	3076
22764	3078
22765	412854
22767	412855
22768	3080
22769	412856
22770	412857
22771	469937
22772	469938
22773	469939
22774	469940
22775	469941
22776	470533
22777	469942
22779	469944
22780	469945
22781	469946
22783	447245
22787	7251
22788	11411
22789	32105
22790	28427
22791	7257
22792	11415
22793	31779
22794	7260
22795	11418
22796	29359
22797	11420
22798	11421
22799	7268
22800	11423
22801	11424
22802	31028
22803	7274
22804	7276
22805	11428
22806	11429
22807	29511
22808	11431
22809	11346
22810	32078
22811	29067
22812	20345
22813	11436
22814	11437
22815	11438
22816	11439
22817	11440
22818	12326
22819	11442
22820	11443
22821	31808
22822	12336
22823	12338
22824	11447
22825	11448
22826	11449
22827	11450
22828	24813
22829	11452
22830	11453
22831	12354
22832	12357
22833	27237
22834	12366
22835	25140
22836	29926
22837	7577
22838	12373
22839	12375
22840	19307
22841	12377
22842	7512
22843	28032
22844	11468
22845	12394
22846	11470
22847	31412
22848	25586
22849	13177
22850	82423
22851	127007
22852	127008
22853	127009
22854	127010
22855	178001
22856	198116
22857	208654
22858	284113
22859	346091
22860	346351
22861	385605
22862	403181
22863	425849
22864	446974
22865	467223
22866	467377
22867	493182
22868	514051
22869	533823
22872	77475
22874	77476
22876	127011
22878	127012
22880	120845
22882	82424
22884	127013
22886	127014
22888	127015
22890	166004
22891	127016
22893	120747
22895	166005
22896	127017
22898	127018
22900	178014
22901	127019
22903	166006
22905	182748
22906	127020
22909	182749
22910	166007
22912	320611
22914	166008
22916	178041
22918	178016
22920	182750
22922	208656
22923	182751
22925	198117
22927	216754
22928	198118
22930	208660
22932	208661
22934	227124
22935	216755
22937	216756
22939	227147
22941	227140
22942	233768
22944	233631
22946	233578
22947	242854
22949	242855
22951	284114
22953	284115
22954	284116
22956	368664
22958	346344
22960	346115
22962	346453
22964	284117
22965	346201
22967	368630
22969	368587
22970	368589
22972	346411
22974	368698
22976	346419
22978	385577
22980	346175
22982	385972
22984	403182
22986	403184
22988	403186
22990	346189
22991	403188
22993	368715
22994	425819
22996	425829
22998	232386
23000	446821
23002	493183
23003	446972
23005	467129
23007	467127
23009	403190
23010	467310
23012	493184
23014	403191
23015	501725
23017	514053
23025	447064
23026	467456
23027	12484
23028	66232
23029	514055
23030	82877
23034	166009
23035	8697
23036	166010
23037	82426
23038	127023
23039	127024
23040	166011
23041	127025
23042	182752
23043	127026
23044	182753
23045	127027
23046	198119
23047	178042
23048	216757
23049	198120
23050	227270
23051	208665
23052	232749
23053	284118
23054	284119
23055	346308
23056	284120
23057	346155
23058	385965
23059	346310
23060	403192
23061	346326
23062	425853
23063	385808
23064	447051
23065	403193
23066	467455
23067	425903
23068	467301
23069	467258
23070	493186
23071	166012
23072	24820
23073	493187
23074	514058
23075	501727
23076	533533
23077	70384
23079	77479
23080	82427
23083	127029
23086	82428
23087	127030
23088	152741
23089	166013
23090	127031
23091	127032
23092	127033
23093	198121
23094	178043
23095	216758
23096	198122
23097	208666
23098	284121
23099	242856
23100	284122
23101	346056
23102	368648
23103	385836
23104	403194
23105	446912
23106	403195
23107	467525
23108	467474
23109	446970
23110	493188
23111	467240
23112	514059
23113	533807
23114	514060
23117	75971
23119	127034
23120	127035
23121	12506
23122	182754
23123	368654
23124	436644
23125	76044
23126	82429
23128	127036
23129	127037
23130	31888
23131	242857
23132	436727
23133	467172
23134	24557
23135	501728
23136	70385
23137	74839
23138	77480
23140	82430
23141	127039
23142	127040
23143	127041
23144	178044
23145	182755
23146	178023
23147	208667
23148	198123
23149	216759
23150	227145
23151	208668
23152	284123
23153	284124
23154	346352
23155	446260
23156	385607
23157	467257
23158	425837
23159	467125
23160	493189
23161	514061
23162	25038
23163	533678
23166	82927
23167	127042
23169	127043
23170	127044
23171	127045
23172	127046
23173	127047
23174	346438
23175	385886
23176	403196
23177	425958
23178	127048
23179	12520
23219	197654
23220	165624
23221	177722
23222	183120
23223	183121
23224	225657
23225	183127
23226	127079
23227	341344
23228	368747
23229	426035
23230	436460
23231	426037
23232	426038
23233	426039
23234	426040
23235	165623
23236	207300
23237	165625
23238	165626
23239	165627
23240	165628
23241	127075
23242	341324
23243	341325
23244	341326
23245	341327
23246	416692
23247	416693
23248	242559
23249	341330
23250	341331
23251	341332
23252	177724
23253	127077
23254	183115
23256	183117
23257	242064
23258	244456
23259	244457
23260	244458
23261	244459
23262	307943
23263	307944
23264	307945
23265	341333
23268	447249
23269	227213
23270	227214
23271	225654
23272	225655
23273	225656
23274	369488
23275	227215
23276	227216
23277	227217
23278	227218
23279	436461
23280	436462
23281	447243
23282	447244
23283	447246
23284	447247
23285	447248
23286	469935
23287	469936
23288	469934
23289	493110
23290	493111
23291	493112
23292	501695
23293	501696
23294	501697
23295	513605
23296	513606
23297	127078
23298	197649
23299	197651
23300	197653
23301	192300
23302	341334
23303	341335
23304	341336
23305	341337
23306	225651
23307	341338
23308	341339
23309	284213
23310	341340
23311	513601
23312	513602
23313	513603
23314	513604
23318	127080
23319	242070
23320	243467
23321	369480
23322	369481
23323	369482
23324	369483
23325	369484
23326	369485
23327	369486
23328	369487
23329	394227
23331	3082
23333	3084
23335	128395
23337	3088
23339	3090
23341	3092
23343	128397
23345	182719
23347	197199
23349	208805
23351	225377
23353	232560
23355	369491
23357	244754
23359	346014
23360	346015
23361	346016
23362	346017
23363	346018
23364	346019
23365	346020
23366	346021
23367	346022
23368	346023
23369	346024
23370	346025
23371	346026
23372	346027
23373	157088
23374	346029
23375	346030
23376	346031
23377	346032
23378	346033
23379	346034
23380	346035
23381	346036
23382	346037
23383	346038
23384	346039
23385	346040
23386	346041
23387	346042
23388	346043
23389	346044
23390	346045
23391	346046
23392	346047
23393	346048
23394	412328
23396	384958
23397	368107
23398	384690
23399	198477
23400	368107
23401	198476
23402	182953
23403	15993
23404	16303
23405	182953
23406	16308
23407	16483
23408	182835
23409	182836
23410	182835
23411	182836
23412	182835
23413	16498
23414	182836
23415	182835
23416	283904
23417	283905
23418	384694
23419	384697
23420	384699
23421	384701
23422	384703
23423	384705
23424	384867
23425	384871
23426	384874
23427	384380
23428	370545
23429	384384
23430	384970
23432	384598
23433	384724
23434	384726
23435	384729
23436	384599
23437	384519
23438	384731
23439	384624
23440	384780
23441	384478
23442	384923
23443	384925
23444	384927
23445	384929
23446	384931
23447	384933
23448	384935
23449	384828
23450	384830
23451	384832
23452	384834
23453	384836
23454	384838
23455	384840
23456	384842
23457	384844
23458	384846
23459	384429
23461	384426
23462	384436
23463	384441
23464	384434
23465	384686
23466	384721
23467	384966
23468	384963
23469	385711
23470	384453
23471	384532
23472	384475
23473	384802
23475	384804
23476	384806
23477	384808
23478	384810
23479	384535
23480	384813
23481	384900
23482	384420
23483	385835
23484	384604
23485	384608
23486	384863
23487	384673
23488	384677
23489	384477
23490	384542
23491	384544
23492	384547
23493	384548
23494	384550
23495	384552
23496	384851
23497	384631
23498	384708
23499	384710
23676	9382
23677	9383
23678	28156
23679	9386
23680	9389
23681	469193
23682	9390
23683	9391
23684	9392
23685	9393
23687	9395
23688	30357
23689	9397
23690	9399
23691	9400
23692	9401
23693	9402
23694	9403
23695	9404
23696	9405
23697	9406
23698	9407
23699	9408
23700	9409
23701	9410
23702	9411
23703	9412
23704	9413
23705	9414
23706	9415
23707	9416
23708	9417
23709	79291
23710	9419
23711	9420
23712	449520
23713	9422
23714	9423
23715	199144
23716	9425
23717	9426
23718	9427
23719	9428
23720	9429
23721	9430
23722	9431
23723	9432
23724	9433
23725	9434
23726	9435
23727	9436
23728	9437
23729	9438
23730	9439
23731	9440
23732	369926
23733	9442
23734	9443
23735	9444
23736	9445
23737	157168
23738	369927
23739	9448
23740	9449
23741	9450
23742	9451
23743	8112
23744	9453
23745	208800
23746	369928
23747	9456
23748	9457
23749	26276
23750	9459
23751	77699
23752	77700
23753	184210
23754	184211
23755	309038
23756	345928
23757	345929
23758	207444
23759	345931
23760	411626
23761	412140
23762	370418
23763	449519
23764	513926
23765	513927
23766	4621
23767	82418
23768	9366
23769	9367
23770	9368
23771	82419
23772	9370
23773	9371
23774	9372
23775	9373
23776	9374
23777	9375
23778	9376
23779	9377
23780	9378
23781	9379
23782	9380
23783	9381
23799	367688
23802	367690
23826	380075
23827	380076
23828	380077
23829	3613
23830	367715
23832	367717
23834	367719
23836	367721
23837	367722
23839	367724
23841	367726
23843	367728
23845	367730
23847	367732
23849	367734
23851	367736
23853	367738
23855	386032
23857	386034
23859	386036
23861	386038
23863	386040
23884	120979
23898	385189
23900	385190
23902	385191
23903	367782
23905	367784
23907	367786
23909	367788
23911	367790
24421	446441
24424	446447
24427	446450
24430	446453
24433	446456
24436	446459
24439	446462
24442	446465
24445	446468
24449	76004
24451	75279
24456	126461
24460	126462
24466	64405
24556	31273
24733	157508
24734	157159
24735	387099
24736	157333
24737	227755
24738	227756
24739	425759
24740	468763
24741	7071
24742	158202
25036	77950
25038	82648
25040	128644
25042	128795
25044	128812
25046	77940
25048	128621
25050	77946
25052	77942
25054	77952
25056	128597
25058	130621
25060	77948
25063	77936
25065	177886
25067	166317
25069	198428
25071	83048
25073	165903
25076	177888
25078	208770
25080	226427
25082	226379
25084	208764
25086	226420
25088	208768
25090	166726
25092	242834
25094	234717
25096	369513
25098	82650
25100	83027
25102	128626
25104	128636
25107	226416
25109	77938
25111	153185
25113	165905
25115	403120
25117	369515
25119	242836
25121	82639
25123	177890
25125	234715
25127	208766
25132	341352
25134	308575
25136	82993
25138	226396
25154	79692
25155	79693
25156	79694
25158	79695
25159	79696
25161	79697
25162	79698
25163	79699
25164	79700
25169	82642
25171	79701
25173	79702
25175	132299
25178	130274
25179	130275
25180	130276
25181	1868
25185	75235
25186	75236
25189	1831
25192	5893
25193	5894
25194	5895
25195	5896
25196	82008
25197	82009
25199	385648
25202	385650
25205	385652
25208	385654
25211	385656
25214	385658
25217	385939
25220	385941
25223	385943
25226	384561
25227	384562
25229	75975
25232	384565
25233	384566
25235	384567
25238	385949
25241	384569
25244	384571
25245	384572
25247	384489
25248	384490
25250	385795
25253	385797
25256	384491
25257	384492
25259	384495
25260	425761
25262	384493
25263	425762
25265	382938
25268	382903
25271	385804
25274	385806
25277	385680
25280	385682
25283	385684
25286	385686
25289	385688
25292	385690
25295	385692
25298	385694
25301	385696
25304	385698
25307	385857
25310	197619
25312	197621
25314	197623
25316	197625
25318	197627
25320	197629
25322	197631
25324	470443
25326	470445
25328	470447
25330	470449
25332	470451
25334	470535
25336	7299
25338	368288
25340	368289
25343	368290
25345	7409
25347	368262
25352	341768
25354	7451
25356	348009
25358	368305
25360	242561
25362	242495
25364	368265
25366	369497
25368	7292
25370	166186
25372	7297
25375	7370
25378	368294
25380	127848
25382	184069
25384	184071
25386	394672
25388	515333
25390	413259
25392	413261
25394	436929
25396	437284
25398	447964
25400	447966
25402	7420
25404	368309
25406	515335
25408	7442
25410	368292
25412	368293
25414	198537
25416	198539
25418	449796
25423	348017
25425	368296
25427	515343
25430	127858
25432	178312
25434	77831
25436	368272
25438	394355
25440	394357
25443	7446
25445	368243
25449	65349
25451	127856
25455	127842
25459	368271
25462	82440
25464	368298
25466	127866
25468	308801
25471	470527
25473	534134
25475	257653
25477	368230
25479	470525
25481	7440
25483	368283
25485	226582
25487	426706
25489	426708
25495	4652
25497	368241
25499	368242
25507	493475
25509	500434
25511	127850
25513	368291
25515	166189
25517	368285
25519	309529
25521	502147
25523	166191
25527	208822
25529	208824
25531	413257
25535	226968
25539	426710
25541	470529
25543	470531
25545	7403
25547	127862
25549	7376
25551	322884
25553	127860
25555	184073
25557	368297
25559	257648
25561	447961
25564	502143
25566	502145
25568	7432
25570	7434
25572	7436
25574	7438
25576	7428
25578	70783
25580	70785
25582	380124
25584	77829
25588	7397
25590	368275
25592	368276
25594	7422
25596	198541
25598	413253
25600	413255
25608	178314
25610	368295
25612	226584
25614	368249
25618	7415
25620	368260
25622	368261
25627	7380
25629	368248
25987	132300
25988	132301
25989	132302
25990	132303
25991	132304
25992	132305
25993	132306
25994	132307
25995	132308
25996	132309
25997	132310
25998	132311
25999	132312
26000	132326
26001	132327
26002	132328
26003	132329
26004	132330
26005	132331
26006	132332
26007	14592
26008	14596
26009	14598
26010	14599
26011	158207
26012	209351
26013	4474
26014	28302
26015	4563
26019	84926
26020	4326
26021	209344
26022	157526
26024	158397
26025	2043
26026	2045
26027	156412
26028	15089
26029	11540
26030	11542
26031	11544
26032	128396
26033	11542
26034	368498
26035	368499
26036	3668
26037	3670
26038	3672
26039	3674
26040	3676
26041	3678
26042	3680
26043	3681
26044	3682
26045	3684
26046	4575
26047	132351
26048	4577
26049	132352
26050	4579
26051	132353
26052	4581
26053	132354
26054	4583
26055	132355
26056	4585
26057	132356
26058	4587
26059	132357
26060	4589
26061	132358
26062	4591
26063	132359
26064	4761
26065	132360
26066	3412
26067	3413
26068	3414
26069	3415
26070	3416
26071	3417
26072	3418
26073	3419
26074	3420
26075	3421
26076	3422
26077	3423
26078	3424
26079	3425
26080	3857
26081	3858
26082	3859
26083	3860
26084	3861
26085	3862
26086	3863
26087	3864
26088	3865
26089	3866
26090	3867
26091	3868
26092	3869
26093	3870
26094	3871
26095	3872
26096	3873
26097	3874
26098	3875
26099	3876
26100	77958
26101	84935
26102	84936
26103	84937
26104	79751
26105	84938
26106	84939
26107	84940
26108	84941
26109	84942
26110	84943
26111	84944
26112	84945
26113	84946
26114	84947
26115	84948
26116	84949
26117	84950
26118	14426
26119	14427
26120	14428
26121	14429
26122	342456
26123	342457
26124	3976
26125	3978
26126	3979
26127	3980
26128	3982
26129	3983
26130	3984
26131	3985
26132	3986
26133	3987
26134	3988
26135	3989
26136	3990
26137	3991
26138	3992
26139	3993
26140	3994
26141	3995
26142	3810
26143	132333
26144	3812
26145	132334
26146	3814
26147	132335
26148	3816
26149	132336
26150	3818
26151	132337
26152	3820
26153	132338
26154	3822
26155	132339
26156	3824
26157	132340
26158	3826
26159	132341
26160	3828
26161	132342
26162	198548
26163	198549
26164	198550
26165	198551
26166	225910
26167	225911
26168	216624
26169	216625
26170	216626
26171	216627
26172	225912
26173	225913
26174	225914
26175	225915
26176	342450
26177	342451
26178	342452
26179	342453
26180	342454
26181	342455
26182	14420
26183	14421
26184	14422
26185	14423
26186	14424
26187	14425
26188	158890
26189	14431
26190	4086
26191	4087
26192	4088
26193	77923
26194	3331
26195	127489
26196	282876
26197	384362
26198	448151
26199	513522
26206	14849
26207	14850
26208	14853
26209	14854
26210	14855
26211	14943
26212	14946
26213	14947
26214	14949
26215	14950
26216	14952
26217	14965
26218	14966
26219	14967
26220	14968
26221	14969
26222	14970
26223	14971
26224	4066
26225	258126
26226	4068
26227	258127
26228	4070
26229	258128
26230	4072
26231	258129
26232	4074
26233	258130
26234	4076
26235	258131
26236	79788
26237	79789
26238	79790
26239	79791
26240	79792
26241	79793
26242	79794
26243	79795
26244	79796
26245	79797
26246	79798
26247	79799
26248	79800
26249	79801
26250	79802
26251	79803
26252	79804
26253	79805
26254	79741
26255	79742
26256	79743
26257	79744
26258	79745
26259	79746
26260	3514
26261	3517
26262	3522
26263	3523
26264	3526
26265	3527
26266	3529
26267	3530
26268	3533
26269	3534
26270	3535
26271	3536
26272	3537
26273	3538
26274	3539
26275	3540
26276	3541
26277	3542
26278	3543
26279	3544
26280	3579
26281	258132
26282	3581
26283	258133
26284	3583
26285	258134
26286	3585
26287	258135
26288	3587
26289	258136
26290	3589
26291	258137
26292	3591
26293	258138
26294	3593
26295	258139
26296	3595
26297	258140
26298	166911
26299	3706
26306	79676
26307	79677
26308	79678
26309	79679
26310	10020
26311	15087
26312	15086
26313	155417
26314	4274
26315	209483
26316	3612
26317	3614
26318	3615
26319	3616
26320	3617
26321	3618
26322	3619
26323	3620
26324	3621
26325	3622
26326	3623
26327	3624
26328	3625
26329	3626
26330	3627
26331	3628
26332	3629
26333	79598
26334	79599
26335	386751
26336	79601
26337	79602
26338	79603
26339	79604
26340	79605
26341	79606
26342	79607
26343	79608
26344	79609
26345	4490
26346	4491
26347	4492
26348	4493
26349	4494
26350	4495
26351	4496
26352	4497
26353	342447
26354	4499
26355	3232
26356	3233
26357	3234
26358	3235
26359	3236
26360	3237
26361	3238
26362	3239
26363	3240
26364	3241
26365	3242
26366	3244
26367	3246
26368	3247
26369	3248
26370	3249
26371	3250
26372	3251
26375	347701
26376	347421
26377	4000
26378	4001
26379	4002
26380	4003
26381	4004
26382	4005
26383	4006
26384	4007
26385	4008
26386	4009
26387	4010
26388	4011
26389	32714
26390	4118
26391	14973
26392	14974
26393	14975
26394	14976
26395	3312
26396	3313
26397	3314
26398	3315
26399	3316
26400	3317
26401	3318
26402	3319
26403	3320
26404	3321
26405	3322
26406	3323
26407	3324
26408	3325
26409	3326
26410	3327
26411	3328
26412	3329
26416	130277
26417	130278
26418	130279
26419	178228
26420	178229
26421	307692
26496	284978
26504	227953
26527	1845
26529	446471
26532	75237
26533	75238
26536	1835
26547	76353
26562	383011
26563	383012
26564	383013
26565	383014
26584	75239
26585	75240
26586	75241
26588	128478
26589	128479
26591	75231
26592	128480
26593	75233
26594	128481
26595	128482
26596	154474
26602	383015
26604	383016
26605	383017
26606	383018
26607	383019
26866	383020
26867	6870
26868	6871
26869	75283
26870	4645
26871	75264
26872	75266
26873	341787
26874	6874
26875	75363
26876	6878
26877	75368
26878	6942
26879	75263
26880	75265
26881	6879
26882	75272
26883	75275
26884	75262
26885	6876
26886	6877
26887	75276
26888	75369
26889	75267
26890	75273
26891	75274
26892	75261
26893	75364
26894	75268
26896	384310
26899	384313
26902	22756
27107	128483
27108	128469
27109	128470
27110	128471
27111	128472
27112	1838
27113	128473
27114	128474
27115	128475
27116	1856
27117	1849
27118	1857
27119	1833
27120	1858
27121	1859
27122	1860
27123	197590
27124	166170
27125	75229
27126	128466
27127	166171
27128	128468
27129	1830
27130	1832
27131	1834
27132	1836
27133	1848
27134	1850
27135	1851
27136	1841
27137	1852
27138	1843
27139	1853
27140	1854
27141	1855
27142	75242
27143	75243
27144	75244
27145	75245
27146	166177
27147	166178
27148	166179
27149	166180
27150	166181
27151	197586
27152	197587
27153	197582
27154	197583
27155	197584
27156	1872
27157	197585
27158	1869
27159	1870
27160	1871
27161	1873
27162	75226
27163	75227
27164	1874
27165	1875
27166	75246
27167	75247
27168	128465
27169	128467
27170	1862
27171	1863
27172	1864
27173	1865
27174	1866
27175	1867
27176	1840
27177	1842
27178	1844
27179	1846
27180	1847
27181	75228
27182	75230
27183	75232
27184	75234
27185	197579
27186	197580
27187	197581
27188	128484
27189	128485
27190	348991
27191	128487
27192	348993
27193	128489
27194	128490
27195	1837
27196	1839
27197	128476
27198	128477
27199	166169
27200	166172
27201	128479
27202	166174
27203	166175
27204	166176
27205	197588
27206	197589
27207	197590
27208	197591
27282	411890
27284	469381
27286	347636
27289	347662
27292	347691
27295	347919
27299	411875
27301	411877
27303	411879
27305	411881
27307	411883
27309	468611
27311	468613
27313	468615
27315	468619
27317	468621
27328	197657
27329	197656
27330	197659
27331	197660
27332	197658
27333	6513
27334	6514
27335	6515
27336	6516
27338	558290
27339	6805
27340	6806
27341	5110
27342	5112
27343	5155
27344	78955
27345	78956
27346	21191
27347	5157
27348	166110
27349	5159
27350	166109
27351	128563
27352	5145
27353	5146
27354	5147
27355	83687
27356	5149
27357	5150
27358	413638
27359	83688
27360	83689
27361	467897
27362	83691
27364	196907
27365	413639
27366	5113
27367	5117
27368	5119
27369	5123
27370	23046
27371	5127
27372	5128
27373	5138
27374	5140
27375	5141
27376	5142
27378	308801
27379	394357
27380	449796
27381	515595
27382	5134
27383	5135
27384	5136
27385	5137
27387	126431
27388	126433
27389	65899
27390	514155
27391	6353
27392	70702
27393	208813
27394	65898
27395	514156
27398	5475
27400	152404
27402	152406
27404	152408
27406	152425
27408	157365
27410	161763
27411	196967
27412	387011
27416	157378
27418	165744
27419	156420
27420	156648
27421	242862
27422	384288
27423	242866
27424	242868
27425	384289
27426	384290
27427	384291
27428	384292
27429	384287
27431	152819
27433	152821
27435	152793
27437	152795
27439	152797
27441	152778
27443	152780
27445	152782
27447	152784
27449	152786
27451	152788
27453	152754
27455	152756
27457	152758
27459	28495
27461	28497
27463	28501
27465	152766
27467	152768
27469	152770
27471	152799
27473	152801
27475	152803
27477	152772
27479	152774
27481	152776
27483	152826
27485	152828
27487	152830
27489	152805
27491	152807
27493	152809
27495	152742
27497	152744
27499	152746
27501	152760
27503	152762
27505	152764
27507	27404
27509	27407
27511	27413
27513	152811
27515	152813
27517	152815
27519	152748
27521	152750
27523	152752
27533	467804
27535	196904
27536	196905
27538	196906
27539	394252
27540	384509
27541	384473
27542	384410
27543	384412
27544	384414
27545	384447
27546	384449
27547	384451
27551	385001
27552	385003
27553	385005
27554	384680
27555	384682
27556	384684
27557	384817
27558	384819
27559	384821
27560	384976
27561	384978
27562	384980
27563	384399
27564	384401
27565	384403
27566	6096
27567	6097
27569	412403
27570	310605
27571	468902
27573	120965
27574	120966
27575	120967
27576	120968
27577	120969
27578	15853
27579	120959
27580	120960
27581	120961
27582	120962
27583	120963
27584	15242
27585	14249
27586	66753
27587	5394
27588	244205
27589	156640
27600	184029
27601	184030
27602	184031
27603	184032
27604	184033
27605	184034
27606	184035
27607	184036
27608	184037
27609	467835
27610	467836
28581	5955
28582	5955
28583	2492
28584	64536
28585	64536
28586	82271
28587	82272
28588	82273
28589	82274
28590	82275
28591	82276
28592	82277
28593	82278
28594	82279
28595	82280
28596	2850
28597	2851
28598	2852
28599	2853
28600	2854
28601	2515
28602	209030
28603	5955
28604	12668
28605	65878
28606	65879
28607	65879
28608	2878
28609	2879
28610	130771
28611	130772
28612	241745
28613	241746
28614	2495
28615	2496
28616	437096
28617	2498
28618	2499
28619	75209
28620	75210
28621	82372
28622	82373
28623	75211
28624	208899
28625	208899
28626	209009
28627	209027
28628	208899
28629	208899
28630	208979
28631	208979
28632	209030
28633	209030
28634	209030
28635	209030
28636	209030
28637	209030
28638	209030
28639	2855
28640	130780
28641	130781
28642	130782
28643	130783
28644	130784
28645	209036
28646	209036
28647	209036
28648	209036
28649	130776
28650	130777
28651	130778
28652	130779
28653	209007
28654	209007
28655	130770
28656	208977
28657	208977
28658	2464
28659	2470
28660	209009
28661	209027
28662	208899
28663	208916
28664	2342
28665	208916
28666	208916
28667	2846
28668	209009
28669	209027
28670	208899
28671	2414
28672	2415
28673	2416
28674	2417
28675	2418
28676	2419
28677	2420
28678	2421
28679	209000
28680	209000
28681	209000
28682	209000
28683	209000
28684	209000
28685	209000
28686	209000
28687	209000
28688	209030
28689	209030
28690	209030
28691	209030
28692	209030
28693	209030
28694	208931
28695	209030
28696	209030
28697	209030
28698	64486
28699	2505
28700	2506
28701	2507
28702	2508
28703	2509
28704	2510
28705	2511
28706	2512
28707	2513
28708	75203
28709	130773
28710	130774
28711	2856
28712	209030
28713	209030
28714	209030
28715	209030
28716	209030
28717	209030
28718	209030
28719	209030
28720	209030
28721	209030
28722	208931
28723	208931
28724	467114
28725	467115
28726	467116
28727	467117
28728	467118
28729	467119
28730	467120
28731	467121
28732	467122
28733	467123
28734	467124
28735	467415
28736	467416
28737	469023
28738	467418
28739	467419
28740	467420
28741	467421
28746	342163
28748	447578
28751	447581
28754	257845
28757	447586
28775	11034
28777	14399
28778	11041
28780	1414
28782	11046
28783	11048
28784	11006
28785	1416
28786	14451
28787	11176
28788	1362
28789	4759
28790	11183
28791	4737
28792	8973
28793	8975
28794	8977
28796	11177
28797	1364
28798	1365
28799	1366
28800	8982
28801	13509
28802	8983
28803	13546
28804	8981
28805	14735
28806	14755
28807	1367
28808	11010
28809	14875
28810	1369
28811	208427
28813	14883
28814	208429
28816	208432
28820	26399
29023	74768
29027	74769
29030	74770
29033	74771
29035	2935
29036	2936
29037	2937
29055	74772
29057	159098
29059	159100
29061	159102
29063	159128
29065	159116
29088	208434
29090	208436
29092	208438
29094	208440
29096	208442
29098	208444
29100	208446
29102	208448
29104	208450
29106	208452
29108	208454
29110	208459
29112	208461
29114	208463
29116	208465
29118	208467
29120	208469
29122	208518
29124	158995
29126	158997
29132	159003
29134	159005
29136	159007
29138	159009
29140	159051
29142	159053
29144	159055
29146	159057
29148	159059
29150	159061
29152	159063
29154	159065
29156	403213
29157	159067
29159	208425
29161	403225
29162	208489
29164	403226
29165	403239
29167	403241
29168	403242
29170	403209
29171	403210
29172	403211
29173	403212
29175	513919
29177	513920
29179	8704
29180	8744
29181	8746
29182	8749
29183	8751
29184	8753
29185	8754
29186	8757
29187	8758
29188	8759
29189	8760
29190	8761
29191	8762
29192	8763
29217	403221
29218	403222
29224	6037
29231	6066
29232	6081
29235	6285
29238	6290
29240	25518
29242	227207
29243	232149
29244	130748
29246	10761
29248	82737
29251	232150
29253	233747
29254	241728
29256	130749
29259	241729
29261	501053
29262	385548
29263	385549
29264	386771
29266	283207
29267	501105
29268	501065
29271	10692
29273	10694
29275	10696
29278	6517
29282	63911
29284	6281
29286	130746
29288	130734
29291	243803
29292	283203
29294	283205
29295	283206
29297	283208
29302	77473
29304	232248
29305	242953
29306	244512
29308	244514
29311	244517
29313	225533
29315	130758
29317	243531
29318	425856
29319	425858
29320	426504
29321	426505
29323	385557
29325	467541
29326	467543
29327	559152
29329	471330
29331	225529
29334	70846
29337	130738
29339	348578
29341	197634
29343	165896
29345	74789
29348	130740
29351	412429
29352	380116
29353	385546
29354	345432
29356	132276
29359	226878
29363	177946
29365	77471
29368	366216
29370	412431
29371	412433
29372	402484
29373	412758
29376	65979
29378	11687
29380	130756
29382	177948
29383	177949
29384	283201
29386	152475
29388	346058
29389	77468
29391	128559
29392	184241
29394	82753
29396	184243
29402	386980
29404	367543
29408	348581
29410	516407
29412	471332
29414	368389
29418	513309
29420	513367
29424	132499
29425	132501
29426	132502
29427	501516
29428	501517
29430	470453
29432	470455
29434	385544
29436	197636
29438	157928
29439	7117
29440	158350
29443	467144
29444	467142
29446	513246
29448	244527
29450	346060
29451	322902
29452	348580
29453	368387
29454	466166
29455	368393
29457	436653
29458	447548
29460	447550
29463	513393
29464	513335
29465	513395
29467	513297
29468	515715
29469	515716
29472	29061
29473	29072
29474	29080
29475	64175
29476	64176
29478	241720
29479	6283
29482	197638
29484	197640
29485	197643
29486	197644
29487	225409
29488	132498
29489	501519
29491	348483
29495	533189
29499	493613
29501	447543
29502	559155
29503	447545
29504	445199
29505	447058
29506	447060
29508	11749
29510	11796
29512	11815
29514	11869
29516	7156
29518	10158
29520	10665
29521	10681
29523	10683
29524	225535
29525	165892
29527	165898
29528	225528
29529	209711
29530	196881
29533	412762
29535	437304
29537	492481
29538	152474
29539	152477
29540	346094
29541	322884
29544	493319
29546	558288
29552	82749
29554	82751
29556	225527
29558	130753
29561	368391
29562	368392
29563	466326
29660	308444
29689	346648
29772	190125
29791	346659
29832	403223
29833	403224
29834	513922
29835	513923
29836	513921
29837	403219
29839	403220
29840	20916
29841	19485
29842	19760
29843	20244
29844	21390
29845	20861
29846	403234
29847	403235
29848	403236
29849	403237
29850	403238
29890	13878
29935	197548
29937	197550
29939	448217
29943	448219
29945	448221
29947	448223
29949	448225
29951	448227
29953	448229
29955	448231
29957	448233
29959	208491
29961	208493
29963	208499
29965	208506
29967	208508
29969	208510
29971	208512
29973	208514
29975	208516
29977	208475
29979	208477
29981	208479
29989	208487
29991	159011
29993	159013
29995	159015
29997	159017
29999	159019
30001	159021
30003	159023
30005	159025
30007	159027
30009	159029
30011	159031
30013	159033
30015	159035
30017	159037
30019	159039
30021	159041
30023	159043
30025	159045
30027	159047
30029	159049
30031	159069
30033	159071
30035	159073
30038	159076
30041	159079
30045	244498
30047	244500
30048	244489
30050	244491
30051	244492
30053	244494
30054	244495
30056	244497
30083	71249
30090	8764
30091	8765
30092	8766
30093	8767
30094	8768
30095	8769
30096	8770
30097	70399
30098	70400
30099	70401
30100	75074
30101	79826
30102	79827
30103	84559
30104	131162
30105	131163
30106	131164
30107	131165
30108	131166
30109	131167
30110	154778
30111	154779
30112	177732
30113	182995
30114	198281
30115	208421
30116	216705
30117	227017
30118	241710
30119	244361
30120	244362
30121	309051
30122	369694
30123	347925
30124	347926
30125	369695
30126	386291
30127	386292
30128	493614
30129	411899
30130	411900
30131	426120
30132	436440
30133	447399
30134	447400
30135	467581
30136	467582
30137	501925
30138	513503
30142	8771
30143	8772
30144	70402
30145	182996
30146	182997
30147	182998
30148	84560
30149	182999
30151	66444
30152	66445
30153	66446
30154	66447
30155	66448
30156	70403
30157	66450
30158	166350
30159	166351
30160	70404
30161	4559
30162	84561
30163	84562
30164	183000
30165	153187
30166	131168
30167	131169
30168	131170
30169	131171
30170	131172
30171	198282
30172	198283
30173	8773
30174	244363
30175	347927
30176	183001
30177	75075
30178	8775
30179	8777
30180	8778
30181	2085
30182	2086
30183	66452
30184	2088
30185	2089
30186	66455
30187	84564
30188	79829
30189	79828
30191	84565
30192	166352
30193	84566
30194	84567
30195	216706
30197	131173
30198	309069
30199	309070
30200	309071
30201	309072
30202	309073
30203	309074
30204	309075
30205	466340
30206	309076
30208	309078
30209	309079
30210	309080
30211	309081
30212	309082
30213	309083
30214	309084
30215	348442
30216	309086
30217	309087
30218	309088
30219	309089
30220	348443
30221	348444
30222	348445
30223	425763
30224	501012
30225	501926
30232	348446
30234	369697
30235	436441
30236	8787
30237	8789
30238	8791
30239	8793
30240	8795
30241	8797
30242	8799
30243	8801
30244	8803
30245	8805
30246	8807
30247	8809
30248	8811
30249	8813
30250	8815
30251	8817
30252	8819
30253	8821
30254	8823
30255	8825
30256	8827
30257	8829
30258	8831
30259	8833
30260	8835
30261	8837
30262	8839
30263	8841
30264	8843
30265	8845
30266	8847
30267	8849
30268	8851
30269	8853
30270	8855
30271	8857
30272	8859
30273	8861
30274	8863
30275	8865
30276	8867
30277	8869
30278	8871
30279	8873
30280	8875
30281	8877
30282	8879
30283	8881
30284	8883
30285	8885
30286	8887
30287	8889
30288	8891
30289	8893
30290	8895
30291	60613
30292	66458
30293	66460
30294	75077
30295	79830
30296	131174
30297	84568
30298	131175
30299	131176
30300	131177
30301	131178
30302	60619
30303	66462
30304	66464
30305	66466
30306	75079
30307	79831
30308	79832
30309	131179
30310	84569
30311	131180
30312	131181
30313	131182
30314	131183
30315	131184
30316	60622
30317	66468
30318	66470
30319	66472
30320	75081
30321	79833
30322	79834
30323	131185
30324	84570
30325	131186
30326	131187
30327	131188
30328	131189
30329	131190
30330	79835
30331	411902
30332	386293
30333	369698
30334	348528
30335	425787
30336	425788
30337	227018
30338	348529
30339	369699
30340	241736
30341	216708
30342	208422
30343	198285
30344	183003
30345	177734
30346	154781
30347	411904
30348	386294
30349	369700
30350	348543
30351	309091
30352	244365
30353	227019
30354	348544
30355	244366
30356	369701
30357	241737
30358	216710
30359	216711
30360	198286
30361	183005
30362	177736
30363	154783
30364	411906
30365	386295
30366	369702
30367	348548
30368	309092
30369	244367
30370	227020
30371	348549
30372	244368
30373	369703
30374	241738
30375	216713
30376	208423
30377	198287
30378	183007
30379	177738
30380	154783
30381	131191
30382	166353
30383	166354
30384	166355
30385	244369
30386	386296
30387	386297
30388	386298
30389	411908
30390	411910
30391	411912
30392	426121
30393	426122
30394	426123
30395	436443
30396	436445
30397	436447
30398	447446
30399	447447
30400	447448
30401	447449
30402	467583
30403	467584
30404	467585
30405	467586
30406	467587
30407	467588
30408	493615
30409	493616
30410	493617
30411	501927
30412	501928
30413	501929
30414	513505
30415	513507
30416	513509
30426	11406
30427	11406
30454	63220
30457	63223
30458	66607
30460	31097
30462	2591
30464	2593
30466	2595
30468	2597
30470	31115
30472	120810
30474	31122
30476	32289
30478	32291
30480	32297
30482	2611
30484	32303
30486	32308
30488	32311
30490	2620
30492	2622
30494	2624
30496	23509
30498	23511
30500	23303
30502	23305
30504	23310
30506	2636
30508	2638
30510	27114
30512	27122
30514	27128
30516	130589
30518	130591
30520	130593
30522	26759
30524	26762
30526	26765
30528	2658
30530	130595
30532	130597
30534	130599
30536	121453
30538	130601
30540	130602
30542	130603
30544	130604
30546	130605
30548	130606
30550	130607
30552	130609
30554	130611
30556	166155
30558	166156
30560	177728
30562	197201
30564	208814
30566	227026
30568	233411
30570	284764
30572	346163
30574	346165
30576	368312
30578	368314
30580	385861
30582	411493
30584	425868
30586	436609
30588	467079
30590	467081
30592	493170
30594	514189
30668	156805
30669	368341
30670	158170
30671	19340
30672	11308
30673	2074
30674	155810
30675	11311
30676	11312
30677	11313
30678	11324
30679	11325
30680	11326
30681	368102
30682	11337
30683	11338
30684	11339
30685	11340
30686	310048
30687	310049
30688	310050
30689	310051
30690	310052
30691	347502
30692	23678
30693	386953
30694	402690
30695	11341
30696	208670
30697	11343
30698	11350
30699	11328
30700	11329
30701	11330
30702	11331
30703	368004
30704	11333
30705	21565
30706	4359
30707	11336
30708	310042
30709	310043
30711	158023
30712	466163
30713	284161
30714	284168
30715	11314
30716	11315
30717	11316
30718	11317
30719	11318
30720	368098
30721	11320
30722	11321
30723	11322
30724	11323
30725	467926
30726	467927
30727	467928
30728	467929
30784	468785
30786	468786
30788	448243
30818	21256
30842	448241
30843	448247
30846	448251
30848	448245
30849	448240
30850	448246
30852	448238
30854	448236
30856	448237
30858	448244
30860	448242
30861	448248
30862	448249
30863	448250
30871	1678
30873	1679
30874	1680
30875	1663
30876	1664
30877	1665
30878	1666
30879	1648
30880	1667
30881	1650
30882	1668
30883	1652
30884	1669
30885	1653
30886	1670
30887	1655
30888	1671
30889	1657
30890	1672
30891	1659
30892	1673
30893	1697
30894	1698
30895	1699
30896	77443
30897	1701
30898	77438
30899	1703
30900	1704
30901	1705
30902	77440
30903	1707
30904	77441
30905	1709
30906	1710
30907	1649
30908	1711
30909	1712
30910	1713
30911	1714
30912	1715
30913	1716
30916	7077
30917	7241
30918	18195
30919	1645
30920	1646
30921	7245
30923	346776
30924	7248
30927	7757
30928	30070
30972	30073
30974	7764
30976	30081
30978	30084
30980	30087
30982	7772
30984	30095
30986	30097
30988	10805
30990	10809
30992	10812
30994	11541
30996	10817
30998	130282
31000	31791
31002	11549
31004	31585
31006	11554
31008	130284
31010	130286
31012	130288
31014	31599
31016	31601
31018	11707
31020	31608
31022	31611
31024	13110
31025	13113
31026	73407
31027	66568
31029	130293
31031	60571
31033	73409
31035	120865
31037	60467
31039	130295
31041	130297
31043	130299
31045	130301
31047	130303
31049	166097
31051	385217
31053	130305
31055	130307
31057	130309
31059	77915
31061	77917
31063	121303
31066	166099
31068	178018
31070	182723
31072	197722
31074	208816
31076	225427
31078	232422
31080	368214
31082	243341
31084	320563
31086	227142
31088	243343
31090	284357
31092	346210
31094	368216
31096	385219
31098	412141
31100	82535
31101	130312
31103	82733
31105	130314
31107	130316
31109	130318
31111	120759
31113	130320
31115	130322
31117	130324
31119	166101
31121	130326
31123	156210
31125	166103
31127	178045
31129	166105
31131	182725
31133	178047
31135	197724
31137	182727
31139	208818
31141	197726
31143	225497
31145	208820
31147	225499
31149	227149
31151	232424
31153	232426
31155	243447
31157	243449
31159	284359
31161	284361
31163	368218
31165	346230
31167	346232
31169	346234
31171	346236
31173	346238
31175	368220
31177	368222
31179	368224
31181	385221
31183	385223
31185	412143
31187	412145
31189	412147
31191	412149
31193	425950
31195	425890
31197	82495
31198	130329
31199	130331
31200	166088
31201	166089
31202	177693
31203	196993
31204	207593
31205	182729
31207	182731
31209	182733
31211	182735
31213	182737
31215	182739
31217	182741
31219	182743
31221	225675
31222	232428
31223	284363
31225	284366
31227	343398
31234	346368
31236	346246
31238	346248
31240	346250
31242	368226
31244	368228
31246	385225
31248	412151
31250	425814
31252	436578
31254	467201
31256	467162
31258	493429
31260	515199
31266	385227
31268	412153
31270	412155
31272	412157
31274	446302
31276	467042
31278	467044
31280	467046
31282	467048
31284	515201
31297	412159
31345	425854
31347	436650
31349	446908
31351	446910
31353	467232
31355	467234
31357	493246
31359	501512
31361	515203
31369	436590
31371	446885
31373	446887
31375	467288
31377	467290
31379	467292
31381	493433
31383	501514
31385	515205
31393	77922
31394	243078
31624	157396
31640	26988
31651	447569
31652	447570
31653	447571
31654	447572
31655	447573
31656	2367
31657	307600
31658	307601
31659	307602
31660	307603
31661	307604
31662	307605
31663	307606
31664	307607
31670	307613
31671	9254
31672	307615
31673	307617
31674	9845
31678	307623
31679	307624
31680	307625
31681	307626
31682	307631
31683	24476
31684	307628
31685	307629
31688	307634
31689	307635
31690	307636
31691	307637
31692	307638
31693	307639
31694	158167
31695	158168
31696	307642
31697	307643
31698	307644
31699	307645
31700	307646
31701	307647
31704	23953
31705	9849
31706	368809
31707	157301
31708	157300
31709	426387
31710	426388
31711	426389
31796	448235
31797	197552
31800	198375
31801	344901
31804	130355
31805	384350
31808	380169
31809	198054
31811	87724
31813	154801
31817	77523
31819	128503
31820	448209
31822	309942
31824	213312
31825	3950
31826	126369
31827	308628
31831	437238
31832	25434
31837	178293
31839	207428
31844	152892
31846	66610
31851	197732
31853	77649
31854	411988
31857	182986
31858	155414
31859	348043
31860	82472
31863	227112
31864	4704
31866	75322
31868	131566
31869	16071
31872	412397
31873	4702
31874	153063
31875	23123
31876	403215
31877	208574
31878	190132
31879	470400
31896	341440
31905	153101
31967	380233
31972	411169
32016	128917
32046	436755
32098	11924
32450	341391
32496	515627
32697	368481
32702	447441
32780	405623
33332	11929
33341	448197
33537	341565
33597	445098
33598	467786
33599	467787
33600	467788
33601	467789
33627	4780
33630	76355
33635	384351
33639	197990
33646	17247
33648	8447
33651	130063
33652	74810
33654	492931
33657	130489
33658	308629
33662	152695
33663	75017
33666	232387
33667	425123
33669	207429
33673	152893
33677	161759
33682	197733
33683	77610
33684	64476
33688	182987
33689	155095
33690	156399
33691	1353
33692	394188
33693	1370
33694	157771
33700	25893
33705	166065
33710	470395
33712	4733
33714	157210
33715	4599
33718	13301
33722	469086
33725	448209
33726	450210
33727	384733
33729	4797
33730	4798
33731	4799
33732	4800
33733	79291
33734	307667
33736	307684
33739	307670
33741	307672
33743	345585
33745	345587
33747	307674
33749	345589
33751	368825
33753	368827
33755	394429
33757	493056
33759	492594
33761	501913
33763	514948
33765	514950
33767	514952
33773	307679
33774	307681
33775	307683
33776	307680
33777	307677
33778	307678
33779	468509
33780	468510
33781	307685
33782	307669
33783	394431
33786	403244
33788	436438
33790	445779
33792	445781
33794	468511
33796	468513
33798	468515
33800	468517
33802	345591
33804	403246
33806	468519
33810	307676
33811	307686
33812	307682
33813	380207
33814	380209
33815	380211
33816	380213
33817	380215
33818	380217
33819	380219
33820	380221
33821	380223
33822	380225
33823	380165
33824	380167
33825	380171
33826	380173
33827	380175
33828	380177
33829	380179
33830	380181
33831	380183
33832	380185
33833	380187
33834	380189
33835	380191
33836	380193
33837	380195
33838	380197
33839	380199
33840	380201
33841	380203
33842	380205
33855	76357
33856	447810
33857	467917
33859	445316
33862	447946
33864	447948
33866	447950
33868	447952
33870	447954
33872	447956
33874	447685
33876	447687
33878	447881
33880	447883
33882	447885
33884	447887
33891	166321
33898	447895
33900	447897
33902	447899
33904	447901
33906	447903
33908	447905
33910	447907
33912	447909
33914	447911
33916	447913
33918	447915
33920	447917
33922	447919
33924	447921
33926	447923
33928	447925
33929	447926
33930	447927
33931	447928
33932	447929
33934	447931
33936	447933
33938	447935
33940	447937
33942	447939
33944	447941
33946	10013
33947	283659
33948	342507
33949	197554
33951	197556
33953	197558
33955	197560
33957	197562
33959	244998
33961	245000
33963	245002
33964	245003
33965	245004
34221	446474
34224	446477
34227	446480
34230	446483
34233	446486
34236	446489
34239	446492
34242	446495
34245	446498
34248	446501
34319	446630
34322	446633
34495	446605
34497	446607
34500	446610
34503	446613
34506	446616
34509	446619
34511	446621
34514	446624
34517	446627
34520	446504
34523	446507
34525	446509
34528	446512
34531	446515
34534	446518
34536	446521
34538	446524
34540	446527
34542	446530
34583	10977
34584	74543
34586	231820
34588	244756
34590	308270
34592	344903
34594	369494
34596	386002
34598	411997
34600	128393
34652	10622
34654	10624
34756	88394
34757	88394
34758	88396
34759	88396
34760	88398
34761	88398
34762	3130
34763	3130
34764	3131
34765	3131
34766	88500
34767	88500
34768	88518
34769	88518
34770	88350
34771	88350
34772	88351
34773	88351
34774	88352
34775	88352
34776	88353
34777	88353
34778	88350
34779	88350
34780	88351
34781	88351
34782	88352
34783	88352
34784	88353
34785	88353
34786	88350
34787	88350
34788	88351
34789	88351
34790	88352
34791	88352
34792	88353
34793	88353
34794	3143
34795	3143
34796	3144
34797	3144
34798	3145
34799	3145
34800	198172
34801	198172
34802	130365
34803	130365
34804	130377
34805	130377
34806	88392
34807	88392
34808	88393
34809	88393
34810	88285
34811	88285
34812	88286
34813	88286
34814	88287
34815	88287
34816	88288
34817	88288
34818	88396
34819	88396
34820	3105
34821	3105
34822	88896
34823	88896
34824	88763
34825	88763
34826	88611
34827	88611
34828	88612
34829	88612
34830	88613
34831	88613
34832	89030
34833	89030
34834	89031
34835	89031
34836	89032
34837	89032
34838	88886
34839	88886
34840	19803
34841	19803
34842	19805
34843	19805
34844	89094
34845	89094
34846	89095
34847	89095
34848	88843
34849	88843
34850	88844
34851	88844
34852	88845
34853	88845
34854	88957
34855	88957
34856	88847
34857	88847
34858	20801
34859	20801
34860	88849
34861	88849
34862	87390
34863	87390
34864	88952
34865	88952
34866	88887
34867	88887
34868	75566
34869	75566
34870	16725
34871	16725
34872	245412
34873	245412
34874	245414
34875	245414
34876	245416
34877	245416
34878	245418
34879	245418
34880	245420
34881	245421
34888	309513
34889	309513
34890	309515
34891	309515
34892	309517
34893	309517
34894	309519
34895	309519
34896	13252
34897	13252
34898	18872
34899	18872
34900	18880
34901	18880
34902	18940
34903	18940
34904	18996
34905	18996
34906	15127
34907	15127
34908	15128
34909	15128
34910	226565
34911	226565
34912	226567
34913	226567
34914	19898
34915	19898
34916	12241
34917	12241
34918	20036
34919	20036
34920	20039
34921	20039
34922	88765
34923	88765
34924	88767
34925	88767
34926	88770
34927	88770
34928	20874
34929	20874
34930	20878
34931	20878
34932	20912
34933	20912
34936	20919
34937	20919
34938	82816
34939	82816
34940	6186
34941	6186
34942	6187
34943	6187
34944	6188
34945	6188
34946	82817
34947	82817
34948	89725
34949	89725
34950	130280
34951	130280
34952	18736
34953	18736
34954	82813
34955	82813
34956	18762
34957	18762
34958	14230
34959	89041
34960	14231
34961	14231
34962	14234
34963	14234
34964	11656
34965	11656
34966	413666
34967	413666
34968	413668
34969	413668
34970	413670
34971	413670
34972	413672
34973	413672
34974	426724
34975	426724
34976	426726
34977	426726
34978	426728
34979	426728
34980	368482
34981	368482
34982	368484
34983	368484
34984	368486
34985	368486
34986	368488
34987	368488
34988	368490
34989	368490
34990	348616
34991	348616
34992	348618
34993	348618
34994	88525
34995	88525
34996	88526
34997	88526
34998	20020
34999	20020
35000	413660
35001	413660
35002	413662
35003	413662
35004	413664
35005	413664
35006	426714
35007	426714
35008	426716
35009	426716
35010	426718
35011	426718
35012	88568
35013	88568
35014	88569
35015	88569
35016	88570
35017	88570
35018	88571
35019	88571
35020	88572
35021	88572
35022	16737
35023	16737
35024	16740
35025	16740
35026	16751
35027	16751
35028	16755
35029	16755
35030	16757
35031	16757
35032	88836
35033	88836
35034	88675
35035	88675
35036	88677
35037	88677
35038	89990
35039	89990
35040	88524
35041	88524
35042	82786
35043	82786
35044	82787
35045	82787
35046	470491
35047	470491
35048	470493
35049	470493
35050	470495
35051	470495
35052	470497
35053	470497
35054	470500
35055	470500
35056	470602
35057	470602
35058	470604
35059	470604
35060	89120
35061	89120
35062	89121
35063	89121
35064	89123
35065	89123
35066	89125
35067	89125
35068	89127
35069	89127
35070	89128
35071	89128
35072	89129
35073	89129
35074	88536
35075	88536
35076	20716
35077	20716
35078	20721
35079	20721
35080	20730
35081	20730
35082	88540
35083	88540
35084	348535
35085	348535
35086	348537
35087	348537
35088	348540
35089	348540
35090	348541
35091	348541
35092	347904
35093	347904
35094	17586
35095	17586
35096	89091
35097	89091
35098	90000
35099	90000
35100	15105
35101	15105
35102	15106
35103	15106
35104	15107
35105	15107
35106	11743
35107	11743
35108	15124
35109	15124
35110	16518
35111	16518
35112	16519
35113	16519
35114	88790
35115	88790
35116	20359
35117	20359
35118	20375
35119	20375
35120	20390
35121	20390
35122	20394
35123	20394
35124	20396
35125	20396
35126	88908
35127	88908
35128	17830
35129	17830
35130	12729
35131	12729
35132	12731
35133	12731
35134	12733
35135	12733
35136	88703
35137	88703
35138	88704
35139	88704
35140	88705
35141	88705
35142	19861
35143	19861
35144	309532
35145	309532
35146	309534
35147	309534
35148	309519
35149	309519
35150	82788
35151	82788
35152	82789
35153	82789
35154	88890
35155	88890
35156	88891
35157	88891
35158	88892
35159	88892
35160	88893
35161	88893
35162	88837
35163	88837
35164	88839
35165	88839
35166	88553
35167	88553
35168	88554
35169	88554
35170	14390
35171	14390
35172	88670
35173	88670
35174	88671
35175	88671
35176	449888
35177	449888
35178	449890
35179	449890
35180	449892
35181	449892
35182	449894
35183	449894
35184	449896
35185	449896
35186	19144
35187	19144
35188	19147
35189	19147
35190	89068
35191	89068
35192	89069
35193	89069
35194	88726
35195	88726
35196	88727
35197	88727
35198	88728
35199	88728
35200	88729
35201	88729
35202	13318
35203	13318
35204	82802
35205	82802
35206	82803
35207	82803
35208	82804
35209	82804
35210	82805
35211	82805
35212	88617
35213	88617
35214	88618
35215	88618
35216	88619
35217	88619
35218	88618
35219	88618
35220	88622
35221	88622
35222	389502
35223	309493
35224	309493
35225	309495
35226	309495
35227	309497
35228	309498
35229	309498
35230	216194
35231	216194
35232	309502
35233	309502
35234	89037
35235	89037
35236	89037
35237	89037
35238	89039
35239	89039
35240	470620
35241	470620
35242	470622
35243	470622
35246	470626
35247	470626
35248	89037
35249	89037
35250	89039
35251	89039
35252	16906
35253	16906
35254	20585
35255	20585
35256	20589
35257	20589
35258	20592
35259	20592
35260	20855
35261	20855
35262	449305
35263	449305
35264	449307
35265	449307
35266	449309
35267	449309
35268	449311
35269	449311
35270	226569
35271	226569
35272	226571
35273	226571
35274	226573
35275	226573
35276	226575
35277	226575
35278	88841
35279	88841
35280	449898
35281	449898
35282	66093
35283	66093
35284	13304
35285	13304
35286	88692
35287	88692
35288	88693
35289	88693
35290	13318
35291	13318
35292	17826
35293	17826
35294	17828
35295	17828
35296	88638
35297	88638
35298	17889
35299	17889
35300	404747
35301	404747
35302	88820
35303	88820
35304	88821
35305	88821
35306	88822
35307	88822
35308	88823
35309	88823
35310	88824
35311	88824
35312	88825
35313	88825
35314	87390
35315	87390
35316	88608
35317	88608
35318	88755
35319	88755
35320	66108
35321	66108
35322	66109
35323	66109
35324	89130
35325	89130
35326	89111
35327	89111
35328	89112
35329	89112
35330	18996
35331	18996
35332	347946
35333	347946
35334	347914
35335	347914
35336	347916
35337	347916
35338	470501
35339	470501
35340	470503
35341	470503
35342	470505
35343	470505
35344	20741
35345	20741
35346	20746
35347	20746
35348	20747
35349	20747
35352	88751
35353	88751
35354	96068
35355	96068
35356	88630
35357	88630
35358	88966
35359	88966
35360	88968
35361	88968
35362	19865
35363	19865
35364	88842
35365	88842
35366	14413
35367	14413
35368	18996
35369	18996
35370	73312
35371	73312
35372	73313
35373	73313
35374	73314
35375	73314
35376	73315
35377	73315
35378	73316
35379	73316
35380	73317
35381	73317
35382	89035
35383	89035
35384	19986
35385	19986
35386	88970
35387	88970
35388	88971
35389	88971
35390	88758
35391	88758
35392	88759
35393	88759
35394	88976
35395	88976
35396	88978
35397	88978
35398	88979
35399	88979
35400	88980
35401	88980
35402	88981
35403	88981
35404	14400
35405	14400
35406	18712
35407	18712
35408	18715
35409	18715
35410	18719
35411	18719
35412	18720
35413	18720
35414	470610
35415	470610
35416	470612
35417	470612
35418	470614
35419	470614
35420	13963
35422	11875
35423	470616
35424	470616
35425	470618
35426	14370
35447	470618
35450	470636
35451	470636
35452	470638
35453	470638
35454	470640
35455	470640
35456	470642
35457	470642
35458	470644
35459	470644
35460	89033
35461	89033
35462	6160
35463	6160
35464	6164
35465	6164
35466	88810
35467	88810
35468	88811
35469	88811
35470	11743
35471	11743
35472	88814
35473	88814
35474	88725
35475	88725
35476	88775
35477	88775
35478	88776
35479	88776
35480	13872
35481	13872
35482	13895
35483	13895
35484	309538
35485	309538
35486	309540
35487	309540
35488	66058
35489	66058
35490	66059
35491	66059
35492	15101
35493	15101
35494	88563
35495	88563
35496	88565
35497	88565
35498	88566
35499	88566
35500	17588
35501	17588
35502	17589
35503	17589
35504	17590
35505	17590
35506	88629
35507	88629
35508	88954
35509	88954
35510	88955
35511	88955
35512	88956
35513	88956
35514	88957
35515	88957
35516	88959
35517	88959
35518	88960
35519	88960
35520	88961
35521	88961
35522	87390
35523	87390
35524	13293
35525	13293
35526	513151
35527	513152
35528	513154
35529	513153
35530	17922
35531	513168
35532	82708
35533	16838
35534	449928
35535	227754
35536	130763
35537	78819
35538	244210
35539	20395
35540	203258
35541	15484
35542	15486
35543	15649
35544	15843
35545	15846
35546	15851
35547	13021
35548	13901
35549	513148
35551	13010
35552	22954
35553	284190
35554	515253
35556	14018
35558	501921
35559	3934
35560	198545
35561	513156
35562	12963
35563	14240
35564	15402
35565	14218
35566	14384
35567	403248
35568	184727
35569	12938
35570	3937
35571	3938
35572	3939
35573	3940
35574	3941
35575	3942
35576	3943
35577	11858
35578	369804
35580	369805
35582	369760
35584	369806
35586	17019
35587	14356
35588	284191
35589	244207
35590	244208
35591	15396
35592	14028
35593	17093
35594	78887
35595	12937
35596	14562
35597	14566
35598	13968
35599	13977
35600	14593
35601	16897
35602	11862
35603	14014
35604	14016
35605	15856
35606	284189
35607	78816
35608	78817
35609	347688
35610	412845
35611	14097
35612	21415
35613	14574
35614	512968
35615	244209
35616	17101
35617	17952
35618	364691
35619	65200
35620	3936
35621	14228
35623	14486
35624	65213
35625	11860
35626	14493
35627	14498
35628	14514
35629	469977
35630	12947
35631	16814
35632	16828
35633	16828
35634	16831
35635	12351
35636	346008
35637	347687
35638	130764
35639	513158
35640	11851
35641	70863
35642	70864
36392	382948
36399	77954
36417	21393
36423	6346
36424	6348
36425	6349
36426	6350
36427	6352
36428	344137
36429	32720
36430	6355
36431	1643
36432	1651
36433	1654
36434	1660
36435	1661
36436	1662
36437	77488
36438	1717
36439	1683
36440	1718
36441	1685
36442	1719
36443	1687
36444	1720
36445	1689
36446	1721
36447	1691
36448	1722
36449	1693
36450	1723
36451	1695
36452	1724
36453	1725
36454	1726
36455	1727
36456	1728
36457	1682
36458	1684
36459	1686
36460	1688
36461	1690
36462	1692
36463	1694
36464	1696
36465	1729
36466	344138
36467	344139
36468	402714
36469	402715
36470	344143
36471	344144
36472	344145
36473	344146
36474	402713
36475	344140
36476	344141
36477	344142
36538	384352
36539	384353
36540	384354
36541	384355
36542	384356
36543	384357
36544	384358
36545	6356
36546	6357
36547	445522
36548	166897
36549	4622
36550	6340
36551	6342
36552	157510
36553	65916
36554	65917
36555	65918
36556	23113
36557	70740
36558	75248
36559	75249
36560	17322
36561	77566
36562	77567
36563	77568
36564	23675
36565	82134
36566	128912
36567	128913
36569	128915
36570	128916
36571	154731
36572	154732
36573	154733
36574	154734
36575	154735
36576	154736
36577	166121
36578	166122
36579	178307
36580	178308
36581	178309
36582	178310
36583	198040
36584	198041
36585	23430
36586	216726
36587	232297
36588	244358
36589	244359
36590	31139
36591	244360
36592	6094
36593	257814
36594	411595
36595	426375
36596	426650
36597	436475
36598	436476
36599	447267
36600	493155
36601	493156
36602	513449
36603	513450
36607	226058
36617	87726
36619	87728
36621	87730
36623	87732
36625	161935
36627	161937
36629	161939
36631	161941
36633	369509
36635	369511
36643	154802
36644	154803
36645	154804
36646	154805
36647	154806
36648	154807
36649	154808
36650	154809
36651	154810
36658	154788
36659	154789
36660	154790
36661	154791
36662	154792
36663	154793
36664	154794
36665	154795
36666	154796
36667	154797
36668	154798
36669	154799
36698	158360
36699	20723
36700	8305
36701	13207
36702	19312
36703	20913
36704	20921
36705	21224
36706	130421
36707	23423
36708	8293
36709	20965
36710	19541
36711	8353
36712	8392
36713	8357
36714	8423
36715	23385
36716	130431
36717	23399
36718	8314
36719	8309
36720	8450
36721	11013
36722	8322
36723	21115
36724	12355
36725	8647
36726	20367
36727	8332
36728	19888
36729	8281
36730	20594
36731	8346
36732	20608
36733	197122
36734	8359
36735	8402
36736	14015
36737	8283
36738	21384
36739	20979
36740	20986
36741	21001
36742	8395
36743	20739
36744	17500
36745	8291
36746	8409
36747	75650
36748	8400
36749	20415
36750	20426
36751	20463
36752	8344
36753	21167
36754	8451
36755	18741
36756	21173
36757	21218
36758	19757
36759	20632
36760	8328
36761	8349
36762	8448
36763	8413
36764	8313
36765	9546
36766	16713
36767	8348
36768	20049
36769	8278
36771	22976
36772	8408
36773	8323
36774	8404
36775	8434
36776	17071
36777	8296
36778	15684
36779	8386
36780	8393
36781	8351
36782	19735
36783	19767
36784	8438
36785	8648
36786	23323
36787	8370
36788	20627
36789	8374
36790	20008
36791	20021
36792	78825
36793	18032
36794	20077
36795	20155
36796	20492
36797	20498
36798	20505
36800	14841
36801	8455
36802	8297
36803	130438
36804	130439
36805	8360
36806	20379
36807	425223
36808	130440
36809	130441
36810	425220
36811	8350
36812	8326
36813	225570
36814	8387
36815	8415
36816	19466
36817	383010
36818	20885
36819	20644
36820	20651
36821	23043
36822	8419
36823	9527
36824	8299
36825	21581
36826	8355
36827	21045
36828	21068
36829	425209
36830	20790
36831	425224
36832	425225
36833	425226
36834	8649
36835	8444
36836	8399
36837	130425
36838	8457
36839	20873
36840	8385
36841	75648
36842	20312
36843	19458
36844	8286
36845	225573
36846	8428
36847	19315
36848	78823
36849	21221
36850	20793
36851	8361
36852	21575
36853	130436
36854	425222
36855	383009
36857	77525
36858	77526
36859	77527
36860	77528
36863	77530
36865	77532
36867	77534
36869	77536
36877	445803
36880	445806
36882	445808
36884	445810
36886	445812
36888	77485
36891	77513
36893	77515
36895	77517
36897	77519
36978	15286
36998	14489
37008	18201
37009	121272
37010	121273
37011	77589
37013	121274
37014	121275
37015	128504
37016	128505
37017	121279
37018	128506
37019	184140
37020	177864
37021	177865
37022	177866
37023	177867
37024	177868
37025	198092
37026	426083
37027	128499
37028	426084
37029	426085
37030	426086
37031	426087
37032	347187
37033	70798
37034	70799
37035	70800
37036	70801
37037	70802
37038	426067
37039	386335
37040	347194
37041	347193
37042	347195
37043	70818
37044	70819
37045	70820
37046	70821
37047	70822
37048	469955
37049	469956
37050	469957
37051	469958
37052	469959
37053	469960
37054	198090
37055	198091
37056	225673
37057	426072
37058	225674
37059	426097
37060	469950
37061	469951
37062	70789
37063	70790
37064	70791
37065	70792
37066	184144
37067	426064
37068	177861
37069	284206
37070	284207
37071	284208
37072	284209
37073	386336
37074	386333
37075	386337
37076	426094
37077	128497
37078	284228
37079	284229
37080	241688
37081	241689
37082	241690
37083	241691
37084	241692
37085	284221
37086	426069
37087	177860
37088	426070
37089	426079
37090	347186
37091	70803
37092	70804
37093	70805
37094	70806
37095	70807
37096	70813
37097	70814
37098	70815
37099	70816
37100	70817
37101	198084
37102	198085
37103	198086
37104	198087
37105	198088
37106	198089
37107	4656
37108	7908
37109	7909
37110	7910
37111	7911
37112	159152
37113	166090
37114	166091
37115	159155
37116	166092
37117	184138
37118	426088
37119	426089
37120	426090
37121	426091
37122	426092
37123	426093
37124	128507
37125	469961
37126	469954
37127	166096
37128	166094
37129	198094
37130	225661
37131	225662
37132	225663
37133	225664
37134	241693
37135	166095
37136	177862
37137	177863
37138	426078
37139	70793
37140	70794
37141	70795
37142	70796
37143	70797
37144	70823
37145	70824
37146	70825
37147	70826
37148	70827
37149	82488
37150	82489
37151	82490
37152	82491
37153	82492
37154	184137
37155	225666
37156	225667
37157	225667
37158	225669
37159	225670
37160	225671
37161	225672
37162	70828
37163	70829
37164	70830
37165	70831
37166	70832
37167	469952
37168	469953
37169	70833
37170	70834
37171	70835
37172	70836
37173	184139
37174	386326
37175	386327
37176	386328
37177	386329
37178	386330
37179	386331
37180	426071
37181	426081
37182	426065
37183	347188
37184	347189
37185	347190
37186	347191
37187	347192
37188	369355
37189	127493
37190	127494
37191	127495
37192	127496
37193	127497
37194	241694
37195	241695
37196	241696
37197	241697
37198	241687
37199	426077
37200	469973
37201	469974
37202	128491
37203	128492
37204	128493
37205	128494
37206	128495
37207	184141
37208	128508
37209	426082
37210	426073
37211	426075
37212	347184
37213	347185
37214	426068
37215	70808
37216	70809
37217	70810
37218	70811
37219	70812
37220	426066
37221	284222
37222	284223
37223	284224
37224	284225
37225	284226
37226	284227
37227	426080
37270	208884
37271	198063
37272	198049
37273	198056
37274	198053
37275	198065
37276	208878
37277	208879
37278	208880
37279	225460
37280	225461
37281	225462
37282	198069
37283	208886
37284	227198
37285	227199
37286	227157
37287	227158
37288	208888
37289	232955
37290	225385
37291	232956
37292	208883
37293	232957
37294	232958
37295	198083
37296	198047
37297	198048
37298	198077
37299	208881
37300	208882
37301	208885
37302	225386
37303	198076
37304	198046
37305	198052
37306	198058
37307	198059
37308	198060
37309	198061
37310	198062
37311	198064
37312	198050
37313	198066
37314	198067
37315	198068
37316	198070
37317	208878
37318	198072
37319	198073
37320	227161
37321	233627
37322	233628
37323	233629
37324	233630
37325	198078
37326	198079
37327	198080
37328	198081
37329	198082
37330	198051
37331	225492
37332	225493
37333	225494
37334	227203
37335	227204
37336	227205
37337	227206
37338	198055
37339	88350
37340	88350
37341	88351
37342	88351
37343	88352
37344	88352
37345	88353
37346	88353
37347	88354
37348	88354
37349	88355
37350	88355
37351	88356
37352	88356
37353	3065
37354	3065
37355	88194
37356	88194
37357	88276
37358	88276
37359	88467
37360	88467
37361	88468
37362	88468
37363	3105
37364	3105
37365	88478
37366	88478
37367	88479
37368	88479
37369	130345
37370	130345
37371	130347
37372	130347
37373	130337
37374	130337
37375	130351
37376	130351
37377	130353
37378	130353
37379	130341
37380	130341
37381	3137
37382	3137
37383	3138
37384	3138
37385	3139
37386	3139
37387	66900
37388	66900
37389	88516
37390	88516
37391	88517
37392	88517
37393	130371
37394	130371
37395	130373
37396	130373
37397	130375
37398	130375
37399	130399
37400	130399
37401	130343
37402	130343
37403	88520
37404	88520
37405	88521
37406	88521
37407	90107
37408	90107
37409	3050
37410	3050
37411	3051
37412	3051
37413	88390
37414	88390
37415	88458
37416	88458
37417	130379
37418	130379
37419	130381
37420	130381
37421	88350
37422	88350
37423	88351
37424	88351
37425	88352
37426	88352
37427	88353
37428	88353
37429	2796
37430	2796
37431	2797
37432	2797
37433	2798
37434	2798
37435	88394
37436	88394
37437	88396
37438	88396
37439	88398
37440	88398
37441	130367
37442	130367
37443	3072
37444	3072
37445	66903
37446	66903
37447	130390
37448	130390
37449	130361
37450	130361
37451	130363
37452	130363
37453	88350
37454	88350
37455	88351
37456	88351
37457	88352
37458	88352
37459	88353
37460	88353
37461	88350
37462	88350
37463	88351
37464	88351
37465	88352
37466	88352
37467	88353
37468	88353
37469	88390
37470	88390
37471	3015
37472	3015
37473	88501
37474	88501
37475	88502
37476	88502
37477	88503
37478	88503
37479	130387
37480	130387
37481	88449
37482	88449
37483	130370
37484	130370
37485	130409
37486	130409
37487	130411
37488	130411
37489	88350
37490	88350
37491	88351
37492	88351
37493	88352
37494	88352
37495	88353
37496	88353
37497	2781
37498	2781
37499	88278
37500	88278
37501	88279
37502	88279
37503	88280
37504	88280
37505	88281
37506	88281
37507	88282
37508	88282
37509	88283
37510	88283
37511	88284
37512	88284
37513	2792
37514	2792
37515	2793
37516	2793
37517	2794
37518	2794
37519	2795
37520	2795
37521	347666
37522	347667
37523	130766
37524	130765
37525	512969
37526	514382
37527	394425
37528	394426
37529	394427
37530	15489
37531	14109
37532	14142
37533	382934
37537	426052
37539	17021
37540	78815
37541	62907
37542	370265
37543	16778
37544	16786
37545	16792
37546	513056
37547	341672
37548	121280
37549	394230
37552	3964
37554	308630
37555	343212
37558	127087
37559	75018
37564	70701
37565	207430
37571	152894
37576	130264
37581	197734
37583	77641
37584	411989
37586	182988
37587	426754
37588	348044
37589	82473
37591	156585
37594	74775
37597	75302
37599	131365
37604	127156
37605	403217
37606	208575
37607	470413
37609	402784
37612	78755
37613	4986
37614	1894
37616	13302
37618	5046
37621	152471
37624	74810
37626	384735
37630	74811
37633	6456
37639	8216
37641	8218
37643	368808
37645	8222
37647	8224
37648	8225
37650	16063
37651	166529
37652	469353
37653	493271
37654	411653
37660	11859
37661	14213
37662	14246
37663	14248
37664	15379
37665	515593
37666	17936
37667	15500
37668	17103
37669	17947
37670	11855
37671	12770
37672	12935
37673	513044
37674	15384
37675	512965
37676	347683
37677	347684
37678	347685
37679	347686
37680	11861
37681	13958
37683	18008
37684	513146
37685	17179
37686	198546
37687	198547
37688	370264
37689	10035
37690	513055
37691	14233
37692	13912
37693	12944
37694	12945
37695	12946
37696	232389
37697	14529
37698	14532
37699	14536
37700	14540
37701	14545
37702	14548
37703	242911
37704	513030
37705	242900
37706	14372
37707	16835
37708	15508
37709	15609
37710	437106
37711	449929
37712	449930
37713	449931
37714	14482
37715	347672
37716	347673
37717	347674
37718	347675
37719	347676
37720	347677
37721	14587
37722	14590
37723	14360
37726	14553
37727	14556
37728	469979
37729	14254
37730	347665
37731	16861
37732	16871
37733	369762
37735	369764
37737	369765
37739	347689
37740	165829
37741	165830
37742	165831
37743	16935
37744	17001
37745	12948
37746	12950
37747	12951
37748	12952
37749	126266
37750	493272
37751	345882
37752	197957
37753	78814
37756	75500
37757	515594
37758	226451
37759	11857
37760	469975
37761	469976
37762	78813
37763	12939
37764	17932
37765	341673
37766	341674
37767	386704
37768	386705
37769	182835
37770	121281
37771	121282
37772	121283
37773	121285
37774	121286
37775	121287
37776	121288
37777	121289
37778	121290
37779	79530
37780	121276
37781	121277
37782	12437
37783	121278
37784	121283
38018	309470
38019	309470
38020	309472
38021	309472
38022	309474
38023	309474
38024	309476
38025	309476
38026	309478
38027	309478
38028	12677
38029	12677
38030	89137
38031	89137
38032	88624
38033	88624
38034	88625
38035	88625
38036	88626
38037	88626
38038	13318
38039	13318
38040	89033
38041	89033
38042	368492
38043	368492
38044	368494
38045	368494
38046	426712
38047	426713
38048	66110
38049	66110
38050	66111
38051	66111
38052	88810
38053	88810
38054	88932
38055	88932
38056	89140
38057	89140
38058	89141
38059	89141
38060	89142
38061	89142
38062	88945
38063	88945
38064	245424
38065	245425
38066	245426
38067	245426
38068	245428
38069	245428
38070	245430
38071	245430
38072	66116
38073	66116
38074	88683
38075	88683
38076	66117
38077	66117
38078	88685
38079	88685
38080	88686
38081	88686
38082	88687
38083	88687
38084	88688
38085	88688
38086	89131
38087	89131
38088	16449
38089	16449
38090	89133
38091	89133
38092	89134
38093	89134
38094	347906
38095	347906
38096	347908
38097	347908
38098	347910
38099	347910
38100	347912
38101	347912
38102	426738
38103	426738
38104	426740
38105	426740
38106	426742
38107	426742
38108	426744
38109	426744
38110	88932
38111	88932
38112	88992
38113	88992
38114	66107
38115	66107
38116	16924
38117	16924
38118	16930
38119	16930
38120	88563
38121	88563
38122	88565
38123	88565
38124	88566
38125	88566
38126	88605
38127	88605
38128	88606
38129	88606
38130	89120
38131	89120
38132	89121
38133	89121
38134	89123
38135	89123
38136	89125
38137	89125
38138	82825
38139	82825
38140	89060
38141	89060
38142	89061
38143	89061
38144	309504
38145	309504
38146	309506
38147	309506
38148	18086
38149	18086
38150	76463
38151	76463
38152	18192
38153	18192
38154	18197
38155	18197
38156	88860
38157	88860
38158	88860
38159	88860
38160	88860
38161	88860
38162	88860
38163	88860
38164	18465
38165	18465
38166	426730
38167	426730
38168	426732
38169	426732
38170	426734
38171	426734
38172	426736
38173	426736
38174	12786
38175	12786
38176	449274
38177	449274
38178	449276
38179	449276
38180	82809
38181	82809
38182	82810
38183	82810
38184	82811
38185	82811
38186	82812
38187	82812
38188	82814
38189	82814
38190	88937
38191	88937
38192	88938
38193	88938
38194	449270
38195	449270
38196	449272
38197	449272
38198	13374
38199	13374
38200	66060
38201	66060
38202	66061
38203	66061
38204	66062
38205	66062
38206	13314
38207	13314
38208	66063
38209	66063
38210	66064
38211	66064
38212	88796
38213	88796
38214	18784
38215	18784
38216	82808
38217	82808
38218	413674
38219	413674
38220	413676
38221	413676
38222	394231
38223	394232
38224	394233
38225	394234
38226	394235
38227	394236
38228	394237
38229	394238
38230	394239
38231	394240
38232	394241
38233	394242
38234	394243
38237	394246
38238	394247
38239	394248
38240	394249
38241	394250
38243	2407
38246	2399
38254	427871
38255	470066
38259	161813
38260	161814
38261	161815
38262	161816
38263	161817
38264	161818
38265	161819
38266	161820
38267	3506
38268	3965
38269	3509
38270	3954
38271	3956
38272	3957
38273	4364
38274	4365
38275	4366
38276	3958
38277	3959
38278	3960
38279	3505
38280	3507
38281	3945
38282	3946
38283	3947
38284	3948
38285	3949
38289	126348
38290	126349
38291	126351
38292	126352
38293	126354
38294	126358
38295	126360
38296	126361
38302	226987
38303	226988
38304	348294
38305	348295
38306	348296
38307	402744
38308	183579
38309	183580
38310	183581
38311	226994
38312	226995
38313	226996
38314	348464
38315	348465
38316	348466
38317	348279
38318	348280
38319	348281
38320	426676
38321	426677
38322	426678
38326	165692
38327	165693
38328	165694
38329	309805
38330	130523
38331	309806
38332	309807
38333	309808
38334	348458
38335	348459
38336	348460
38337	348461
38338	348462
38339	348463
38340	368854
38341	368855
38342	368856
38343	447171
38344	447172
38345	447173
38352	226972
38353	226973
38354	226974
38355	348282
38356	468533
38357	468534
38358	348285
38359	426682
38360	426683
38361	426684
38362	514944
38363	493273
38364	493274
38365	348264
38366	348265
38367	226975
38368	226976
38369	226977
38370	348274
38371	416689
38372	348276
38373	416690
38374	416691
38379	165688
38380	165689
38381	165691
38382	165648
38383	165649
38384	165651
38385	198262
38386	198263
38387	198264
38388	368832
38389	368833
38390	158568
38391	368835
38392	402725
38393	402726
38394	402727
38398	130564
38399	232557
38400	232558
38401	232559
38402	402722
38403	402723
38404	402724
38405	447168
38406	447169
38407	447170
38411	226472
38412	226474
38413	226476
38414	348275
38415	348277
38416	348278
38417	384344
38418	384345
38419	384346
38420	402740
38421	402719
38422	402720
38429	501904
38430	501905
38431	501906
38433	177915
38435	177917
38437	177919
38444	348292
38445	348293
38449	368848
38450	368849
38451	368850
38453	368837
38455	368839
38457	368841
38458	447183
38459	447184
38460	447185
38464	226984
38465	226985
38467	226986
38468	226465
38469	226466
38470	226467
38471	348286
38472	348287
38473	348288
38474	368845
38475	368846
38476	368847
38477	447174
38478	447175
38479	447176
38480	309811
38484	514935
38485	514936
38486	514937
38487	227004
38488	226468
38489	226469
38490	226470
38491	348246
38492	348247
38493	348248
38495	368857
38497	368858
38499	368859
38500	493279
38501	493280
38502	493281
38503	493275
38507	233832
38508	233833
38509	233834
38510	233835
38511	226978
38512	226979
38513	226980
38514	402716
38515	402717
38516	402718
38517	183594
38518	468572
38519	468573
38520	468574
38521	426673
38522	426674
38523	426675
38524	436940
38525	436941
38526	436942
38527	468521
38528	468522
38529	468523
38530	183609
38531	183610
38532	183611
38533	165655
38534	165656
38535	165657
38536	198259
38537	198260
38538	198261
38539	347647
38540	347648
38541	347649
38542	347650
38543	347651
38544	347652
38545	426679
38546	426680
38547	426681
38548	368829
38549	368830
38550	368831
38551	347644
38552	347645
38553	347646
38554	368864
38555	368865
38556	368866
38557	468575
38558	468576
38559	468577
38560	226997
38561	226998
38563	227000
38564	426667
38565	426668
38566	426669
38567	447180
38568	447181
38569	447182
38570	468553
38571	468554
38572	468555
38574	402737
38575	402738
38576	402739
38578	227484
38580	227486
38582	183604
38583	348297
38584	348298
38585	348299
38586	348261
38587	348262
38588	348263
38589	468560
38590	468561
38591	468562
38592	493276
38593	493277
38594	493278
38595	309809
38596	309810
38597	309812
38598	468535
38599	468536
38600	468537
38601	468538
38602	468539
38603	468540
38604	514941
38605	514942
38606	514943
38607	514938
38608	514939
38609	514940
38611	244075
38612	244076
38613	244077
38614	192297
38615	192298
38616	192299
38617	402721
38618	468559
38619	436943
38620	436944
38621	436945
38625	468527
38626	468528
38627	468529
38628	468530
38629	468531
38630	468532
38631	308631
38632	308632
38633	308633
38634	342150
38635	341688
38636	341689
40334	121327
40335	6644
40336	6690
40337	292862
40338	121324
40339	121325
40340	121326
40341	426101
40342	426102
40343	426103
40344	513497
40345	513498
40346	513499
40347	130580
40348	130581
40349	165668
40350	165669
40351	165670
40352	244410
40353	244412
40354	244414
40355	154487
40356	154488
40357	154489
40358	394317
40359	394318
40360	394319
40361	512985
40362	412026
40363	412027
40364	412028
40365	412029
40366	412030
40370	208526
40371	208527
40372	208528
40373	368771
40374	368772
40375	368773
40376	346605
40377	346606
40378	346607
40379	493074
40380	493075
40381	493076
40382	165658
40383	165659
40384	165661
40385	513467
40386	513468
40387	513469
40388	165699
40389	165700
40390	165701
40391	368752
40392	368753
40393	368754
40394	368765
40395	368766
40396	368767
40397	394309
40398	394310
40399	469994
40400	469995
40401	469997
40402	470007
40403	470008
40404	470009
40408	346602
40409	346603
40410	346604
40411	426098
40412	426099
40413	426100
40414	449903
40415	449904
40416	449905
40417	368793
40418	368795
40419	368797
40420	394306
40421	394307
40422	394308
40423	368755
40424	368756
40425	368757
40426	412023
40427	412024
40428	412025
40429	411994
40430	411995
40431	411996
40435	227474
40436	227476
40437	183595
40438	198273
40439	198274
40440	198275
40441	412017
40442	412018
40443	412019
40444	183572
40445	183573
40446	183575
40447	227487
40448	227488
40449	227489
40453	346570
40454	346571
40455	346571
40456	346573
40457	346574
40458	469980
40459	469982
40460	469983
40461	469984
40462	513470
40463	513471
40464	513472
40468	412006
40469	412007
40470	412008
40471	449909
40472	449910
40473	449911
40474	449912
40475	449913
40476	449914
40477	493091
40478	493092
40479	493093
40483	130568
40484	130570
40485	130572
40486	227492
40487	232548
40488	232549
40489	130505
40490	232551
40491	513488
40492	513489
40493	513490
40497	244402
40498	244404
40499	244406
40500	394331
40501	394332
40502	394333
40503	394349
40504	394350
40505	394351
40506	394352
40507	394353
40508	394354
40509	130560
40510	130561
40511	130563
40512	513491
40513	513492
40514	513493
40515	183582
40516	183583
40517	183584
40518	470010
40519	470011
40520	470012
40521	130502
40522	157522
40523	130504
40524	130505
40525	130506
40526	165677
40527	165679
40528	165681
40529	501275
40530	501276
40531	501277
40532	513482
40533	513483
40535	513484
40536	346584
40537	346585
40538	346586
40539	346587
40540	346588
40541	346589
40542	346575
40543	346576
40544	346577
40545	346578
40546	346579
40547	346580
40548	470019
40549	470020
40550	470022
40551	493094
40552	493095
40553	493096
40554	469998
40555	469999
40556	470000
40557	493085
40558	493086
40559	493087
40560	493071
40561	493072
40562	493073
40569	130522
40570	130524
40571	130525
40572	130526
40573	232516
40574	232517
40575	232518
40576	207260
40577	130491
40578	207261
40582	2839
40583	64536
40584	209036
40585	199628
40586	158039
40587	5953
40588	5954
40589	5955
40590	209000
40593	12668
40595	197197
40596	197198
40771	126543
40772	127071
40773	127072
40774	127073
40775	127074
40776	159134
40777	159136
40778	159137
40779	165629
40780	165630
40781	165631
40782	165632
40783	177723
40784	242068
40785	242069
40786	242071
40787	242072
40788	243468
40789	368748
40790	380241
40791	380242
40792	380243
40793	208540
40794	380244
40795	380245
40796	467770
40797	467771
40798	467772
40799	467773
40800	467774
40801	467775
40802	467776
40803	493243
40804	493244
40805	493245
40806	177725
40807	177726
40808	177727
40809	183116
40810	183118
40811	183119
40812	208539
40813	225650
40814	225652
40815	225653
40816	127088
40817	127081
40818	344933
40819	344934
40820	344935
40821	344936
40822	368733
40823	368734
40824	368735
40825	368736
40826	368737
40827	368738
40828	127083
40829	127084
40830	228022
40831	228023
40832	228024
40833	242063
40834	242065
40835	242066
40836	242067
40837	501500
40838	513451
40839	513452
40840	513453
40841	513454
40842	513455
40843	513456
40844	513457
40845	513458
40846	513459
40847	183122
40848	183123
40849	183124
40850	183126
40851	197646
40852	197647
40853	380234
40854	380235
40855	380236
40856	380237
40857	380238
40858	380239
40859	380240
40860	411484
40861	411485
40862	411486
40863	243463
40864	243464
40865	243465
40866	243466
40867	284214
40868	284215
40869	368739
40870	368740
40871	368741
40872	368742
40873	501502
40874	368744
40875	368745
40876	368746
40877	426395
40878	426396
40879	449343
40880	197653
40881	436925
40882	436926
40883	436927
40884	436928
40885	449344
40886	449345
40896	127082
40897	165620
40898	165621
40899	165622
40900	513460
40901	513461
40902	513462
40903	513463
40909	243469
40910	243469
40911	411487
40912	411488
40913	411489
40914	411490
40915	411491
40916	411492
40917	341344
40918	426393
40919	426394
40920	449346
40921	449347
40922	449348
40923	449349
40924	449350
40925	467765
40926	467766
40927	467767
40928	467768
40929	467769
40930	493236
40931	493237
40932	493238
40933	493239
40934	493240
40935	493241
40936	493242
40937	501496
40938	501497
40939	501498
40940	127085
40941	127086
40942	127089
40943	127090
40944	127091
40945	197648
40946	197650
40947	197652
40948	208541
40949	208542
40950	284216
40951	284217
40952	344927
40953	344928
40954	344929
40955	344930
40956	344931
40957	344932
40958	437240
40959	437241
40960	437242
40961	437243
40962	437244
40963	437245
40964	437246
40965	437247
40966	437248
40967	437249
40968	437250
40969	437251
40970	437252
40971	437253
40972	437254
40973	437255
40974	468635
40975	468636
40976	468637
40977	468638
40978	468639
40979	468640
40980	468641
40981	468642
40982	468643
40983	177788
40984	177789
40985	177790
40986	177791
40987	177792
40988	177793
40989	177794
40990	177795
40991	177796
40992	177797
40993	177798
40994	177799
40995	177800
40996	177801
40997	177802
40998	177803
40999	177804
41000	177805
41001	75159
41002	75160
41003	75161
41004	75162
41005	75163
41006	75164
41007	75165
41008	75166
41009	75167
41010	75168
41011	184331
41012	184332
41013	184333
41014	184334
41015	184335
41016	184336
41017	184337
41018	184338
41019	184339
41020	184340
41021	184341
41022	184342
41023	184343
41024	184344
41025	184345
41026	184346
41027	184347
41028	184348
41029	152625
41030	152626
41031	152627
41032	152628
41033	152629
41034	152630
41035	152631
41036	152632
41037	152633
41038	152634
41039	152635
41040	152636
41041	152637
41042	152638
41043	152641
41044	152642
41045	152677
41046	152678
41047	184321
41048	184322
41049	184323
41050	184324
41051	184325
41052	184326
41053	184327
41054	184328
41055	184329
41056	184330
41057	437260
41058	468690
41059	437262
41060	152670
41061	437264
41062	152672
41063	437266
41064	152674
41065	437268
41066	152676
41067	368413
41068	177745
41069	368414
41070	177747
41071	368415
41072	177749
41073	368416
41074	177751
41075	368417
41076	177753
41077	468697
41078	437229
41079	468698
41080	152651
41081	468699
41082	152653
41083	468700
41084	152655
41085	468701
41086	226887
41087	129783
41088	129784
41089	129785
41090	129786
41091	129785
41092	129788
41093	129789
41094	129790
41095	129791
41096	129792
41097	184349
41098	184350
41099	184351
41100	184352
41101	184353
41102	184354
41103	184355
41104	184356
41105	184357
41106	184358
41107	242618
41108	152666
41109	385184
41111	385185
41112	225960
41113	385186
41114	225962
41115	385187
41116	225964
41117	385188
41118	225966
41119	413193
41121	413195
41122	129646
41123	413196
41124	129648
41125	413197
41126	129650
41127	413198
41128	129652
41139	232500
41140	232501
41141	232504
41142	232505
41143	232507
41144	232508
41145	232509
41146	232510
41147	232511
41148	232512
41149	152643
41150	244023
41151	244024
41152	244025
41153	244026
41154	244027
41155	244028
41156	244029
41157	244030
41158	244031
41159	244032
41160	244033
41161	244034
41162	244035
41163	244036
41164	244037
41165	244038
41166	208961
41167	243991
41168	208963
41169	243992
41170	208965
41171	243993
41172	208967
41173	243994
41174	208969
41175	243995
41176	208971
41177	243996
41178	413204
41179	413205
41180	413206
41181	413207
41182	413208
41183	413209
41184	413210
41185	413211
41186	413212
41187	413213
41188	413214
41189	413215
41190	413216
41191	413217
41192	413218
41193	413219
41194	413220
41195	413221
41196	152694
41197	152695
41198	152696
41199	152697
41200	152698
41201	152699
41202	152700
41203	152701
41204	152702
41205	152703
41206	152704
41207	152705
41208	152706
41209	152707
41210	152708
41211	152709
41212	152710
41213	152711
41214	177744
41215	177746
41216	177748
41217	177750
41218	177752
41220	11905
41221	11906
41222	12190
41223	12191
41224	12195
41225	12196
41226	12201
41227	12202
41228	12295
41229	12296
41230	242613
41231	129643
41233	129645
41234	129647
41235	129649
41236	129651
41237	11789
41239	11791
41241	11793
41243	11898
41245	11900
41247	13626
41248	468644
41249	468645
41250	13628
41251	10901
41252	13629
41253	468646
41254	13631
41256	13632
41257	13634
41258	13635
41260	13636
41261	11100
41263	13064
41264	13065
41265	13066
41274	73411
41275	402323
41276	284230
41277	467008
41278	533324
41279	156209
41280	156208
41281	75073
41282	11856
41283	242573
41284	445770
41285	284230
41286	82496
41287	436887
41288	11811
41289	64260
41290	13067
41291	13068
41292	13069
41293	13070
41294	13071
41295	13072
41296	13073
41297	284402
41298	242793
41299	242794
41300	242795
41301	242796
41302	242797
41303	284403
41304	284404
41305	284405
41306	284406
41307	11105
41308	11107
41309	11152
41310	11153
41311	11155
41312	11156
41313	11157
41314	11159
41315	11160
41316	11161
41317	12431
41318	12432
41319	12433
41320	12434
41321	12435
41322	12449
41323	12450
41324	12451
41325	12452
41326	14333
41327	14335
41328	14336
41329	14337
41330	14464
41331	14519
41332	14521
41333	14530
41334	14531
41335	14537
41336	15596
41337	15597
41338	15600
41339	15601
41340	15602
41341	15603
41342	15604
41343	15614
41344	15739
41345	15758
41346	11477
41347	11478
41348	11479
41349	11480
41350	11481
41351	11482
41352	11483
41353	11484
41354	11485
41355	13558
41356	13559
41357	13560
41358	13561
41359	13562
41360	13563
41361	13564
41362	13565
41363	13566
41364	13575
41365	14204
41366	14205
41367	14206
41368	14207
41369	14208
41370	14209
41371	14210
41372	14211
41373	14225
41374	64038
41375	64039
41376	73326
41377	73337
41378	64040
41379	75572
41380	75573
41381	75574
41382	75575
41383	75576
41384	11162
41385	11163
41386	11165
41387	11167
41388	11168
41389	11263
41390	11264
41391	11266
41392	11267
41393	11471
41394	13031
41395	13040
41396	166129
41397	17377
41398	17380
41399	17383
41400	17385
41401	17388
41402	17389
41403	17391
41404	17393
41405	17395
41406	17397
41407	14087
41408	14088
41409	64043
41410	64044
41411	64045
41412	10874
41413	79331
41414	79332
41415	84194
41416	84195
41417	13926
41418	13929
41419	13930
41420	13932
41421	13934
41422	13937
41423	13939
41424	13940
41425	13947
41426	242813
41427	14538
41428	14585
41429	12998
41430	14812
41431	14814
41432	15175
41433	15182
41434	15186
41435	15189
41436	15190
41437	11486
41438	11823
41439	12412
41440	12416
41441	12418
41442	64048
41443	64049
41444	12423
41445	12425
41446	12427
41447	132261
41448	156277
41449	156278
41450	178329
41451	165594
41452	184906
41453	184907
41454	184908
41455	184909
41456	184910
41464	10895
41467	14091
41468	14092
41469	14094
41470	14095
41471	14096
41472	14098
41473	14099
41474	14056
41475	14057
41476	14058
41477	14071
41478	14073
41479	14075
41480	14077
41481	14078
41482	14079
41483	14083
41484	15208
41485	15209
41486	15210
41487	15574
41488	15588
41489	15589
41490	15591
41491	15593
41492	15594
41493	15595
41494	64060
41495	64061
41496	64062
41497	64063
41498	64064
41499	426063
41500	368352
41501	368353
41502	368354
41503	368355
41504	368356
41505	368357
41506	368358
41507	368359
41508	368360
41509	368361
41510	13539
41511	13541
41512	13542
41513	13543
41514	13544
41515	13553
41516	9972
41517	13555
41518	13556
41519	13557
41520	284395
41521	342293
41522	284396
41523	284397
41524	342294
41525	342295
41526	342296
41527	342297
41528	342298
41529	342299
41530	17402
41531	17403
41532	17405
41533	17406
41534	17409
41535	17412
41536	17414
41537	17417
41538	17418
41539	17420
41540	13531
41541	13532
41542	13533
41543	13534
41544	13535
41545	13536
41546	13537
41547	13538
41548	15193
41549	15194
41550	15195
41551	10903
41552	11095
41553	11096
41554	11097
41555	11098
41556	11099
41557	11102
41558	14185
41559	14188
41560	14190
41561	14192
41562	14194
41563	75569
41564	14199
41565	14200
41566	14202
41567	14203
41568	13639
41569	13640
41570	13649
41571	13839
41572	13840
41573	13845
41574	13856
41575	13857
41576	13858
41577	13861
41578	13948
41579	13949
41580	13951
41581	13952
41582	13954
41583	14046
41584	14047
41585	14049
41586	14050
41587	14053
41588	342302
41589	342303
41590	342304
41591	342305
41592	342306
41593	368342
41594	368343
41595	368344
41596	368345
41597	368346
41598	13602
41599	13604
41600	13606
41601	4783
41602	9974
41603	9991
41604	10870
41605	10872
41606	10874
41607	64041
41608	64042
41609	13014
41610	13015
41611	13016
41612	13025
41613	13026
41614	13027
41615	13028
41616	13030
41617	11472
41618	11473
41619	12453
41620	12706
41621	12707
41622	12709
41623	12710
41624	12711
41625	12746
41626	12747
41627	12748
41628	12766
41629	12769
41630	12771
41631	12772
41632	12774
41633	12775
41634	12997
41635	12999
41636	13000
41637	13001
41638	184904
41639	184905
41640	184911
41641	184912
41642	184913
41643	208346
41644	216656
41645	216657
41646	216658
41647	216659
41648	470578
41649	470579
41650	470580
41651	470581
41652	470582
41653	470583
41654	470584
41655	493536
41656	493537
41657	493538
41658	13862
41659	75567
41660	13864
41661	75568
41662	13865
41663	166151
41664	166152
41665	166153
41666	166154
41667	13866
41668	13870
41669	13871
41670	13873
41671	13875
41672	13876
41673	13878
41674	13880
41675	13882
41676	13883
41677	13576
41678	13577
41679	13578
41680	13579
41681	13581
41682	13582
41683	13583
41684	13585
41685	13586
41686	13587
41687	166141
41688	166142
41689	166143
41690	166144
41691	166145
41692	166146
41693	166147
41694	166148
41695	166149
41696	166150
41697	16039
41698	16040
41699	16042
41700	61670
41701	16044
41702	16807
41703	16813
41704	16815
41705	16832
41706	16850
41707	121500
41708	156276
41709	13614
41710	208347
41711	241897
41712	241898
41713	342289
41714	342290
41715	342291
41716	342292
41717	437112
41718	437113
41719	448159
41720	470539
41721	470540
41722	470541
41723	470542
41724	470543
41725	470544
41726	470545
41736	226362
41737	216662
41738	216663
41739	216664
41740	216665
41741	241899
41742	241900
41743	241901
41744	64058
41745	64059
41746	16884
41747	16885
41748	16937
41749	17344
41750	17350
41751	17353
41752	17355
41753	17359
41754	157983
41755	368347
41756	368348
41757	368349
41758	368350
41759	368351
41760	16870
41761	16872
41762	16873
41763	16874
41764	16875
41765	16876
41766	16877
41767	16878
41768	16880
41769	470576
41770	470577
41772	13438
41773	73339
41774	73340
41775	73341
41776	13147
41777	13447
41778	13448
41779	13450
41780	13451
41781	13508
41782	412740
41783	412741
41784	412742
41785	426057
41786	426058
41787	426059
41788	426060
41789	437108
41790	426062
41791	437109
41792	241902
41793	10889
41794	10890
41795	10891
41796	10892
41797	10893
41798	10898
41799	10899
41800	10900
41801	11474
41802	11475
41803	11476
41804	64057
41805	73342
41806	73343
41807	75570
41808	75571
41809	470601
41810	13003
41811	13004
41812	13005
41813	13006
41814	13007
41815	13008
41816	13009
41817	13012
41818	13013
41819	13514
41820	13516
41821	13519
41822	13520
41823	13521
41824	13523
41825	13524
41826	13527
41827	13528
41828	13529
41829	342300
41830	342301
41831	368368
41832	368369
41833	368370
41834	368371
41835	382993
41836	382994
41837	412743
41838	437111
41839	13092
41840	64050
41841	64051
41842	64052
41843	64053
41844	64054
41845	64055
41846	73338
41847	14332
41848	64056
41849	227395
41850	216661
41851	241879
41852	227397
41853	241880
41854	241881
41855	242814
41856	241883
41857	242815
41858	241884
41859	241887
41860	241888
41861	241889
41862	241890
41863	241891
41864	241892
41865	241893
41866	16853
41867	16857
41868	16858
41869	16859
41870	16860
41871	16862
41872	16864
41873	16867
41874	16869
41875	132250
41876	132251
41877	132252
41878	132253
41879	132254
41880	132255
41881	132256
41882	132257
41883	132258
41884	132259
41885	437110
41886	448156
41887	470570
41888	470571
41889	448157
41890	470572
41891	448158
41892	470573
41893	470574
41894	470575
41895	10878
41896	10880
41897	10882
41898	10883
41899	10884
41900	10885
41901	10886
41902	10887
41903	368362
41904	368363
41905	368364
41906	368365
41907	368366
41908	368367
41909	382995
41910	382996
41911	382997
41912	382998
41913	17372
41914	17364
41915	17367
41916	17368
41917	17372
41918	13042
41919	13044
41920	13046
41921	13047
41922	13049
41923	13059
41924	13060
41925	13061
41926	14791
41927	13063
41928	382999
41929	412744
41930	383000
41931	383001
41932	412745
41933	412746
41934	425088
41935	412748
41936	412749
41937	413803
41938	13610
41939	13611
41940	13612
41941	13613
41942	13615
41943	13616
41944	13571
41945	13889
41946	13890
41947	13891
41948	13893
41949	13900
41950	13902
41951	13905
41952	14236
41953	14237
41954	14238
41955	14239
41956	14326
41957	14328
41958	14330
41959	14331
41960	15198
41961	15199
41962	15200
41963	15201
41964	15202
41965	15203
41966	15204
41967	15205
41968	15206
41969	15207
41970	13589
41971	13591
41972	13592
41973	13593
41974	13595
41975	13596
41976	13597
41977	13598
41978	13600
41979	242803
41980	242804
41981	242805
41982	242806
41983	242807
41984	242808
41985	242809
41986	242810
41987	242811
41988	242812
41989	501352
41990	501353
41991	501354
41992	501355
41993	501356
41994	515180
41995	515181
41996	515182
41997	515183
41998	515184
41999	13093
42000	13094
42001	13096
42002	13097
42003	13098
42004	13100
42005	13101
42006	13102
42007	13104
42008	13430
42009	13617
42010	13621
42011	13622
42012	13623
42013	13624
42014	13625
42015	75577
42016	75578
42017	75579
42018	79329
42019	79330
42020	84196
42021	84197
42022	84198
42023	84199
42024	132260
42025	241896
42026	284399
42027	284400
42028	242798
42029	284401
42038	368709
42041	467312
42043	467378
42047	126845
42049	126846
42053	385215
42055	411605
42057	425948
42059	467274
42061	77503
42063	77504
42065	126847
42067	126848
42069	126849
42071	120752
42073	126850
42075	165843
42077	153032
42079	177690
42081	184108
42083	208649
42085	242852
42087	284150
42089	341657
42091	446815
42093	501902
42095	515190
42099	341659
42101	368537
42103	425817
42105	446996
42107	82384
42109	165844
42111	232388
42113	242853
42115	341665
42117	411607
42119	411609
42121	411611
42123	177691
42125	225418
42127	368717
42129	436639
42149	513156
42150	242880
42151	513156
42152	242881
42153	513158
42154	242883
42155	513158
42156	242884
42157	513158
42158	242885
42159	345988
42160	345989
42161	345988
42162	513163
42163	345990
42164	513163
42165	345991
42166	130116
42167	345993
42168	512983
42169	411851
42170	512983
42171	411852
42174	515936
42175	386235
42176	515937
42177	386237
42178	386238
42179	386239
42180	244917
42182	512965
42183	450056
42184	242893
42185	242894
42186	512987
42187	197609
42188	70490
42189	70491
42190	70492
42191	70493
42192	4671
42193	70495
42194	70496
42195	70497
42196	70498
42197	70499
42198	70500
42199	70501
42200	380024
42201	70503
42202	70504
42203	70505
42204	70506
42205	70507
42206	70508
42207	70509
42208	130116
42209	345998
42210	208471
42211	469348
42212	513143
42221	513135
42222	386216
42223	513135
42224	386217
42225	386218
42226	386219
42227	513059
42228	126257
42229	9905
42230	70511
42231	9903
42232	70513
42233	515992
42234	70515
42235	70516
42236	70517
42237	82493
42238	70519
42239	70520
42240	70521
42241	70522
42242	70523
42243	70524
42244	70525
42245	70526
42246	70527
42247	70528
42248	70529
42249	513079
42250	469345
42251	513079
42252	513081
42253	513082
42254	513185
42255	513185
42256	513187
42257	513188
42264	512967
42265	242910
42266	216727
42267	216728
42268	216729
42269	216730
42270	227754
42271	231861
42272	513100
42273	345495
42274	233120
42275	345994
42276	233122
42277	345995
42278	513100
42279	345528
42280	233120
42281	345996
42282	233122
42283	345997
42284	513103
42285	308303
42286	166119
42287	166120
42288	512995
42289	512995
42290	244847
42291	512998
42292	78886
42293	386242
42294	384719
42295	384720
42296	386243
42297	386244
42298	513146
42299	70720
42300	513147
42301	70722
42302	513148
42303	70723
42304	513149
42305	82283
42306	77926
42307	77927
42308	513151
42309	82284
42310	513152
42311	82285
42312	513153
42313	82286
42314	513154
42315	82287
42316	513155
42317	82288
42318	516128
42319	242896
42323	513002
42324	450026
42325	513003
42326	450028
42327	513004
42328	450030
42329	513005
42330	450032
42331	513006
42332	450034
42333	513007
42334	450036
42335	513008
42336	450038
42337	513009
42338	450040
42339	512985
42340	345043
42341	369760
42342	369761
42343	369762
42344	369763
42345	369764
42346	369765
42347	345262
42348	345263
42349	514166
42353	346004
42354	346005
42355	166529
42356	208414
42357	216731
42358	216732
42359	216733
42360	216734
42361	216735
42362	216736
42363	216737
42364	216738
42365	216735
42366	216739
42367	216737
42368	216740
42369	216735
42370	216737
42371	513182
42372	216742
42373	469349
42374	469350
42375	469351
42376	469352
42377	469353
42378	469354
42379	513085
42380	469356
42381	513085
42382	469357
42385	516139
42386	411848
42387	516139
42388	411849
42389	514168
42391	513168
42392	242887
42393	513169
42394	242889
42395	7003
42396	386245
42397	18566
42398	242892
42399	9394
42400	70531
42401	515942
42402	23430
42403	70534
42404	513044
42405	70536
42406	22954
42407	70538
42408	513046
42409	70541
42410	70542
42411	70702
42412	70544
42413	23113
42414	166199
42415	70547
42416	70548
42417	512966
42418	345282
42419	345262
42420	345331
42421	369802
42422	369803
42423	346008
42424	346009
42425	515939
42426	386221
42427	411653
42428	411654
42429	411653
42430	411655
42431	411653
42432	411656
42435	177527
42436	177529
42437	177527
42438	177531
42439	177612
42440	178294
42441	177612
42442	178295
42443	177601
42444	178296
42445	516037
42446	178298
42447	203258
42448	182807
42449	203258
42450	182808
42451	512981
42452	182810
42453	512982
42454	182812
42455	513153
42456	197610
42457	513108
42458	345999
42459	513109
42460	83282
42461	513140
42462	513140
42463	513141
42464	513142
42465	369766
42466	369767
42467	369766
42468	369766
42469	369767
42470	369804
42471	369805
42472	369760
42473	369804
42474	369806
42475	82494
42476	70570
42477	70571
42478	70572
42479	70573
42480	70574
42481	70575
42482	70576
42483	70577
42484	70578
42485	70579
42486	70580
42487	70581
42488	70582
42489	70583
42490	70584
42491	70585
42492	70586
42493	70587
42494	70588
42495	70662
42496	70663
42497	70664
42498	70665
42499	70666
42500	70667
42501	70668
42502	70669
42503	70670
42504	70671
42505	70672
42506	70709
42507	516123
42508	70675
42509	70676
42510	70677
42511	516125
42512	70679
42513	70680
42514	70681
42515	70682
42516	70683
42517	70684
42518	70685
42519	70686
42520	70687
42521	70688
42522	70689
42523	70690
42524	70691
42525	70692
42526	70693
42527	437195
42528	82281
42529	70696
42530	70697
42531	513148
42532	70699
42533	70700
42538	512986
42539	345157
42541	386228
42542	386229
42543	386230
42544	386231
42545	386232
42546	386233
42547	513110
42548	386214
42549	512985
42550	514770
42551	501200
42552	514771
42553	501575
42554	514772
42555	501576
42556	514773
42557	501577
42558	342106
42559	425124
42560	208471
42561	208472
42562	208473
42563	208474
42564	513021
42565	233220
42566	233221
42567	233222
42568	513022
42569	233223
42570	131443
42571	233224
42572	242911
42573	242912
42574	242911
42575	242913
42576	513156
42577	242914
42578	512961
42579	512961
42580	512963
42581	512964
42582	369807
42583	369808
42584	369807
42585	369809
42586	369807
42587	369810
42588	447840
42589	197608
42590	450047
42591	450048
42592	513002
42593	450049
42594	513003
42595	513004
42596	450050
42597	513005
42598	450051
42599	513006
42600	450052
42601	513007
42602	450053
42603	513008
42604	450054
42605	513009
42606	450055
42609	514784
42610	514785
42611	512966
42612	514770
42613	514771
42614	501569
42615	514772
42616	501570
42617	514773
42618	501571
42619	19866
42620	197602
42621	197603
42622	197604
42623	197605
42624	197606
42625	197607
42626	425128
42627	208495
42628	208496
42629	208497
42630	208498
42631	515977
42632	208502
42633	513055
42634	208503
42635	513056
42636	208504
42637	16063
42638	208505
42645	386225
42646	386226
42647	514778
42648	514779
42649	513169
42650	516030
42651	70590
42652	70591
42653	70592
42654	70520
42655	70593
42656	70594
42657	70595
42658	70596
42659	70597
42660	70598
42661	70599
42662	70600
42663	70601
42664	70602
42665	70603
42666	513137
42667	70605
42669	70607
42670	6357
42671	386227
42672	512968
42673	126258
42674	126259
42675	126260
42676	512969
42677	126262
42678	126263
42679	126264
42680	513155
42681	126265
42682	126266
42683	152898
42684	437195
42685	126268
42686	152899
42687	152900
42688	513153
42689	178236
42690	178291
42691	178236
42692	178232
42693	178290
42694	178232
42695	513106
42696	308307
42697	514382
42698	514791
42699	514774
42700	514775
42701	514774
42702	514777
42703	512960
42704	386224
42705	242915
42706	242916
42707	386222
42708	402080
42709	345078
42710	513030
42711	242898
42712	513030
42713	242899
42714	242900
42715	242901
42716	242900
42717	242902
42718	242903
42719	242904
42720	387015
42722	387016
42723	156356
42724	387018
42725	387019
42726	387020
42727	387021
42728	387022
42729	387023
42730	387024
42731	130173
42733	208407
42734	130176
42735	130177
42736	130178
42737	130179
42738	156836
42739	130254
42740	158005
42741	156850
42742	129910
42745	156850
42746	129968
42747	367441
42749	185016
42750	129970
42751	227850
42752	227881
42753	227852
42754	227853
42755	227882
42756	227855
42757	227856
42758	227857
42759	227858
42760	227859
42761	156346
42762	19295
42763	448253
42764	19299
42766	19301
42767	19314
42768	19317
42769	19318
42770	19326
42771	83384
42772	27761
42773	27762
42774	156823
42775	158003
42776	157080
42777	82472
42778	27769
42779	27770
42780	157891
42781	158581
42782	158582
42783	158583
42784	158584
42786	156934
42787	158587
42788	155281
42789	157824
42790	157825
42794	367952
42795	367436
42796	197640
42797	466167
42799	379768
42800	367441
42801	23787
42802	156597
42803	23790
42804	23792
42805	156616
42806	23832
42807	23833
42808	23834
42809	23837
42810	156702
42811	425580
42812	22992
42813	156644
42814	425581
42816	23002
42817	158152
42818	158290
42819	158201
42820	23007
42824	19362
42825	19364
42826	19366
42827	19367
42828	19368
42829	19369
42830	19370
42832	158461
42833	17400
42834	21700
42835	21701
42836	157307
42837	155418
42838	21703
42839	158903
42840	196795
42841	469066
42842	21789
42843	26405
42844	166452
42845	166453
42847	445687
42848	445688
42849	445689
42850	445690
42852	445692
42856	79323
42857	79324
42858	87819
42859	87820
42860	79377
42861	87821
42862	75916
42863	75953
42864	75918
42865	243809
42866	469164
42867	469165
42868	469166
42869	469167
42870	469168
42871	469169
42872	469170
42873	469171
42874	469172
42875	469173
42876	468941
42877	468941
42878	468943
42879	468944
42880	468945
42882	198778
42883	468946
42884	468947
42886	24341
42887	24342
42888	24345
42889	24346
42890	24348
42891	24349
42892	157591
42893	24359
42894	24291
42895	21948
42896	21950
42897	156774
42898	21952
42899	156345
42900	158464
42901	21948
42902	21955
42903	157402
42904	158027
42905	366992
42906	366993
42907	366992
42908	366995
42909	366996
42910	366997
42911	366998
42912	366999
42913	367000
42914	28180
42915	28183
42916	28184
42917	28186
42918	157402
42919	28189
42920	157402
42921	17316
42922	158534
42923	157403
42924	161607
42925	161608
42926	161609
42927	161610
42928	130205
42929	158022
42930	158023
42931	130206
42932	130207
42933	158024
42934	468931
42935	468932
42936	468933
42937	468934
42938	468935
42939	468936
42940	468937
42942	468939
42943	468940
42944	469009
42945	469010
42946	469011
42947	469012
42948	469013
42949	469014
42950	469015
42951	469016
42952	166426
42953	445386
42954	26607
42955	26610
42956	26612
42957	158802
42958	64405
42959	26615
42961	26618
42962	156616
42963	24257
42964	24260
42965	24262
42966	24263
42967	24265
42968	24266
42969	24267
42970	24270
42971	24271
42972	24278
42973	14887
42974	157140
42975	14889
42976	14890
42977	14891
42978	469086
42979	158599
42980	155418
42981	157665
42982	23760
42983	23761
42984	19397
42985	158290
42986	79442
42987	79443
42988	75893
42989	79444
42990	156345
42991	156981
42992	79446
42993	79447
42994	156381
42995	75898
42996	492883
42997	492884
42998	157302
42999	492886
43000	492887
43001	492888
43002	492889
43003	492890
43004	492891
43005	310408
43006	10851
43007	28218
43008	28219
43009	28220
43010	28224
43012	28226
43013	28228
43014	28230
43015	28232
43016	198959
43017	198960
43018	198961
43019	198962
43020	342024
43021	198964
43022	208382
43023	227954
43024	227955
43025	227956
43028	310632
43029	310633
43030	196795
43031	17260
43032	310636
43033	310637
43034	155729
43035	493035
43036	493036
43037	493037
43038	156947
43039	493039
43040	493040
43041	493041
43042	310644
43043	493043
43044	501162
43045	24740
43046	24742
43047	157144
43048	24743
43049	158094
43050	24746
43051	24747
43052	24749
43053	24750
43054	24752
43055	25291
43056	25294
43057	156465
43058	25296
43059	157360
43060	25299
43061	25301
43062	156703
43063	25314
43064	157885
43065	27005
43066	27006
43067	27007
43068	27009
43069	27010
43070	27011
43071	27012
43072	27014
43073	27016
43074	27017
43075	155280
43076	155281
43077	155282
43078	155283
43079	155284
43080	155285
43081	155286
43082	156514
43083	158423
43084	156442
43085	155650
43086	155828
43087	155829
43088	156957
43089	156582
43090	18748
43091	155833
43092	155834
43093	155565
43094	155562
43095	157435
43096	155381
43097	157437
43098	157438
43099	157439
43100	155647
43101	155565
43102	10158
43103	155650
43104	157435
43105	513367
43106	513368
43107	513369
43108	513527
43109	513371
43110	513372
43111	445290
43112	386873
43115	310579
43116	158024
43117	22956
43118	65176
43119	198772
43120	310584
43121	310585
43122	310586
43123	310587
43124	310588
43125	368004
43126	412201
43127	412202
43128	412203
43129	412204
43130	412205
43131	412206
43132	412207
43133	161669
43134	156398
43135	156358
43137	158008
43138	155417
43139	9695
43141	156597
43142	13808
43143	13809
43144	23585
43145	18562
43146	82749
43148	156837
43149	156702
43150	82896
43151	83469
43152	83470
43153	513276
43154	82921
43155	27211
43156	133643
43157	27214
43158	425782
43159	27218
43160	27220
43162	157823
43163	227944
43164	27225
43165	14913
43166	68090
43167	68091
43168	14917
43169	14919
43170	14920
43171	341865
43172	14922
43173	14923
43174	469070
43175	130030
43176	130224
43177	130225
43178	130226
43179	158703
43180	130227
43181	20802
43182	158298
43183	156702
43184	130228
43185	445311
43186	445312
43187	445313
43188	445314
43189	445315
43190	445316
43191	445317
43192	445318
43193	445319
43194	445320
43195	27394
43196	157294
43197	27397
43198	27398
43199	27399
43200	157295
43201	27400
43202	27401
43203	27403
43204	27405
43205	25671
43206	25674
43207	25676
43208	25678
43209	25679
43210	25681
43211	155623
43212	25684
43213	156825
43214	310173
43215	310174
43219	29372
43220	310408
43221	467007
43222	26597
43225	492967
43226	156984
43227	156983
43228	17311
43229	17312
43230	17315
43231	198641
43232	226004
43233	226005
43234	227821
43235	227822
43236	227823
43237	227824
43238	227825
43239	227826
43240	227827
43241	129998
43242	21982
43243	129999
43244	21985
43245	21986
43246	21987
43247	21988
43248	21989
43249	21990
43250	21991
43251	25063
43252	158407
43253	25065
43254	25068
43255	25074
43256	25076
43257	25079
43258	25081
43259	310389
43260	157267
43261	156836
43262	18664
43264	156949
43266	18686
43267	184664
43268	18688
43269	18732
43270	18733
43271	75019
43272	75020
43273	75021
43274	75029
43275	75030
43276	75031
43277	75032
43278	75033
43279	24584
43280	75035
43281	198876
43282	157032
43283	157033
43284	75023
43285	75024
43286	75025
43287	75048
43288	19171
43289	79531
43290	385033
43291	447275
43292	469361
43293	446130
43294	468695
43295	64517
43296	225503
43297	244106
43298	244105
43299	309512
43300	369830
43302	75059
43303	515942
43304	75060
43305	70702
43306	75061
43307	75062
43308	75063
43309	157499
43310	447829
43311	445531
43312	447333
43313	447831
43314	19367
43315	447291
43317	129009
43318	183759
43319	183761
43320	18682
43321	156945
43322	64510
43323	367936
43324	183716
43325	64498
43326	130464
43327	129017
43328	128992
43329	128981
43330	75026
43331	177709
43332	225501
43333	225502
43334	75049
43335	75050
43336	75051
43337	75052
43338	75053
43339	75054
43340	75055
43341	75056
43342	75057
43343	75043
43344	75044
43345	75045
43346	65176
43348	447427
43349	447336
43350	447425
43351	447423
43352	128999
43353	64439
43354	75889
43355	75064
43356	75065
43357	75066
43358	75067
43359	75068
43360	309012
43361	309013
43362	309014
43363	309015
43364	309023
43365	309024
43366	309025
43367	309026
43368	309027
43586	242905
43587	242906
43588	512960
43589	242908
43590	512988
43591	82284
43592	22753
43593	70552
43594	70553
43595	70554
43596	512990
43597	70556
43598	512991
43599	70558
43600	512992
43601	70560
43602	512993
43603	70562
43604	70563
43605	70564
43607	449379
43967	308634
43968	308635
43969	308636
43970	158063
43971	308637
43972	70566
43973	308638
43974	308639
43975	308640
43976	308641
43977	308239
43978	308240
43979	308241
43980	308242
43981	308243
43982	308244
43983	308245
43984	308246
43985	308247
43986	308248
43987	394524
43988	394525
43989	394526
43990	394527
43991	394528
43992	394529
43993	394530
43994	394531
43995	468215
43996	468216
43997	468217
43998	468218
43999	468219
44000	468220
44001	468221
44002	468222
44003	468223
44004	468224
44005	308261
44006	308262
44007	308263
44008	308264
44009	308265
44010	308266
44011	183397
44012	183398
44013	183399
44014	183400
44015	183401
44016	183402
44017	308412
44018	308413
44019	308414
44020	308415
44021	308416
44022	308417
44023	308418
44024	308419
44025	308420
44026	308421
44027	308422
44028	308423
44029	308424
44030	308425
44031	308426
44032	308427
44033	308428
44034	308429
44035	308430
44036	308431
44037	308642
44038	308643
44039	308644
44040	308645
44041	308646
44042	308647
44043	308648
44044	308649
44045	308650
44046	308651
44047	308652
44048	308653
44049	308654
44050	308655
44051	308656
44052	308657
44053	308658
44054	308659
44055	308660
44056	308661
44057	308760
44058	308761
44059	308762
44060	308763
44061	308764
44062	308765
44063	308766
44064	308767
44065	308768
44066	308769
44067	308770
44068	308771
44069	308772
44070	308773
44071	308774
44072	308775
44073	308776
44074	308777
44075	308778
44076	308779
44077	307963
44078	307964
44079	307965
44080	307966
44081	307967
44082	307968
44083	307969
44084	307970
44085	307971
44086	307972
44087	307973
44088	307974
44089	307975
44090	307976
44091	307977
44092	307978
44093	307979
44094	307980
44095	307981
44096	307982
44097	307941
44098	307942
44099	468350
44100	468351
44101	468352
44102	468353
44103	468354
44104	184006
44105	184007
44106	184008
44107	184009
44108	184010
44109	184011
44110	184012
44111	184013
44112	468420
44113	468421
44114	468422
44115	468423
44116	468424
44117	468425
44118	468426
44119	468427
44120	468428
44121	468429
44122	468430
44123	468431
44124	468432
44125	468433
44126	468434
44127	468435
44128	468436
44129	468437
44130	468438
44131	468439
44132	308309
44133	308310
44134	308311
44135	308312
44136	308313
44137	308314
44138	183819
44139	183820
44140	183821
44141	183822
44142	468184
44143	468185
44144	468186
44145	468187
44146	468188
44147	468189
44148	308456
44149	308457
44150	308458
44151	308459
44152	308460
44153	308461
44154	183917
44155	183918
44156	183919
44157	183920
44158	183921
44159	183922
44160	183923
44161	183924
44162	468142
44163	468143
44164	468144
44165	468145
44166	468146
44167	468147
44168	468148
44169	468149
44170	468150
44171	468151
44172	468152
44173	468153
44174	468154
44175	468155
44176	468156
44177	468157
44178	468158
44179	468159
44180	468160
44181	468161
44182	308249
44183	308250
44184	308251
44185	308252
44186	308253
44187	308254
44188	183461
44189	183462
44190	183463
44191	183464
44192	183465
44193	183466
44194	183421
44195	183422
44196	183423
44197	183424
44198	183425
44199	183426
44200	183427
44201	183428
44202	183925
44203	183926
44204	183927
44205	183928
44206	183929
44207	183930
44208	183931
44209	183932
44210	226274
44211	226275
44212	226276
44213	226277
44214	226278
44215	226279
44216	308361
44217	308362
44218	308363
44219	308364
44220	308365
44221	308366
44222	183435
44223	183436
44224	183437
44225	183438
44226	183439
44227	183440
44228	468098
44229	468099
44230	468100
44231	468101
44232	468102
44233	468103
44234	468104
44235	468105
44236	468106
44237	468107
44238	468108
44239	468109
44240	468110
44241	468111
44242	468112
44243	468113
44244	468114
44245	468115
44246	468116
44247	468117
44248	183092
44249	183093
44250	183094
44251	183095
44252	183096
44253	183097
44254	183867
44255	183868
44256	183869
44257	183870
44258	183871
44259	183872
44260	183873
44261	183874
44262	183875
44263	183876
44264	183877
44265	183878
44266	183879
44267	183880
44268	183881
44269	183882
44270	183883
44271	183884
44272	501915
44273	501916
44274	501917
44275	501918
44276	515117
44277	515118
44278	515119
44279	515120
44292	308497
44293	308498
44294	308499
44295	308500
44296	308501
44297	308502
44298	308503
44299	308504
44300	308505
44301	308506
44302	308027
44303	308028
44304	308029
44305	308030
44306	308031
44307	308032
44308	308033
44309	308034
44310	308035
44311	308036
44312	308037
44313	308038
44314	308039
44315	308040
44316	308041
44317	308042
44318	308043
44319	308044
44320	308045
44321	308046
44322	307921
44323	307922
44324	307923
44325	307924
44326	307925
44327	307926
44328	307927
44329	307928
44330	307929
44331	307930
44332	307931
44333	307932
44334	307933
44335	307934
44336	307935
44337	307936
44338	307937
44339	307938
44340	307939
44341	307940
44342	183403
44343	183404
44344	183405
44345	183406
44346	183407
44347	183408
44348	320567
44349	257892
44350	320568
44351	257894
44352	320569
44353	257896
44354	183764
44355	183765
44356	183766
44357	183767
44358	183768
44359	468335
44360	468336
44361	468337
44362	468338
44363	468339
44364	226177
44365	226178
44366	226179
44367	226180
44368	226181
44369	226182
44370	226306
44371	226307
44372	226308
44373	226309
44374	226310
44375	226311
44376	226130
44377	226131
44378	226132
44379	226133
44380	226134
44381	226135
44382	183445
44383	183446
44384	183447
44385	183448
44386	183449
44387	183450
44394	226250
44395	226251
44396	226252
44397	226253
44398	226254
44399	226255
44400	308507
44401	308508
44402	308509
44403	308510
44404	308511
44405	308512
44406	183441
44407	183442
44408	183443
44409	183444
44410	226148
44411	226149
44412	226150
44413	226151
44414	226152
44415	226153
44416	183409
44417	183410
44418	183411
44419	183412
44420	183413
44421	183414
44422	183104
44423	183105
44424	183106
44425	183107
44426	183108
44427	183109
44428	307875
44429	307876
44430	307877
44431	307878
44432	307879
44433	307880
44434	307881
44435	307882
44436	307883
44437	307884
44438	307885
44439	307886
44440	307887
44441	307888
44442	307889
44443	307890
44444	307891
44445	307892
44446	307893
44447	307894
44448	308355
44449	308356
44450	308357
44451	308358
44452	308359
44453	308360
44454	468067
44455	468068
44456	468069
44457	468070
44458	468071
44459	468072
44460	468073
44461	468074
44462	468075
44463	468076
44464	468077
44465	468078
44466	468079
44467	468080
44468	468081
44469	468082
44470	468083
44471	468084
44472	468085
44473	468086
44474	226124
44475	226125
44476	226126
44477	226127
44478	226128
44479	226129
44480	308583
44481	308584
44482	308585
44483	308586
44484	308587
44485	308588
44486	308589
44487	308590
44488	308591
44489	308592
44490	308593
44491	308594
44492	308595
44493	308596
44494	308597
44495	308598
44496	308599
44497	308600
44498	308601
44499	308602
44500	468137
44501	468138
44502	468139
44503	468140
44504	468141
44505	183769
44506	183770
44507	183771
44508	183772
44509	183773
44510	197507
44511	183775
44512	197508
44513	183777
44514	197509
44515	183779
44516	197510
44517	183781
44518	197511
44519	183783
44520	197512
44521	183785
44522	197513
44523	183885
44524	183886
44525	183887
44526	183888
44527	183889
44528	183890
44529	183891
44530	183892
44531	308003
44532	308004
44533	308005
44534	308006
44535	308007
44536	308008
44537	308009
44538	308010
44539	308011
44540	308012
44541	308013
44542	308014
44543	385162
44544	394503
44545	385164
44546	394504
44547	385166
44548	394505
44549	385168
44550	394506
44551	468477
44552	468478
44553	468479
44554	468480
44555	468481
44556	468482
44557	468483
44558	468484
44559	468485
44560	468486
44561	468487
44562	468488
44563	468489
44564	468490
44565	468491
44566	468492
44567	468493
44568	468494
44569	468495
44570	468496
44571	308255
44572	308256
44573	308257
44574	308258
44575	308259
44576	308260
44577	183483
44578	183484
44579	183485
44580	183486
44581	183487
44582	183488
44583	308315
44584	308316
44585	308317
44586	308318
44587	308319
44588	308320
44589	308321
44590	308322
44591	308323
44592	308324
44593	308325
44594	308326
44595	308327
44596	308328
44597	308329
44598	308330
44599	308331
44600	308332
44601	308333
44602	308334
44603	394440
44604	394441
44605	394442
44606	394443
44607	394444
44608	394445
44609	394446
44610	394447
44611	394448
44612	394449
44613	394450
44614	394451
44615	394452
44616	394453
44617	394454
44618	394455
44619	394456
44620	394457
44621	394458
44622	394459
44623	468380
44624	468381
44625	468382
44626	468383
44627	468384
44628	468385
44629	468386
44630	468387
44631	468388
44632	468389
44633	468390
44634	468391
44635	468392
44636	468393
44637	468394
44638	468395
44639	468396
44640	468397
44641	468398
44642	468399
44643	468256
44644	468257
44645	468258
44646	468259
44647	468260
44648	468261
44649	468262
44650	468263
44651	468264
44652	468265
44653	468266
44654	468267
44655	468268
44656	468269
44657	468270
44658	468271
44659	468272
44660	468273
44661	468274
44662	468275
44663	307957
44664	307958
44665	307959
44666	307960
44667	307961
44668	307962
44669	183963
44670	183965
44671	183966
44672	183967
44673	183968
44674	183012
44675	197482
44676	183014
44677	197483
44678	183016
44679	197484
44680	183018
44681	197485
44682	183020
44683	197486
44684	183022
44685	197487
44686	183024
44687	197488
44688	226154
44689	226155
44690	226156
44691	226157
44692	16626
44693	226158
44694	308067
44695	308068
44696	308069
44697	308070
44698	308071
44699	308072
44700	308073
44701	308074
44702	308075
44703	308076
44704	308077
44705	308078
44706	308079
44707	308080
44708	308081
44709	308082
44710	308083
44711	308084
44712	308085
44713	308086
44714	207613
44715	207614
44716	207615
44717	207616
44718	207617
44719	207618
44720	183547
44721	183548
44722	183549
44723	183550
44724	183551
44725	183552
44726	183553
44727	183554
44728	307983
44729	307984
44730	307985
44731	307986
44732	307987
44733	307988
44734	307989
44735	307990
44736	307991
44737	307992
44738	307993
44739	307994
44740	307995
44741	307996
44742	307997
44743	307998
44744	307999
44745	308000
44746	308001
44747	308002
44748	183969
44749	183970
44750	183971
44751	183972
44752	183973
44753	183974
44754	183975
44755	183976
44756	183977
44757	183978
44758	183979
44759	183980
44760	183981
44761	183982
44762	183983
44763	183984
44764	183985
44765	183986
44766	183987
44767	183988
44768	183451
44769	183452
44770	183453
44771	183454
44772	183455
44773	183456
44774	183823
44775	183824
44776	183825
44777	183826
44778	183827
44779	183828
44780	468440
44781	468441
44782	468442
44783	468443
44784	468444
44785	197489
44786	197490
44787	197491
44788	197492
44789	197493
44790	197494
44791	197495
44792	197496
44793	197495
44794	197498
44795	307911
44796	307912
44797	307913
44798	307914
44799	307915
44800	307916
44801	307917
44802	307918
44803	307919
44804	307920
44805	468400
44806	468401
44807	468402
44808	468403
44809	468404
44810	468405
44811	468406
44812	468407
44813	468408
44814	468409
44815	468410
44816	468411
44817	468412
44818	468413
44819	468414
44820	468415
44821	468416
44822	468417
44823	468418
44824	468419
44825	226312
44826	226313
44827	226314
44828	226315
44829	226316
44830	226317
44831	447471
44832	447472
44833	468445
44834	468446
44835	468447
44836	468448
44837	468449
44838	468450
44839	468451
44840	468452
44841	468453
44842	468454
44843	468455
44844	468456
44845	492703
44846	492704
44847	492705
44848	492706
44849	501919
44850	501920
44851	226256
44852	226257
44853	226258
44854	226259
44855	226260
44856	226261
44857	307699
44858	307700
44859	307701
44860	307702
44861	307703
44862	307704
44863	307705
44864	307706
44865	307707
44866	307708
44867	307709
44868	307710
44869	307711
44870	307712
44871	307713
44872	307714
44873	307715
44874	307716
44875	307717
44876	307718
44877	308780
44878	308781
44879	308782
44880	308783
44881	308784
44882	308785
44883	308786
44884	308787
44885	308788
44886	308789
44887	308790
44888	308791
44889	308792
44890	308793
44891	308794
44892	308795
44893	308796
44894	308797
44895	308798
44896	308799
44897	468225
44898	468226
44899	468227
44900	468228
44901	468229
44902	468230
44903	183505
44904	183506
44905	183507
44906	183508
44907	183509
44908	183510
44909	183511
44910	183512
44911	307761
44912	307762
44913	307763
44914	307764
44915	307765
44916	307766
44917	307767
44918	307768
44919	307769
44920	307770
44921	307771
44922	307772
44923	307773
44924	307774
44925	307775
44926	307776
44927	307777
44928	307778
44929	307779
44930	307780
44931	385156
44932	394500
44933	385158
44934	394501
44935	385160
44936	394502
44937	183034
44938	183035
44939	183036
44940	183037
44941	183038
44942	183039
44943	226280
44944	226281
44945	226282
44946	226283
44947	226284
44948	226285
44949	226286
44950	226287
44951	226288
44952	226289
44953	226290
44954	226291
44955	226292
44956	226293
44957	226294
44958	226295
44959	226296
44960	226297
44961	226298
44962	226299
44963	394576
44964	394577
44965	394578
44966	394579
44967	394580
44968	394581
44969	394582
44970	394583
44971	394584
44972	394585
44973	394586
44974	394587
44975	394588
44976	394589
44977	394590
44978	394591
44979	394592
44980	394593
44981	394594
44982	394595
44983	308432
44984	308433
44985	308434
44986	308435
44987	308436
44988	308437
44989	226344
44990	226345
44991	226346
44992	226347
44993	226348
44994	226349
44995	226245
44996	183460
44997	226246
44998	226248
44999	226249
45000	232012
45001	232013
45002	232014
45003	232015
45004	232016
45005	232017
45006	184000
45007	184001
45008	184002
45009	184003
45010	184004
45011	184005
45012	183829
45013	183830
45014	183831
45015	183832
45016	183833
45017	183834
45018	468457
45019	468458
45020	468459
45021	468460
45022	468461
45023	468462
45024	468463
45025	468464
45026	468465
45027	468466
45028	468467
45029	468468
45030	468469
45031	468470
45032	468471
45033	468472
45034	468473
45035	468474
45036	468475
45037	468476
45038	183070
45039	183071
45040	183072
45041	183073
45042	183074
45043	183075
45044	226300
45045	226301
45046	226302
45047	226303
45048	226304
45049	468087
45050	468088
45051	468089
45052	468090
45053	468091
45054	308438
45055	308439
45056	308440
45057	308441
45058	308442
45059	308443
45060	308445
45061	308446
45062	308447
45063	308448
45064	308449
45065	308450
45066	308451
45067	308452
45068	308453
45069	308454
45070	308455
45071	468166
45072	468167
45073	468168
45074	468169
45075	468170
45076	468171
45077	468172
45078	468173
45079	468174
45080	468175
45081	468176
45082	468177
45083	468178
45084	468179
45085	468180
45086	468181
45087	468182
45088	468183
45089	183939
45090	183940
45091	183941
45092	183942
45093	183943
45094	183944
45095	183945
45096	183946
45097	183957
45098	183958
45099	183959
45100	183960
45101	183961
45102	183962
45103	226268
45104	226269
45105	226270
45106	226271
45107	226272
45108	226273
45109	308179
45110	308180
45111	308181
45112	308182
45113	308183
45114	308184
45115	308185
45116	308186
45117	308187
45118	308188
45119	308189
45120	308190
45121	308191
45122	308192
45123	308193
45124	308194
45125	308195
45126	308196
45127	308197
45128	308198
45129	394507
45130	394508
45131	394509
45132	394510
45133	394511
45134	394512
45135	394513
45136	468355
45137	468356
45138	468357
45139	468358
45140	468359
45141	468360
45142	468361
45143	468362
45144	468363
45145	468364
45146	468365
45147	468366
45148	468367
45149	468368
45150	468369
45151	468370
45152	468371
45153	468372
45154	468373
45155	468374
45156	308754
45157	308755
45158	308756
45159	308757
45160	308758
45161	308759
45162	468251
45163	468252
45164	468253
45165	468254
45166	468255
45167	183835
45168	183836
45169	183837
45170	183838
45171	183839
45172	183840
45173	468041
45174	468043
45175	468044
45176	468045
45177	307741
45178	307742
45179	307743
45180	307744
45181	307745
45182	307746
45183	307747
45184	307748
45185	307749
45186	307750
45187	307751
45188	307752
45189	307753
45190	307754
45191	307755
45192	307756
45193	307757
45194	307758
45195	307759
45196	307760
45197	183513
45198	183514
45199	183515
45200	183516
45201	183517
45202	183518
45203	183519
45204	183520
45205	307901
45206	307902
45207	307903
45208	307904
45209	307905
45210	307906
45211	307907
45212	307908
45213	307909
45214	307910
45215	183391
45216	183392
45217	183393
45218	183394
45219	183395
45220	183396
45221	183008
45222	183009
45223	183010
45224	183011
45225	183062
45226	183063
45227	183064
45228	183065
45229	183066
45230	183067
45231	183068
45232	183069
45233	308462
45234	308463
45235	308464
45236	308465
45237	308466
45238	308467
45239	308468
45240	308469
45241	308470
45242	308471
45243	308472
45244	308473
45245	308474
45246	308475
45247	308476
45248	308477
45249	308478
45250	308479
45251	308480
45252	308481
45253	394556
45254	394557
45255	394558
45256	394559
45257	394560
45258	394561
45259	394562
45260	394563
45261	394564
45262	394565
45263	394566
45264	394567
45265	394568
45266	394569
45267	394570
45268	394571
45269	394572
45270	394573
45271	394574
45272	394575
45273	308047
45274	308048
45276	308050
45277	308051
45278	308052
45279	308053
45280	308054
45281	308055
45282	308056
45283	308057
45284	308058
45285	308059
45286	308060
45287	308061
45288	308062
45289	308063
45290	308064
45291	308065
45292	308066
45293	183026
45294	183027
45295	183028
45296	183029
45297	183030
45298	183031
45299	183032
45300	183033
45301	394514
45302	394515
45303	394516
45304	394517
45305	394518
45306	394519
45307	394520
45308	394521
45309	394522
45310	394523
45311	183799
45312	183800
45313	183801
45314	183802
45315	183803
45316	183804
45317	183805
45318	183806
45319	183807
45320	183808
45321	183809
45322	183810
45323	183811
45324	183812
45325	183813
45326	183814
45327	183815
45328	183816
45329	183817
45330	183818
45331	183933
45332	183934
45333	183935
45334	183936
45335	183937
45336	183938
45337	226171
45338	226172
45339	226173
45340	226174
45341	226175
45342	226176
45343	183429
45344	183430
45345	183431
45346	183432
45347	183433
45348	183434
45349	183415
45350	183416
45351	183417
45352	183418
45353	183419
45354	183420
45355	308015
45356	308016
45357	308017
45358	308018
45359	308019
45360	308020
45361	308021
45362	308022
45363	308023
45364	308024
45365	308025
45366	308026
45367	308367
45368	308368
45369	308369
45370	308370
45371	308371
45372	308372
45373	183457
45374	183458
45375	183459
45376	183489
45377	183490
45378	183491
45379	183492
45380	183493
45381	183494
45382	183495
45383	183496
45384	183497
45385	183498
45386	183499
45387	183500
45388	183501
45389	183502
45390	183503
45391	183504
45392	308708
45393	308709
45394	308710
45395	308711
45396	308712
45397	308713
45398	232040
45399	232041
45400	232042
45401	232043
45402	232044
45403	232045
45404	232046
45405	232047
45406	232048
45407	232049
45408	232050
45409	232051
45410	232052
45411	232053
45412	232054
45413	232055
45414	232056
45415	232057
45416	232058
45417	232059
45418	308159
45419	308160
45420	308161
45421	308162
45422	308163
45423	308164
45424	308165
45425	308166
45426	308167
45427	308168
45428	308169
45429	308170
45430	308171
45431	308172
45432	308173
45433	308174
45434	308175
45435	308176
45436	308177
45437	308178
45438	183076
45439	183077
45440	183078
45441	183079
45442	183080
45443	183081
45444	308225
45445	308226
45446	308227
45447	308228
45448	308229
45449	308230
45450	308231
45451	308232
45452	308233
45453	308234
45454	308235
45455	308236
45456	308237
45457	308238
45458	308225
45459	308088
45460	308227
45461	308090
45462	308229
45463	308092
45464	308093
45465	308094
45466	308095
45467	308096
45468	183363
45469	183364
45470	183365
45471	183366
45472	183367
45473	183368
45474	183989
45475	183990
45476	183991
45477	183992
45478	183993
45479	183994
45480	226356
45481	226357
45482	226358
45483	226359
45484	226360
45485	226361
45486	183787
45487	183788
45488	183789
45489	183790
45490	183791
45491	183792
45492	307865
45493	307866
45494	307867
45495	307868
45496	307869
45497	307870
45498	307871
45499	307872
45500	307873
45501	307874
45502	342319
45503	342320
45504	342321
45505	342322
45516	226142
45517	226143
45518	226144
45519	226145
45520	226146
45521	226147
45522	231962
45523	231963
45524	231964
45525	231965
45526	231966
45527	231967
45528	308734
45529	308735
45530	308736
45531	308737
45532	308738
45533	308739
45534	308740
45535	308741
45536	308742
45537	308743
45538	308744
45539	308745
45540	308746
45541	308747
45542	308748
45543	308749
45544	308750
45545	308751
45546	308752
45547	308753
45548	394538
45549	394539
45550	394540
45551	394541
45552	394542
45553	394543
45554	394544
45555	394545
45556	394546
45557	394547
45558	394548
45559	394549
45560	394550
45561	394551
45562	394552
45563	394553
45564	394554
45565	394555
45566	232554
45567	232556
45568	346614
45569	346615
45570	346616
45571	346617
45572	346618
45573	346619
45574	501278
45575	501279
45576	501280
45577	165652
45578	165653
45579	165654
45580	227477
45581	227478
45582	227479
45583	130497
45584	130499
45585	130500
45586	227490
45587	183591
45588	227491
45589	310021
45590	310022
45591	310023
45592	345262
45593	412009
45594	412010
45595	412011
45596	412012
45597	412013
45598	449906
45599	449907
45600	449908
45601	513479
45602	513480
45603	513481
45604	130533
45605	130534
45606	130535
45607	165696
45608	165697
45609	165698
45610	493068
45611	493069
45612	493070
45613	346596
45614	346597
45615	346598
45616	437008
45617	437009
45623	512994
45624	70568
45626	15122
45627	70609
46328	31972
46330	66615
46332	66617
46334	66619
46336	66621
46338	66623
46340	66625
46342	66627
46344	66629
46347	25066
46349	25070
46351	25078
46353	25084
46355	25091
46357	25098
46359	25107
46361	66646
46363	25123
46366	28812
46368	28816
46370	28821
46372	28823
46374	66659
46376	28831
46378	66663
46380	28837
46386	161670
46387	161762
46388	197291
46461	197736
46462	197737
46463	197738
46464	197739
46465	197740
46466	197741
46467	197742
46468	178160
46469	197743
46470	197744
46471	197745
46472	197746
46473	197747
46474	197748
46475	197749
46476	197750
46477	197751
46478	197752
46479	197753
46480	197754
46481	197755
46482	197756
46483	197757
46484	197758
46485	197759
46486	197760
46487	197761
46488	197762
46489	197763
46490	197764
46491	197765
46492	197766
46493	197767
46494	197768
46495	197769
46496	197770
46497	197771
46498	197772
46499	197773
46500	197774
46501	197775
46502	197776
46503	197777
46504	197778
46505	197779
46506	197780
46507	197781
46508	197782
46509	197783
46510	197784
46511	197785
46512	197786
46513	197787
46514	197788
46515	197789
46516	197790
46517	197791
46518	178163
46519	197792
46520	197793
46521	197794
46522	197795
46523	197796
46524	197797
46525	197798
46526	197799
46527	197800
46528	197801
46529	197802
46530	197803
46531	197804
46532	197805
46533	197806
46534	197807
46535	197808
46536	197809
46537	197810
46538	197811
46539	197812
46540	197813
46541	197814
46542	197815
46543	197816
46544	197817
46545	197818
46546	197819
46547	197820
46548	197821
46549	197822
46550	197823
46551	197824
46552	197825
46553	197826
46554	197827
46555	197828
46556	197829
46557	197830
46558	197831
46559	197832
46560	197833
46561	197834
46562	197835
46563	197836
46564	197837
46565	197838
46566	197839
46567	197840
46568	197841
46569	197842
46570	197843
46571	197844
46572	197845
46573	197846
46574	197847
46575	197848
46576	197849
46577	197850
46578	197851
46579	197852
46580	197853
46581	197854
46582	197855
46583	197856
46584	197857
46585	197858
46586	197859
46587	197860
46588	197861
46589	197862
46590	197863
46591	197864
46592	197865
46593	197866
46594	197867
46595	197868
46596	197869
46597	197870
46598	197871
46599	197872
46600	197873
46601	197874
46602	197875
46603	197876
46604	197877
46605	197878
46606	197879
46607	197880
46608	197881
46609	197882
46610	197883
46611	197884
46612	197885
46613	197886
46614	197887
46615	197888
46616	153457
46617	197890
46618	197891
46619	197892
46620	197893
46621	197894
46622	197895
46623	197896
46624	10997
46625	197897
46626	197898
46627	197899
46628	197900
46629	197901
46630	197902
46631	197903
46632	197904
46633	197905
46634	197906
46635	197907
46636	197908
46637	197909
46638	197910
46639	197911
46640	197912
46641	197913
46642	197914
46643	197915
46644	197916
46645	197917
46646	197918
46647	197919
46648	197920
46649	197921
46650	197922
46651	197923
46652	197924
46653	197925
46654	197926
46655	197927
46656	197928
46657	197929
46658	197930
46659	197931
46660	197932
46661	197933
46662	197934
46663	197935
46664	197936
46665	167235
46666	197937
46667	197938
46668	197939
46669	197940
46670	197941
46671	197942
46672	197943
46673	197944
46674	197945
46675	197946
46676	197947
46677	197948
46678	197949
46679	197950
46680	197951
46681	197952
46682	197953
46683	197954
46684	197955
46685	197956
46686	197957
46687	197958
46688	197959
46689	197960
46690	197961
46691	197962
46692	197963
46693	197964
46694	197965
46695	197966
46696	197967
46697	197968
46698	197969
46699	197970
46700	19759
46701	197971
46702	197972
46703	197973
46704	197974
46705	197975
46706	197976
46707	198307
46708	197978
46709	197979
46710	197980
46711	197981
46712	197982
46713	197983
46714	27268
46715	197984
46716	197985
46717	197986
46718	197987
46719	197988
46720	197989
46721	19401
46722	197995
46723	197996
46724	197997
46725	197998
46726	197999
46727	198000
46728	82494
46729	198002
46730	198003
46731	198004
46732	198005
46733	198006
46734	198007
46735	20016
46736	198008
46737	198009
46738	198010
46739	198011
46740	198012
46741	198013
46742	385043
46743	198015
46744	198016
46745	198017
46746	198018
46747	198019
46748	198020
46749	198021
46750	198022
46751	198023
46752	198024
46753	198025
46754	198026
46755	198027
46756	198028
46757	198029
46758	198030
46759	198031
46760	198032
46761	198033
46762	198034
46763	198035
46764	198036
46765	198037
46766	198038
46767	198039
46768	198137
46769	127396
46770	198210
46771	198302
46772	198303
46773	198304
46774	198305
46775	198306
46776	198307
46777	198308
46778	198309
46779	198310
46780	198311
46781	198312
46782	198313
46783	198314
46784	198315
46785	198316
46786	198317
46787	198318
46788	198319
46789	198320
46790	198321
46791	198322
46792	198323
46793	198324
46794	198325
46795	198326
46796	198021
46797	198328
46798	198329
46799	198330
46800	198331
46801	198332
46802	198333
46803	198334
46804	198335
46805	198336
46806	198337
46807	198338
46808	198339
46809	198340
46810	198341
46811	198342
46812	198343
46813	198344
46814	26981
46815	198345
46816	198346
46817	198347
46818	198348
46819	131566
46820	198349
46821	198350
46822	76353
46823	198352
46824	198353
46825	198354
46826	198355
46827	198356
46828	76355
46829	198358
46830	198359
46831	198360
46832	198361
46833	198362
46834	76357
46835	198364
46836	198365
46837	198366
46838	198367
46839	198368
46840	447810
46841	198370
46842	198371
46843	198372
46844	198373
46845	198374
46846	198375
46847	198376
46848	198377
46849	198378
46850	198379
46851	198380
46852	198381
46853	198382
46854	198383
46855	198384
46856	198385
46857	198386
46858	198387
46859	198388
46860	198389
46861	24196
46862	198390
46863	198391
46864	198392
46865	198393
46866	198394
46867	198395
46868	83648
46869	198396
46870	198397
46871	198398
46872	198399
46873	198400
46874	198401
46875	198402
46876	198403
46877	198404
46878	198405
46879	198406
46880	198407
46881	198408
46882	198409
46883	198410
46884	198411
46885	198412
47064	347200
47067	369831
47070	402672
47072	467870
47078	64478
47079	227493
47080	227494
47081	17511
47082	385035
47083	470441
47084	470442
47085	447335
47086	129042
47087	21212
47089	82671
47090	82672
47091	21282
47092	77772
47093	77778
47094	15962
47095	75141
47096	559103
47097	559104
47099	15096
47100	15097
47101	15099
47102	14936
47103	14937
47104	19801
47105	129038
47106	64422
47107	129039
47108	64495
47109	64450
47110	64508
47111	64509
47112	13964
47113	13969
47114	166336
47115	226040
47116	257812
47117	257813
47118	19918
47119	19946
47120	368406
47121	14938
47122	19284
47123	197099
47124	208867
47125	197100
47126	197102
47127	197104
47129	447428
47130	447429
47132	128965
47133	128998
47134	129000
47135	64441
47136	17855
47137	17857
47138	64470
47139	128971
47140	128972
47141	128973
47142	345464
47143	129034
47144	64559
47145	64456
47146	64457
47147	64458
47148	184025
47149	19960
47150	21135
47151	17513
47152	64482
47153	20871
47154	178305
47155	20017
47156	64433
47157	16888
47158	16889
47159	82673
47160	412053
47161	82676
47162	129019
47163	129020
47164	82683
47165	16064
47166	16066
47167	284167
47168	14929
47169	14930
47170	129021
47171	129044
47172	129016
47173	129018
47174	128980
47175	64427
47176	64428
47177	4779
47178	11088
47179	11089
47180	385032
47181	385034
47182	470320
47183	17293
47184	30685
47185	128968
47186	64501
47187	64566
47188	64389
47189	64390
47190	17089
47191	17091
47192	17092
47193	64429
47194	64430
47195	197097
47196	20076
47197	20078
47198	70461
47199	64493
47200	64494
47201	129023
47202	77777
47203	284160
47204	284162
47205	284163
47206	284164
47207	11090
47208	158484
47209	11093
47210	11874
47211	128987
47212	64415
47213	64416
47214	64467
47215	16051
47265	447680
47266	447681
47267	447682
47268	447683
47269	447645
47270	447646
47271	447647
47272	447648
47273	447649
47274	447650
47275	447651
47276	447652
47277	447653
47278	447654
47279	447669
47280	447670
47281	447671
47282	447672
47283	447673
47284	447674
47285	447675
47286	447676
47287	447677
47288	447678
47304	447601
47305	447603
47306	447604
47307	447606
47308	447608
47309	447609
47310	447611
47311	447612
47312	447614
47313	447615
47314	447616
47315	447618
47316	447619
47317	447621
47318	447622
47319	447624
47320	447625
47321	447627
47322	447629
47323	447631
47324	447659
47325	447660
47326	447661
47327	447662
47328	447663
47329	447664
47330	447665
47331	447666
47332	447667
47333	447668
47337	447655
47338	447656
47339	447657
47340	447658
47341	447679
47342	447635
47343	447636
47344	447637
47345	447638
47346	447639
47347	447640
47348	447641
47349	447642
47350	447643
47351	447644
47352	447594
47353	447596
47354	447598
47355	447599
47376	182989
47377	182990
47378	309303
47381	155098
47382	155099
47383	155760
47384	156109
47385	21565
47386	155306
47387	155307
47388	157159
47389	157158
47390	155688
47391	20264
47392	158471
47393	155690
47394	156640
47395	130207
47396	14466
47397	155052
47398	14468
47399	155053
47401	155057
47402	155058
47403	155059
47404	14524
47405	154952
47406	154953
47407	154954
47408	154955
47409	156465
47410	154957
47411	226117
47413	345921
47415	155665
47416	15504
47418	155270
47419	155271
47420	155272
47421	155273
47422	155272
47423	155275
47424	155276
47425	226117
47428	345921
47430	155722
47431	155723
47432	155724
47433	156384
47436	155728
47437	155729
47438	155730
47439	155731
47440	154863
47441	156934
47442	156935
47443	156936
47444	156940
47445	156941
47446	156942
47447	156943
47448	154871
47449	154872
47450	17893
47451	155885
47452	17895
47453	366996
47454	155887
47455	17898
47456	155888
47457	155873
47458	158353
47459	156462
47460	14524
47461	155418
47462	156640
47463	156893
47464	156894
47465	155984
47466	156896
47467	156897
47468	156898
47470	158522
47471	158523
47472	158528
47473	155851
47474	155852
47475	10862
47476	154990
47477	154991
47478	154992
47479	155287
47480	155288
47481	157870
47482	156177
47483	157872
47484	157873
47485	157874
47486	157875
47488	157877
47491	226117
47492	226117
47494	345921
47496	226117
47499	345921
47504	226117
47505	226117
47506	345921
47508	155162
47509	156837
47510	155164
47511	155165
47512	155166
47513	155120
47514	155121
47515	155122
47516	155170
47517	156836
47518	158423
47519	155342
47520	155343
47521	155344
47522	154888
47523	156083
47524	157826
47525	155418
47526	130207
47527	155349
47528	156088
47529	155541
47530	11769
47531	155543
47532	156561
47533	155545
47534	155546
47536	155548
47537	155549
47538	129851
47539	129832
47540	129852
47541	155871
47542	155872
47543	155873
47544	19121
47545	129855
47546	129856
47547	14466
47548	155052
47549	14468
47550	155053
47553	156609
47554	20565
47555	492930
47556	158339
47557	202558
47558	158294
47559	155588
47560	20573
47562	154833
47563	154834
47564	20386
47565	20399
47566	154835
47567	155417
47568	345923
47569	155414
47570	157348
47572	155623
47573	155427
47574	155428
47575	155429
47576	155430
47577	158250
47578	158251
47579	156514
47580	158423
47581	156442
47582	158581
47583	158582
47584	158583
47585	158584
47587	156934
47588	158587
47589	158422
47590	155245
47591	158419
47592	158420
47593	158421
47594	158422
47595	158423
47596	158424
47597	155249
47598	156139
47599	157140
47600	155828
47601	155829
47602	156957
47603	156582
47604	15483
47605	155833
47606	155834
47607	155565
47608	155562
47609	157435
47610	345921
47615	226117
47616	226117
47617	345921
47620	226117
47624	345921
47626	226117
47627	226117
47628	226117
47629	345921
47633	226117
47634	226117
47635	345921
47637	158522
47638	158523
47639	158528
47640	155851
47641	155852
47642	10862
47643	154990
47644	154991
47645	154992
47646	155381
47647	157437
47648	157438
47649	157439
47650	155647
47651	155565
47652	10158
47653	155650
47654	157435
47655	158137
47656	155057
47657	155058
47658	155059
47659	14524
47660	154952
47661	154953
47662	154954
47663	154955
47664	156465
47665	154957
47666	155397
47667	155398
47668	155399
47669	155027
47670	155401
47671	155026
47673	155983
47674	155405
47675	155406
47676	155981
47677	155982
47678	19787
47679	155983
47680	155984
47681	155985
47682	155986
47683	155987
47684	155988
47685	155989
47686	157494
47687	155787
47688	156706
47689	155789
47690	158540
47691	156837
47692	156702
47694	158544
47695	426754
47696	310676
47697	155762
47698	129833
47699	157374
47700	129834
47701	129835
47702	129836
47703	129837
47704	129838
47705	129839
47706	129823
47707	129824
47708	155761
47709	155762
47710	129826
47711	129827
47712	129828
47713	14466
47714	155052
47715	14468
47716	155397
47717	155398
47718	155399
47719	155027
47720	155401
47721	155026
47723	155983
47724	155405
47725	155406
47726	155918
47727	155910
47728	22869
47729	157158
47730	158305
47731	158304
47732	158306
47733	158307
47734	158308
47735	158803
47736	61674
47737	155388
47738	155389
47739	155565
47740	155565
47741	157491
47742	157492
47743	157493
47744	156388
47745	156389
47746	14524
47747	157140
47748	158628
47749	158629
47750	155880
47751	155881
47752	155761
47753	155825
47754	155722
47755	155827
47757	345921
47759	196795
47760	129831
47761	177443
47762	226117
47763	345921
47765	155277
47766	155278
47767	155279
47768	155280
47769	155281
47770	155282
47771	155283
47772	155284
47773	155285
47774	155286
47775	154885
47776	154886
47777	154887
47778	154888
47779	154889
47780	426450
47781	154891
47782	155208
47783	154893
47785	166817
47786	156556
47787	469254
47788	157302
47789	156831
47790	156829
47791	156561
47792	155075
47793	157850
47794	156564
47795	155057
47796	155058
47797	155059
47798	14524
47799	154952
47800	154953
47801	154954
47802	154955
47803	156465
47804	154957
47805	155023
47806	155024
47807	155025
47808	155026
47809	155027
47810	155028
47811	155029
47812	155030
47814	155032
47815	155204
47816	155205
47817	155206
47818	155207
47819	155208
47820	155209
47821	156057
47822	157361
47824	226117
47826	492930
47827	158282
47828	18622
47829	18623
47830	445700
47831	177811
47832	158001
47833	18628
47834	18634
47835	18637
47836	18638
47837	155235
47838	155236
47839	155237
47840	155238
47841	21564
47842	21567
47843	155241
47844	155242
47845	18998
47846	23843
47847	156164
47848	129841
47849	129842
47850	156167
47851	156168
47852	156169
47853	156170
47854	156171
47855	156172
47856	11250
47857	155676
47858	157435
47859	198295
47860	155679
47861	155680
47862	155681
47863	18061
47864	155683
47866	226117
47868	157077
47869	155947
47870	155371
47871	155948
47872	156934
47873	155374
47874	155375
47875	155376
47876	155377
47877	156370
47878	156371
47879	157538
47880	157539
47881	157540
47882	157541
47883	157542
47884	157543
47885	12601
47887	156939
47888	156160
47890	155598
47891	155599
47892	155964
47894	12248
47895	155603
47896	18998
47897	155603
47898	157983
47899	157984
47900	155873
47901	158353
47902	155569
47903	155570
47904	155571
47905	155572
47906	155573
47907	158547
47908	158548
47909	155576
47911	156609
47912	20565
47913	492930
47914	158339
47915	202558
47916	158294
47917	155588
47918	20573
47920	157102
47921	157103
47922	157104
47923	157105
47924	345922
47925	157107
47926	208553
47927	158524
47928	155340
47929	155341
47930	155569
47931	155570
47932	155571
47933	155572
47934	155573
47935	158547
47936	158548
47937	155576
47938	155627
47939	155628
47940	158529
47941	158530
47942	157610
47943	158298
47944	157612
47945	157613
47946	157614
47947	185033
47948	157616
47949	243694
47950	155162
47951	156837
47952	155164
47953	155165
47954	155166
47955	155120
47956	155121
47957	155122
47958	155170
47959	156139
47960	157140
47961	155204
47962	155205
47963	155206
47964	155207
47965	155208
47966	155209
47967	156057
47968	157361
47969	156164
47970	156165
47971	156166
47972	156167
47973	156168
47974	156169
47975	156170
47976	156171
47977	156172
47978	11250
47979	155665
47980	155666
47981	155270
47982	155271
47983	155272
47984	155273
47985	155272
47986	157527
47987	155276
47988	155981
47989	155982
47990	18685
47991	155983
47992	155984
47993	155985
47994	155986
47995	155987
47996	155988
47997	155989
47998	155075
47999	155076
48000	155077
48001	155078
48002	155079
48003	155021
48004	12609
48005	12610
48006	158048
48007	12612
48008	14524
48009	157140
48010	158628
48011	158629
48012	155880
48013	155881
48014	9728
48015	155825
48016	155722
48017	155827
48018	156099
48019	156100
48021	156102
48022	156103
48023	156104
48024	156105
48025	156106
48026	156107
48027	156108
48028	21513
48029	19428
48031	158001
48032	226117
48034	345921
48036	155413
48037	155414
48038	155415
48040	155417
48041	155418
48042	155419
48043	157024
48044	157025
48045	157026
48046	155342
48047	155343
48048	155344
48049	154888
48050	156083
48051	157826
48052	155418
48053	130207
48054	155349
48055	156088
48066	197831
48067	6091
48068	6092
48069	74464
48070	74465
48071	74466
48072	6098
48073	6100
48074	6101
48075	6102
48076	9981
48077	10014
48078	10965
48079	197851
48080	74467
48081	342079
48082	74468
48083	10968
48084	74469
48085	10969
48086	74470
48087	178160
48088	74471
48089	15196
48090	74472
48091	74473
48092	74474
48093	74475
48094	74476
48095	10979
48096	74477
48097	74478
48098	74479
48099	74480
48100	74481
48101	74482
48102	74483
48103	11055
48104	74484
48105	11056
48106	74485
48107	11057
48108	74486
48109	11058
48110	74487
48111	11059
48112	74488
48113	11060
48114	74489
48115	11061
48116	74490
48117	11062
48118	74491
48119	11063
48120	74492
48121	11064
48122	74493
48123	11065
48124	74494
48125	11066
48126	74495
48127	11067
48128	74496
48129	11068
48130	74497
48131	11069
48132	74498
48133	11070
48134	74499
48135	11071
48136	74500
48137	11072
48138	74501
48139	11073
48140	74502
48141	11074
48142	74503
48143	11075
48144	74504
48145	11076
48146	74505
48147	11077
48148	74506
48149	11078
48150	74507
48151	64230
48152	74508
48153	128170
48154	128171
48155	177940
48156	177941
48157	11079
48158	11080
48159	11081
48160	11082
48161	11083
48162	11084
48163	11085
48164	11086
48165	11087
48166	74509
48167	74510
48168	74511
48169	74512
48170	74513
48171	74514
48172	74515
48173	74516
48174	74517
48175	74518
48176	74519
48177	74520
48178	74521
48179	74522
48180	74523
48181	74524
48182	74525
48183	74526
48184	74527
48185	74528
48186	74529
48187	74530
48188	74531
48189	74532
48190	74533
48191	74534
48192	77723
48193	74535
48194	74536
48195	77724
48196	74537
48197	74538
48198	77725
48199	74539
48200	74540
48201	77726
48202	74541
48203	232176
48204	232177
48205	232178
48206	76353
48207	447803
48208	198375
48209	447805
48210	76355
48211	447807
48212	76357
48213	447809
48214	447810
48215	447811
48216	447812
48217	447813
48218	10996
48219	447815
48220	10997
48221	447817
48222	10999
48223	447819
48224	447820
48225	447821
48226	467919
48227	467920
48228	467921
48229	467922
48230	467923
48231	82474
48232	82475
48233	82476
48234	82477
48235	82478
48236	82479
48237	82480
48238	82481
48239	157088
48240	23672
48241	82482
48242	82483
48243	82484
48244	82485
48245	82486
48246	82487
48247	130582
48248	130584
48249	130583
48250	130585
48251	130586
48252	130587
48253	130588
48254	166130
48255	1354
48256	1348
48257	1356
48258	1357
48259	1360
48277	394189
48278	394190
48279	394191
48280	8988
48281	8991
48282	8994
48283	8999
48284	14940
48285	13574
48286	13594
48287	1338
48288	13665
48289	14353
48291	1341
48292	1342
48293	14378
48294	1344
48295	11188
48296	11190
48297	11192
48298	64359
48299	64360
48300	64361
48301	64362
48302	63955
48303	64364
48305	8333
48306	411990
48308	411991
48310	411992
48311	514501
48327	1185
48328	1185
48329	242230
48330	242230
48331	242356
48332	242356
48333	88012
48334	88012
48335	88013
48336	88013
48337	242358
48338	242358
48339	242414
48340	242414
48341	450109
48342	450109
48343	450084
48344	450084
48345	470361
48346	470361
48347	470363
48348	470363
48349	470365
48350	470365
48351	470367
48352	470367
48353	470369
48354	470369
48355	470371
48356	470371
48357	470373
48358	470373
48359	470375
48360	470375
48361	348431
48362	348431
48363	348433
48364	348433
48365	348700
48366	348700
48367	348701
48368	348701
48369	348440
48370	348440
48371	309656
48372	309656
48373	309658
48374	309658
48375	309660
48376	309660
48377	309662
48378	309662
48379	1603
48380	1603
48381	87965
48382	87965
48383	82175
48384	82175
48385	309776
48386	309776
48389	309863
48390	309863
48391	309584
48392	309584
48393	309586
48394	309586
48395	309588
48396	309588
48397	309564
48398	309564
48399	309628
48400	309628
48401	309568
48402	309568
48403	309570
48404	309570
48405	309572
48406	309572
48407	309574
48408	309574
48409	309576
48410	309576
48411	309688
48412	309688
48413	309407
48414	309407
48415	309410
48416	309410
48417	309411
48418	309411
48419	309413
48420	309413
48421	242320
48422	242320
48423	242322
48424	242322
48425	78933
48426	78933
48427	242428
48428	242428
48429	242432
48430	242432
48431	242200
48432	242201
48433	242202
48434	242202
48435	242204
48436	242204
48437	242206
48438	242206
48439	242208
48440	242208
48441	242210
48442	242211
48443	242340
48444	242340
48445	1132
48446	1132
48447	309640
48448	309640
48449	242458
48450	242458
48451	242142
48452	242142
48453	242080
48454	242080
48455	242390
48456	242390
48457	242392
48458	242392
48459	449375
48460	449375
48461	450082
48462	450082
48463	1554
48464	1554
48465	88165
48466	88165
48467	242428
48468	242428
48483	88129
48484	88129
48485	449341
48486	449341
48487	450080
48488	450080
48489	450082
48490	450082
48491	309642
48492	309642
48493	309644
48494	309644
48495	309646
48496	309646
48497	309648
48498	309648
48499	309650
48500	309650
48501	309652
48502	309652
48503	309853
48504	309853
48505	309847
48506	309847
48507	309849
48508	309849
48509	309851
48510	309851
48511	348673
48512	348673
48513	348675
48514	348675
48515	348680
48516	348680
48517	394397
48518	394397
48519	309815
48520	309815
48521	242428
48522	242428
48523	242402
48524	242402
48525	242296
48526	242296
48527	1587
48528	1587
48529	242286
48530	242286
48531	242288
48532	242288
48533	242290
48534	242290
48535	242408
48536	242408
48537	88029
48538	88029
48539	242122
48540	242122
48541	88168
48542	88168
48543	242124
48544	242124
48545	242126
48546	242126
48547	88171
48548	88171
48549	158948
48550	158948
48551	242092
48552	242092
48553	158952
48554	158952
48555	242310
48556	242310
48557	87911
48558	87911
48559	130840
48560	130840
48575	1546
48576	1546
48577	242148
48578	242148
48579	88025
48580	88025
48581	242150
48582	242150
48583	88027
48584	88027
48585	348415
48586	348415
48587	242458
48588	242458
48589	242114
48590	242114
48591	242116
48592	242116
48593	242118
48594	242118
48595	242120
48596	242120
48597	449341
48598	449341
48599	166270
48600	166270
48603	309885
48604	309885
48605	242222
48606	242223
48607	242224
48608	242224
48609	242226
48610	242226
48611	242228
48612	242228
48613	1201
48614	1201
48615	449340
48616	449340
48617	242458
48618	242458
48619	242366
48620	242426
48621	450109
48622	450109
48623	309626
48624	309626
48625	309628
48626	309628
48627	309568
48628	309568
48629	309570
48630	309570
48631	309572
48632	309572
48633	309574
48634	309574
48635	309576
48636	309576
48637	242252
48638	242252
48639	242254
48640	242254
48641	242256
48642	242256
48643	1579
48644	1579
48645	242136
48646	242136
48647	242138
48648	242138
48649	87972
48650	87972
48651	1640
48652	1640
48653	1134
48654	1134
48657	449317
48658	449317
48659	450096
48660	450096
48661	242362
48662	242362
48663	242364
48664	242364
48665	242432
48666	242432
48667	87879
48668	87879
48669	242434
48670	242434
48671	242450
48672	242450
48673	242452
48674	242452
48675	87886
48676	87886
48677	242432
48678	242432
48679	242434
48680	242434
48681	242450
48682	242450
48683	242452
48684	242452
48685	242454
48686	242454
48689	198155
48690	198155
48691	309590
48692	309590
48695	242250
48696	242250
48697	1328
48698	1328
48699	242368
48700	242368
48701	242370
48702	242370
48703	88030
48704	88030
48705	242394
48706	242394
48707	242396
48708	242396
48709	242398
48710	242398
48711	242400
48712	242400
48713	394395
48714	394395
48715	1143
48716	1143
48717	242356
48718	242356
48719	88010
48720	88010
48721	88012
48722	88012
48723	88013
48724	88013
48725	242358
48726	242358
48727	88013
48728	88013
48729	159157
48730	159157
48731	158914
48732	158914
48733	242234
48734	242234
48735	242236
48736	242236
48737	242238
48738	242238
48739	242240
48740	242240
48741	242242
48742	242242
48743	242244
48744	242244
48745	242216
48746	242216
48747	158940
48748	158940
48749	158942
48750	158942
48751	158944
48752	158944
48753	158946
48754	158946
48755	450105
48756	450105
48757	309881
48758	309881
48759	309883
48760	309883
48761	242086
48762	242086
48763	449341
48764	449341
48765	449321
48766	449321
48767	449360
48768	449360
48769	449341
48770	449341
48771	449323
48772	449323
48773	449365
48774	449365
48775	449367
48776	449367
48777	450127
48778	450127
48779	449353
48780	449353
48781	450098
48782	450098
48783	449375
48784	449375
48785	78921
48786	78921
48787	242266
48788	242266
48789	242268
48790	242268
48791	242270
48792	242270
48793	78925
48794	78925
48795	242128
48796	242128
48797	242130
48798	242130
48799	130880
48800	130880
48801	242132
48802	242132
48803	130883
48804	130883
48805	242134
48806	242134
48807	242424
48808	242424
48811	242426
48812	242426
48813	449353
48814	449353
48815	309766
48816	309766
48817	309542
48818	309542
48819	309544
48820	309544
48821	309546
48822	309546
48823	309752
48824	309752
48825	309754
48826	309754
48827	309756
48828	309756
48829	309758
48830	309758
48831	309760
48832	309760
48833	309762
48834	309762
48835	309764
48836	309764
48837	348411
48838	348411
48839	348413
48840	348413
48841	242432
48842	242432
48843	88010
48844	88010
48845	242200
48846	242201
48847	242202
48848	242202
48851	243849
48852	136975
48853	149329
48854	208762
48855	87712
48856	149327
48857	303478
48858	215212
48884	74776
48885	74774
49147	75323
49148	75324
49149	75255
49150	75256
49151	75257
49152	75301
49153	65878
49154	75303
49155	75347
49156	75348
49157	75349
49158	75350
49159	75351
49160	75331
49161	75346
49162	75329
49163	75308
49164	75340
49165	75341
49166	75342
49167	75343
49168	75344
49169	75345
49170	75326
49171	75321
49172	65879
49173	75325
49174	75327
49175	75335
49176	75336
49194	166066
49197	152704
49200	16222
49203	78756
49204	4987
49206	5047
49211	74811
49213	384416
49217	74812
49219	6457
49223	369996
49224	468647
49225	207431
49226	341892
49227	152895
49230	437010
49231	70610
49233	155676
49234	242204
49235	242204
49236	242206
49237	242206
49238	242208
49239	242208
49240	242210
49241	242211
49242	242340
49243	242340
49244	242128
49245	242128
49246	242130
49247	242130
49248	1214
49249	1214
49250	242278
49251	242278
49252	130880
49253	130880
49254	242132
49255	242132
49256	130883
49257	130883
49258	242134
49259	242134
49260	309678
49261	309678
49262	309680
49263	309680
49264	309682
49265	309682
49266	309684
49267	309684
49268	309686
49269	309686
49270	309548
49271	309548
49272	242142
49273	242142
49274	242080
49275	242081
49276	242082
49277	242082
49278	242084
49279	242084
49280	1154
49281	1154
49282	158928
49283	158928
49284	158930
49285	158930
49286	242440
49287	242440
49288	242442
49289	242442
49290	247732
49291	247732
49292	309612
49293	309612
49294	309602
49295	309602
49296	309604
49297	309604
49298	242430
49299	242430
49300	309736
49301	309736
49302	242426
49303	242426
49304	449323
49305	449323
49306	470357
49307	470357
49308	242262
49309	242262
49310	242264
49311	242264
49312	88075
49313	88075
49314	450115
49315	450115
49316	450117
49317	450117
49318	450120
49319	450120
49320	242458
49321	242458
49322	1157
49323	1157
49324	242272
49325	242272
49326	1160
49327	1160
49328	78920
49329	78920
49330	242260
49331	242260
49332	242428
49333	242077
49334	242422
49335	242422
49336	242106
49337	242106
49338	450090
49339	450090
49340	450092
49341	450092
49342	450094
49343	450094
49344	450096
49345	450096
49346	242458
49347	242458
49348	242172
49349	242172
49350	309831
49351	309831
49352	309754
49353	309754
49354	309756
49355	309756
49356	309758
49357	309758
49358	309760
49359	309760
49360	309762
49361	309762
49362	309764
49363	309764
49364	348411
49365	348411
49366	348504
49367	348504
49368	242174
49369	242174
49370	348667
49371	348667
49372	242178
49373	242178
49374	87961
49375	87961
49376	242344
49377	242344
49378	450084
49379	450084
49380	309700
49381	309700
49382	309702
49383	309702
49384	309704
49385	309704
49386	309706
49387	309706
49388	309708
49389	309708
49390	242374
49391	242374
49392	242376
49393	242377
49394	242458
49395	242458
49396	242428
49397	242428
49398	242428
49399	242428
49400	242370
49401	242370
49402	1181
49403	1181
49404	449365
49405	449365
49406	87911
49407	87911
49408	242404
49409	242404
49410	242406
49411	242406
49412	348695
49413	348695
49414	348433
49415	348433
49416	348700
49417	348700
49418	348701
49419	348701
49420	348440
49421	348440
49422	309738
49423	309738
49424	309740
49425	309740
49426	309742
49427	309742
49428	309744
49429	309744
49430	309746
49431	309746
49432	309748
49433	309748
49434	309664
49435	309664
49436	309608
49437	309608
49438	309668
49439	309668
49440	242458
49441	242458
49442	88056
49443	88056
49444	242346
49445	242346
49446	242348
49447	242348
49448	242350
49449	242350
49450	242454
49451	242454
49452	242354
49453	242354
49454	450098
49455	450098
49456	1546
49457	1546
49458	242418
49459	242418
49460	242420
49461	242420
49462	1585
49463	1585
49464	449367
49465	449367
49466	309830
49467	309830
49468	1623
49469	1623
49470	242430
49471	242430
49472	88010
49473	88010
49474	450080
49475	450080
49476	242192
49477	242192
49478	1615
49479	1615
49480	242194
49481	242194
49482	1617
49483	1617
49484	1618
49485	1618
49486	242142
49487	242142
49488	242144
49489	242144
49490	242146
49491	242146
49492	1602
49493	1602
49494	242152
49495	242152
49496	242154
49497	242154
49498	242156
49499	242156
49500	242158
49501	242158
49502	130853
49503	130853
49504	242160
49505	242160
49506	242162
49507	242162
49508	242426
49509	242426
49510	309714
49511	309714
49512	348427
49513	348427
49514	348551
49515	348551
49516	450107
49517	450107
49518	242426
49519	242426
49520	309722
49521	309722
49522	309724
49523	309724
49524	309726
49525	309726
49526	309728
49527	309728
49528	309730
49529	309730
49530	309732
49531	309732
49532	242292
49533	242292
49534	242294
49535	242294
49536	1194
49537	1194
49538	449360
49539	449360
49542	348601
49543	348601
49544	348604
49545	348604
49546	348606
49547	348606
49548	88127
49549	88127
49550	309782
49551	309782
49552	309845
49553	309845
49554	309847
49555	309847
49556	309849
49557	309849
49558	309851
49559	309851
49560	470377
49561	470377
49562	450101
49563	450101
49564	348557
49565	348557
49566	242258
49567	242258
49568	242428
49569	242428
49584	242458
49585	242458
49586	78914
49587	78914
49588	242232
49589	242232
49590	309606
49591	309606
49592	309608
49593	309608
49594	309668
49595	309668
49596	309580
49597	309580
49598	309871
49599	309871
49600	309702
49601	309702
49602	309875
49603	309875
49604	309706
49605	309706
49606	309708
49607	309708
49608	242372
49609	242372
49610	87873
49611	87873
49612	242456
49613	242456
49614	242366
49615	242426
49616	242428
49617	242428
49618	242342
49619	242342
49620	88072
49621	88072
49622	87945
49623	87945
49624	87946
49625	87946
49626	87947
49627	87947
49628	348546
49629	348546
49630	309542
49631	309542
49632	309544
49633	309544
49634	309546
49635	309546
49636	309405
49637	309405
49638	309407
49639	309407
49640	309410
49641	309410
49642	309411
49643	309411
49644	309413
49645	309413
49646	242424
49647	242424
49648	242426
49649	242426
49650	1194
49651	1194
49652	87973
49653	87973
49654	242218
49655	242218
49656	87975
49657	87975
49658	309582
49659	309582
49660	309584
49661	309584
49662	309586
49663	309586
49664	309588
49665	309588
49666	348506
49667	348506
49668	348590
49669	348590
49670	449321
49671	449321
49672	450127
49673	450127
49674	470379
49675	470379
49676	242094
49677	242094
49678	242096
49679	242096
49680	242098
49681	242098
49682	242100
49683	242101
49684	242102
49685	242103
49686	1596
49687	1596
49688	242168
49689	242168
49690	1164
49691	1164
49692	1546
49693	1546
49694	242088
49695	242089
49696	242090
49697	242090
49698	242296
49699	242296
49700	130863
49701	130863
49702	242298
49703	242298
49704	242300
49705	242300
49706	242302
49707	242302
49708	242304
49709	242304
49710	242306
49711	242306
49712	450101
49713	450101
49714	450107
49715	450107
49716	450121
49717	450121
49718	450123
49719	450123
49720	450125
49721	450125
49722	450090
49723	450090
49724	450092
49725	450092
49726	309600
49727	309600
49728	309602
49729	309602
49730	309604
49731	309604
49732	309784
49733	309784
49734	309542
49735	309542
49736	309544
49737	309544
49738	309546
49739	309546
49740	242246
49741	242246
49742	348407
49743	348407
49744	348409
49745	348410
49746	242426
49747	242426
49748	450121
49749	450121
49750	450123
49751	450123
49752	450125
49753	450125
49754	450105
49755	450105
49756	470360
49757	470360
49758	348417
49759	348417
49760	348415
49761	348415
49762	242308
49763	242308
49780	242316
49781	242316
49782	242318
49783	242318
49797	79892
49798	30199
49799	72415
49800	72416
49802	30203
49803	72417
49804	30205
49805	72418
49806	30207
49807	450252
49808	470728
49809	470729
49811	450255
49812	29200
49813	73260
49814	72594
49815	29204
49816	199067
49817	199106
49818	199107
49820	131317
49821	199108
49822	199109
49823	199110
49824	199111
49825	513419
49826	514398
49827	513420
49828	514399
49829	513421
49830	514400
49831	513422
49832	514401
49833	513423
49834	514402
49835	513424
49836	514403
49837	513426
49838	514404
49839	22669
49840	68307
49841	22708
49842	28699
49843	28700
49844	28702
49845	13020
49846	370586
49847	370587
49848	370588
49849	370589
49850	30628
49851	30629
49852	30564
49853	31145
49854	72336
49855	72337
49857	31153
49858	72338
49859	72339
49860	31158
49861	131630
49862	153273
49863	153274
49865	22097
49866	153276
49867	153277
49868	153278
49869	153279
49870	153280
49871	153281
49872	153282
49873	370629
49874	369837
49875	369838
49876	10239
49877	31992
49878	67384
49879	67385
49880	18010
49881	30311
49882	30312
49883	30313
49884	22124
49885	73026
49886	73027
49888	22130
49889	73028
49890	73029
49891	73030
49892	73031
49893	73032
49894	73033
49895	22154
49896	245018
49897	384715
49898	245020
49899	21748
49900	412936
49901	412937
49902	412937
49903	225760
49904	10245
49905	411856
49906	19654
49907	411857
49908	422462
49909	411858
49910	422463
49911	411859
49912	412955
49913	411860
49914	412956
49915	411861
49916	412957
49917	411871
49918	412958
49921	514435
49923	514437
49924	468941
49925	514438
49926	28136
49927	16107
49928	72803
49929	72804
49930	16114
49931	83213
49932	83214
49933	225747
49934	245404
49935	245350
49936	245351
49937	79892
49938	369987
49939	412949
49940	412950
49941	384521
49942	384522
49943	384523
49944	24696
49945	24697
49946	24698
49947	27636
49948	199276
49949	209881
49950	209882
49951	16549
49952	16551
49954	153369
49955	153370
49956	153371
49957	245399
49958	245400
49959	153374
49960	245401
49961	245402
49962	245403
49963	513928
49969	31257
49970	83593
49971	31259
49972	436708
49973	131860
49974	177535
49975	177536
49976	13020
49977	28663
49978	28664
49979	28665
49980	131974
49981	27997
49982	27999
49983	28000
49984	24709
49985	24307
49986	71966
49987	71967
49988	76512
49989	26129
49990	131862
49991	131863
49992	61765
49993	233712
49994	241948
49995	233713
49996	241949
49997	233714
49998	242018
49999	233715
50000	241951
50001	233716
50002	241952
50003	233717
50004	241953
50005	232818
50006	241954
50007	492667
50008	493292
50009	227537
50010	227541
50011	227539
50013	227543
50014	199065
50015	471029
50016	513967
50017	471085
50019	513968
50020	513969
50021	513970
50022	31901
50023	72895
50024	72896
50025	24258
50026	157213
50027	31911
50028	245015
50029	245016
50030	245017
50032	227428
50033	227429
50034	227430
50036	227432
50037	79992
50038	79993
50039	79994
50041	79996
50042	79997
50043	79998
50044	79999
50045	80000
50046	80001
50047	131313
50048	131314
50049	131315
50051	131318
50052	131319
50053	131320
50054	131321
50055	131322
50056	131323
50057	76491
50058	76492
50059	76493
50060	31699
50061	72084
50062	72085
50063	199328
50064	199329
50065	199330
50066	28635
50067	26489
50068	72660
50069	72406
50070	25668
50071	19379
50072	19380
50073	19382
50074	30296
50075	72733
50076	72734
50078	72735
50079	72736
50080	72737
50081	30303
50082	514136
50085	514138
50088	245082
50089	426285
50090	426286
50091	412914
50092	345341
50093	345342
50094	345343
50095	25890
50096	17078
50097	20576
50098	20612
50099	20616
50100	153457
50101	78873
50102	244893
50103	130810
50104	244894
50105	130811
50106	130812
50107	130813
50108	165639
50109	394617
50110	66279
50111	66280
50112	66281
50113	66282
50114	82538
50115	82539
50116	130799
50117	130800
50118	6803
50119	156827
50120	6731
50121	6732
50122	6733
50123	6734
50124	6735
50125	6736
50126	6659
50127	6660
50128	6661
50129	6662
50130	6663
50131	6664
50132	6665
50133	6666
50134	6647
50135	23895
50136	23925
50137	6615
50138	6616
50139	24058
50140	6618
50141	6619
50142	24096
50143	73155
50144	73156
50145	73157
50146	6673
50147	6832
50148	6833
50149	6688
50150	6575
50151	6576
50152	6577
50153	6578
50154	6579
50155	6580
50156	6738
50157	6739
50158	6740
50159	6741
50160	6742
50161	6743
50162	6744
50163	6745
50164	6746
50165	6711
50166	130786
50167	130828
50168	73145
50169	73146
50170	73147
50171	73148
50172	73149
50173	73150
50174	73151
50175	73152
50176	78879
50177	82542
50178	130823
50179	130824
50180	130825
50181	130826
50182	130827
50183	165635
50184	394619
50185	6757
50186	6758
50187	6759
50188	6760
50189	6761
50190	6762
50191	6817
50192	6818
50193	6819
50194	6820
50195	6821
50196	6822
50197	6823
50198	6824
50199	6825
50200	6594
50201	6595
50202	6596
50203	6597
50204	6599
50205	6600
50206	6601
50207	6602
50208	6603
50209	6834
50210	6835
50211	6836
50212	6837
50213	6838
50214	6839
50215	6764
50219	6622
50220	6623
50221	6624
50222	6625
50223	130814
50224	130815
50225	130816
50226	130817
50227	130818
50228	130819
50229	130820
50230	130821
50231	130822
50232	6775
50233	6776
50234	6777
50235	6778
50236	6779
50237	6780
50238	6781
50239	6782
50240	6783
50241	78874
50242	5713
50243	6840
50244	6841
50245	6842
50246	6843
50247	6844
50248	6845
50249	130801
50250	130802
50251	130803
50252	130804
50253	130805
50254	130806
50255	130807
50256	130808
50257	130809
50258	78875
50259	130792
50260	82540
50261	165634
50262	177898
50263	182707
50264	198143
50265	208343
50266	226577
50267	232488
50268	369503
50269	244897
50270	347006
50271	492876
50272	231818
50273	244898
50274	284513
50275	347007
50276	369504
50277	394618
50278	6747
50279	6748
50280	6749
50281	6750
50282	6751
50283	6752
50284	6753
50285	6754
50286	6755
50287	6708
50288	6709
50289	6682
50290	6683
50291	6684
50292	6685
50293	6686
50294	6687
50295	6645
50296	6646
50297	6771
50298	6772
50299	500958
50300	6848
50301	6849
50302	6850
50303	6851
50304	177895
50305	177896
50306	177897
50307	165637
50308	165638
50309	177894
50310	198139
50311	208341
50312	231817
50313	232486
50314	284516
50315	347008
50316	284518
50317	6765
50318	6766
50319	6767
50320	6768
50321	6769
50322	6770
50323	467896
50324	514957
50325	514958
50329	6691
50330	130829
50331	130830
50332	130831
50333	130832
50334	130833
50335	130834
50339	449858
50340	347011
50341	412778
50342	467898
50344	6853
50345	6854
50346	6855
50347	6856
50348	6857
50349	6858
50350	6859
50351	6860
50352	6861
50353	130793
50354	130794
50355	130795
50356	130796
50357	130797
50358	130798
50359	412779
50360	412780
50361	426372
50362	436880
50363	449863
50364	449864
50365	467901
50366	467902
50367	502142
50368	514960
50369	6574
50370	6696
50371	6697
50372	6698
50373	6699
50374	6700
50375	6701
50376	6702
50377	6703
50378	6704
50379	6582
50380	6583
50381	6584
50382	6585
50383	6586
50384	6587
50385	6626
50386	6648
50387	6649
50388	6650
50389	6651
50390	73161
50391	73162
50392	75413
50393	73163
50394	73164
50395	73165
50396	73166
50397	73167
50398	73168
50399	153458
50400	153459
50401	166667
50402	166668
50403	153462
50404	153463
50405	153464
50406	153465
50407	30739
50408	73124
50409	73125
50410	13692
50411	67454
50412	73253
50413	73254
50415	73255
50416	245245
50417	17069
50418	131365
50420	32933
50421	72138
50422	20226
50423	370583
50424	370584
50425	73241
50426	83682
50427	83683
50428	31827
50429	61732
50430	28793
50431	72254
50432	72255
50433	28798
50434	10218
50435	31703
50436	31704
50437	245215
50438	426260
50439	245217
50440	24545
50441	32140
50442	32141
50443	32142
50445	467136
50446	471263
50447	467137
50448	471265
50449	467138
50450	471267
50451	467139
50452	471269
50453	467140
50454	471271
50455	467141
50456	471273
50457	467230
50458	471275
50459	30457
50460	30458
50461	30459
50462	25319
50463	83665
50464	83666
50465	24724
50466	71950
50467	71951
50468	23848
50469	23849
50470	23851
50471	23854
50472	216737
50473	225690
50474	225691
50476	471290
50477	471291
50478	471292
50479	471293
50480	471294
50481	471295
50482	471296
50483	25478
50484	167158
50485	167159
50486	13888
50487	244970
50488	244971
50489	245272
50490	199355
50491	199356
50492	199357
50493	209795
50494	245085
50495	245086
50496	245087
50497	30985
50498	32135
50499	32136
50501	22742
50502	32137
50503	32138
50504	30992
50505	153314
50506	153315
50507	153316
50509	26611
50510	153318
50511	153319
50512	153320
50513	513163
50514	344993
50515	30696
50516	13696
50517	16735
50518	72616
50519	5567
50520	72617
50521	5571
50522	62785
50523	16747
50524	62788
50525	16904
50526	72618
50527	16908
50528	72619
50530	16923
50531	72620
50532	127436
50533	131709
50534	513022
50535	132035
50536	132036
50538	16123
50539	132037
50540	132038
50541	131877
50542	31764
50543	31765
50544	166741
50545	177651
50546	166743
50547	21530
50548	225717
50549	225718
50550	225719
50551	245120
50552	245121
50553	245122
50554	29972
50555	29974
50556	28480
50557	28481
50558	28483
50559	241858
50560	241935
50561	241936
50562	471238
50563	471239
50564	471240
50565	471241
50566	471242
50567	471243
50568	471244
50569	25514
50570	153305
50571	25519
50572	257821
50573	257822
50574	257823
50575	257824
50576	257825
50577	257826
50578	25560
50579	67247
50580	72257
50581	67253
50582	83133
50583	72258
50584	67256
50585	450215
50586	450216
50587	450217
50589	450219
50590	470908
50591	470909
50592	227325
50593	25578
50594	25580
50595	25582
50596	25588
50597	241917
50598	422823
50599	345384
50600	14948
50601	73218
50602	73219
50603	14954
50604	344986
50605	344987
50606	344988
50607	245178
50608	384750
50609	384751
50610	513992
50611	471204
50612	513993
50613	18929
50614	72811
50615	72812
50616	72813
50617	72814
50618	72815
50619	72816
50620	19233
50621	131508
50622	131509
50623	131510
50624	29247
50625	72223
50626	76293
50627	245353
50628	384471
50629	384919
50630	30355
50631	30356
50632	32750
50634	384389
50635	83684
50636	83685
50637	83686
50638	199178
50639	199179
50640	199180
50642	199182
50643	199183
50644	199184
50645	199185
50646	450150
50647	450412
50648	450152
50650	450413
50651	471284
50652	471285
50653	470881
50654	470882
50655	470883
50656	470884
50657	470885
50658	470886
50659	470887
50660	15948
50661	15949
50662	15951
50663	450238
50664	450239
50665	450240
50666	450241
50667	79962
50668	83127
50669	83128
50670	72470
50671	32118
50672	245381
50673	245382
50674	344980
50675	32879
50676	72128
50677	131640
50678	131641
50679	131642
50681	131644
50682	131645
50683	131646
50684	131647
50685	131648
50686	153339
50687	153340
50688	153341
50689	153342
50690	153343
50691	153344
50692	131370
50693	131371
50694	131372
50695	22659
50696	370642
50697	370643
50698	22665
50699	345521
50700	345522
50701	345523
50702	32299
50703	32300
50704	32304
50705	32310
50706	32316
50707	32319
50708	32323
50709	28334
50710	73067
50711	73068
50713	24713
50714	73069
50715	73070
50716	24717
50717	78780
50718	79938
50719	79939
50721	79940
50722	79941
50723	79942
50724	83343
50725	79944
50726	79945
50727	79946
50728	20215
50729	225679
50730	225680
50731	225681
50732	28312
50733	31117
50734	72518
50735	72519
50736	31124
50737	31125
50738	31126
50739	83198
50740	83199
50741	83200
50742	23044
50743	23045
50744	23047
50747	31209
50748	31210
50749	31215
50750	31216
50751	31217
50752	31218
50753	31222
50754	68264
50755	72378
50756	30930
50757	72168
50758	72169
50760	72170
50761	72171
50762	30936
50763	72172
50764	72486
50765	30940
50766	28125
50767	26783
50769	513934
50770	513935
50771	513936
50773	29470
50774	22322
50775	72147
50776	72148
50777	67829
50778	67830
50779	67831
50780	28711
50781	72210
50782	72211
50784	72212
50785	72197
50786	131905
50787	131906
50788	131907
50789	131908
50950	153067
50951	127158
50952	208576
50954	402786
50955	8626
50957	232418
50958	4988
50959	13303
50961	368195
50966	74812
50968	384418
50970	74813
50973	6458
50977	369997
50978	82438
50980	155384
50981	152896
50984	70611
50985	77634
50986	16053
50987	75304
50989	157435
50990	412776
50991	227458
50992	227567
50993	227568
50995	227462
50996	227463
50997	227569
50998	227570
50999	227466
51000	402418
51001	345335
51002	345336
51003	345337
51004	199057
51005	199058
51006	199059
51007	67842
51010	166653
51011	245232
51012	245233
51013	245234
51014	245235
51015	245236
51016	27226
51017	72025
51018	72026
51019	32118
51020	28346
51021	28349
51022	28351
51023	76293
51024	22777
51025	72027
51026	72028
51027	28352
51028	28353
51029	28355
51030	32457
51031	73023
51032	73024
51033	32463
51034	32464
51035	32465
51036	32466
51037	32468
51038	32470
51039	370590
51042	369839
51047	370135
51048	370136
51049	370137
51052	31502
51053	31504
51054	31505
51055	31508
51056	402429
51057	402430
51058	384967
51059	384968
51060	384969
51061	384971
51062	384972
51063	384973
51064	402431
51065	402432
51066	450333
51067	471309
51068	28898
51069	28899
51070	28900
51071	23342
51072	153194
51073	153195
51074	153196
51075	153197
51076	153198
51077	153199
51078	153200
51079	153201
51080	153202
51081	153203
51082	426312
51083	426313
51084	345056
51085	345057
51086	345058
51087	83152
51088	83153
51089	426143
51090	436511
51091	20531
51092	16533
51093	16534
51094	16535
51095	13683
51096	72747
51097	72748
51098	242030
51099	242031
51100	242032
51101	241750
51102	242033
51103	242034
51104	242006
51105	242007
51106	242008
51107	30149
51108	514408
51109	514409
51111	470812
51112	470813
51113	470814
51114	470815
51115	470816
51116	470817
51117	470818
51118	370127
51119	370128
51120	370129
51121	245008
51122	384861
51123	384862
51124	245011
51125	31511
51126	471095
51127	471095
51128	450638
51129	450286
51130	450287
51131	450284
51132	18137
51133	71975
51134	71976
51135	412876
51136	412877
51137	412878
51138	468941
51139	131347
51140	153451
51141	153452
51143	153454
51144	153455
51145	153456
51146	513005
51147	471106
51148	471107
51149	471108
51150	471109
51151	501420
51152	10279
51154	450280
51155	402460
51156	384685
51157	32767
51158	32768
51159	32769
51160	32773
51161	32774
51162	32775
51163	32779
51164	32780
51165	32782
51166	32783
51167	167066
51168	166669
51169	471232
51170	471233
51171	73180
51172	73181
51174	22635
51175	73182
51176	12010
51177	72955
51178	72956
51180	72958
51181	72959
51182	72960
51183	72961
51184	72962
51185	72963
51186	72964
51187	72965
51188	32701
51189	72043
51190	72044
51191	22091
51192	32871
51193	227546
51194	225699
51195	225700
51196	397714
51197	397715
51198	397716
51199	225682
51200	227522
51201	225684
51202	22648
51203	32561
51204	20689
51205	20698
51206	32485
51207	32486
51208	32489
51209	30215
51210	72108
51211	72109
51213	72110
51214	30220
51215	167147
51217	242046
51219	79892
51222	345115
51223	345116
51224	72470
51225	225704
51226	71998
51227	71999
51228	30661
51229	30717
51230	30718
51231	24353
51232	24355
51233	61738
51234	20920
51235	426235
51236	426236
51237	426237
51239	10287
51240	426239
51241	426240
51242	426241
51243	426242
51244	370694
51245	370695
51246	370696
51248	27379
51249	370698
51250	370699
51251	370700
51252	370701
51253	18013
51254	72407
51255	72408
51256	22771
51257	31676
51258	31677
51259	197274
51260	30703
51261	30704
51262	30705
51263	30706
51264	30710
51265	30711
51266	30714
51267	30715
51268	30716
51269	29381
51270	72644
51271	72645
51272	25042
51273	20506
51274	30454
51275	30455
51276	31244
51277	31245
51279	166975
51280	199297
51281	199298
51282	22297
51283	72559
51284	72560
51285	245073
51286	245074
51287	245075
51288	241789
51289	241790
51290	20346
51291	20348
51292	177652
51293	384885
51294	177654
51295	22654
51296	23231
51297	23233
51298	245273
51299	245274
51300	245275
51301	167067
51302	167068
51303	167069
51304	167070
51305	345277
51306	345278
51307	412873
51308	412874
51309	412875
51310	61732
51311	345000
51312	345001
51313	345002
51314	32503
51315	20673
51316	470790
51317	471160
51318	471161
51320	471162
51321	471163
51322	471164
51323	471165
51324	402450
51325	384979
51326	24815
51330	450362
51331	450363
51332	450364
51333	450365
51334	450366
51335	450367
51336	450368
51337	450369
51338	450370
51339	450371
51340	450372
51341	513994
51342	513995
51343	32890
51344	72139
51345	32820
51346	370772
51347	241968
51348	370773
51349	370774
51350	370775
51351	370776
51352	370777
51353	370778
51354	370779
51355	241976
51356	345492
51357	345493
51358	345494
51359	5889
51360	167150
51361	72613
51362	513100
51363	29396
51364	29397
51365	131690
51366	131691
51367	131692
51369	79940
51370	131694
51371	131695
51372	131696
51373	131697
51374	131698
51375	131699
51376	245374
51377	245375
51378	245376
51380	245378
51381	245379
51382	245380
51383	67628
51384	72935
51385	167168
51386	167169
51387	167170
51388	131230
51389	241766
51390	241767
51391	426293
51392	426294
51393	20227
51394	20246
51395	345286
51396	345287
51397	345288
51398	345289
51399	345290
51400	345291
51401	345292
51402	345293
51403	345294
51404	345295
51417	225893
51419	310890
51420	310891
51421	310892
51422	345313
51423	412992
51424	412993
51425	345316
51426	227554
51427	227555
51428	227556
51429	227557
51430	227558
51431	227559
51432	227560
51433	73122
51434	73123
51435	241913
51436	345204
51437	345205
51438	345206
51439	83004
51440	83303
51441	83304
51442	22332
51443	72371
51444	72372
51446	22341
51447	72373
51448	72374
51449	72375
51450	370390
51451	370391
51452	370392
51453	370393
51454	370394
51455	370395
51456	370396
51457	22788
51458	25625
51459	25628
51460	25629
51461	25634
51462	25636
51463	131226
51464	131227
51465	83158
51466	131228
51467	131229
51468	384818
51469	384820
51470	384822
51471	426216
51472	426217
51474	20081
51475	27183
51476	426315
51477	426316
51478	426317
51480	29767
51481	426319
51482	426320
51483	450479
51484	450480
51485	450481
51486	470906
51487	470907
51488	470840
51489	470841
51490	470842
51491	166328
51492	450275
51493	450276
51494	16133
51495	131738
51496	25833
51497	25835
51498	29150
51499	32592
51500	32593
51502	32595
51503	32596
51504	29162
51505	23049
51506	72379
51507	72380
51509	72381
51510	72382
51511	72383
51512	74370
51513	71982
51514	74371
51515	67777
51516	71984
51517	71985
51518	74373
51519	71987
51520	71988
51521	71989
51522	73333
51523	71991
51524	73336
51525	71993
51526	208651
51527	209787
51528	225827
51529	225828
51530	27402
51531	131712
51532	131713
51533	501369
51534	501370
51535	501371
51537	131974
51538	501373
51539	501374
51540	501375
51541	501376
51542	501377
51543	501378
51544	32859
51545	29384
51546	32861
51547	10216
51548	384852
51549	402451
51550	402452
51551	384855
51552	402453
51553	384857
51554	402454
51555	402455
51556	402456
51557	402457
51558	471214
51559	471215
51560	471216
51561	471104
51562	471105
51563	225747
51564	370130
51565	370131
51566	370132
51567	76262
51569	32185
51570	72785
51571	72786
51572	32190
51573	83177
51574	83178
51575	310872
51576	345227
51577	345228
51578	345018
51579	345070
51580	345071
51581	384636
51582	384637
51583	384638
51584	514157
51586	345334
51587	20515
51588	20516
51589	20531
51590	30235
51591	30236
51592	30237
51593	30238
51594	30239
51595	30240
51596	30241
51597	30242
51598	31833
51599	31834
51600	30060
51601	167334
51602	167335
51603	167336
51604	167337
51605	153240
51606	26717
51607	17094
51608	71894
51609	71895
51610	16055
51611	28903
51612	83120
51613	83121
51614	345561
51615	345562
51616	345563
51617	345564
51618	345566
51619	345567
51620	345568
51621	345569
51622	345570
51623	370807
51624	345572
51625	345573
51626	345574
51627	345575
51628	83141
51629	131944
51630	131945
51631	131946
51632	514195
51633	514196
51639	17105
51640	31293
51641	68616
51642	72726
51643	72727
51644	13785
51645	83305
51646	83306
51647	369716
51648	412969
51649	412970
51650	13722
51651	199392
51652	426269
51653	426270
51654	131302
51655	153352
51656	153353
51658	153355
51659	153356
51660	153357
51661	153358
51662	153359
51663	153360
51671	345121
51672	345122
51673	345123
51674	310915
51675	245280
51676	310916
51677	310917
51678	310918
51679	310919
51680	310920
51681	310921
51682	310922
51683	345274
51684	345275
51685	345276
51686	10283
51687	72055
51688	72056
51690	72057
51691	344989
51692	344990
51693	344991
51694	450157
51695	450158
51696	450159
51697	245005
51698	245006
51699	245007
51700	29534
51701	73075
51702	73076
51703	370569
51704	370570
51705	370571
51706	245159
51707	245160
51708	245161
51709	245138
51710	426183
51711	426184
51712	16032
51713	73046
51714	73047
51715	131552
51716	131553
51717	131554
51718	153190
51719	153191
51720	131557
51721	131558
51722	22925
51723	30048
51724	22930
51725	31261
51726	167142
51727	167143
51728	167149
51729	23401
51730	345044
51733	61765
51734	131207
51735	131208
51736	131209
51737	31298
51738	31299
51739	31304
51740	31306
51741	31321
51742	31325
51743	31329
51744	18089
51745	18090
51746	18091
51747	18093
51748	131264
51749	153228
51750	153229
51751	185058
51752	185059
51753	413125
51754	413126
51755	384987
51756	384988
51757	384989
51758	384990
51759	384991
51760	384992
51761	384993
51762	384994
51763	384995
51764	166752
51765	384997
51766	384998
51767	384999
51768	385000
51769	384390
51770	384391
51771	384392
51772	83636
51773	83637
51774	384480
51775	384481
51776	384482
51777	384483
51778	384484
51779	384485
51780	384486
51781	22794
51782	72263
51783	72121
51784	22799
51785	22806
51786	22808
51787	22812
51788	76266
51789	83142
51790	83143
51791	26250
51792	31823
51793	31825
51794	413076
51795	426151
51796	426152
51797	227433
51798	227434
51799	227435
51800	471153
51801	471154
51802	471155
51803	471156
51804	471157
51805	471158
51806	471159
51807	426193
51808	426194
51809	67794
51810	227566
51811	426224
51814	18893
51815	310883
51816	310884
51817	310885
51818	384920
51819	384921
51821	345518
51822	345519
51823	345520
51824	345039
51825	345040
51826	345041
51827	31012
51828	31014
51829	61753
51830	29294
51831	73049
51832	29296
51833	20854
51834	20856
51835	20858
51836	30907
51837	71934
51838	71935
51840	30912
51841	71936
51842	71937
51843	71942
51844	32398
51845	72477
51846	72478
51847	28314
51848	72184
51849	72185
51850	67672
51851	166674
51852	166675
51853	245166
51854	245167
51855	245168
51856	233122
51857	345193
51858	345194
51859	83257
51860	83258
51861	83259
51862	83260
51863	83261
51864	83262
51865	32250
51866	72667
51867	32252
51868	199207
51869	184939
51870	184940
51871	384620
51872	384621
51873	384622
51874	30728
51875	73078
51876	30732
51877	68976
51878	72344
51879	370369
51880	384849
51881	384850
51882	199324
51883	426163
51884	426164
51885	23818
51886	24275
51887	71964
51888	71965
51889	514383
51890	514384
51892	514386
51893	514387
51894	514388
51895	514389
51896	153361
51897	153362
51898	153363
51899	29586
51900	29588
51901	29589
51902	18038
51903	30174
51904	30175
51905	32835
51906	32836
51907	32837
51908	167382
51909	471288
51910	471289
51911	82011
51912	83243
51913	82012
51914	384616
51915	82013
51916	83245
51917	82014
51918	83246
51919	82015
51920	384617
51921	82016
51922	83248
51923	82017
51924	83249
51925	384618
51926	384619
51927	199302
51928	450637
51930	166067
51934	8628
51936	4989
51938	5048
51943	74813
51944	12593
51945	384712
51948	74814
51949	341923
51950	341924
51951	341925
51952	341926
51953	341927
51954	448215
51965	341928
51966	341929
51968	450639
51969	470016
51970	470017
51971	470018
51972	207297
51973	207298
51974	207299
51975	346635
51976	346636
51977	346637
51978	130493
51979	130495
51986	70612
51995	158425
51996	77627
51997	130679
51999	166068
52002	75305
52003	153071
52010	153075
52021	20410
52024	403218
52025	20419
52026	208577
52027	20431
52028	345790
52030	152706
52031	403285
52034	199437
52037	20870
52041	20877
52042	493513
52043	78900
52046	412777
52047	426374
52048	436881
52049	8630
52051	208578
52052	208579
52054	208580
52058	4990
52059	4991
52060	4993
52061	196796
52062	196797
52063	70737
52064	1907
52065	196812
52066	196813
52068	196814
52070	196815
52071	196795
52072	1916
52073	196816
52074	196817
52075	1922
52076	196818
52077	77757
52078	196823
52079	126616
52080	196790
52081	226442
52082	343632
52083	196837
52084	2001
52085	2002
52086	2003
52087	2004
52088	2005
52089	182816
52090	208784
52091	227580
52092	196852
52093	196853
52094	196854
52095	196855
52096	196803
52097	77754
52098	77755
52099	196804
52100	165883
52101	196838
52102	196839
52103	196840
52104	196841
52105	196842
52106	196843
52107	196844
52108	196845
52109	196819
52110	27296
52111	2059
52112	196820
52113	2061
52114	196821
52115	2065
52116	2066
52117	196822
52118	446131
52119	196792
52120	196793
52121	196794
52122	2015
52123	196786
52124	196787
52125	1959
52126	2049
52127	227581
52128	501504
52129	501505
52130	196856
52131	196857
52132	196858
52133	196859
52134	196860
52135	196861
52136	196862
52137	196863
52138	196846
52139	196847
52140	196848
52141	196849
52142	196850
52143	196851
52144	1972
52145	196824
52146	121315
52147	159151
52148	367952
52149	284106
52150	284107
52151	341864
52152	284110
52153	284111
52154	284112
52155	196791
52156	284099
52157	227788
52158	284100
52159	283740
52160	284102
52161	284103
52162	343629
52163	343630
52164	343631
52165	158201
52166	1971
52167	446129
52168	196805
52169	196806
52170	196807
52171	196798
52172	2052
52173	196799
52174	196800
52175	196801
52176	196802
52177	1950
52178	196788
52179	368005
52180	196829
52181	196830
52182	196831
52183	385022
52184	425760
52185	501503
52189	1942
52190	1943
52191	196809
52192	196810
52193	196811
52194	196808
52195	196825
52196	1929
52197	1930
52198	196826
52199	1932
52200	1933
52201	1934
52202	1935
52203	1936
52204	1937
52205	1938
52206	1939
52207	1940
52208	196789
52209	1993
52210	1995
52211	4714
52212	196832
52213	2026
52214	196833
52215	2028
52216	2029
52217	196834
52218	2031
52219	196835
52220	2033
52221	196836
52222	2035
52223	197052
52224	196827
52225	196791
52226	75367
52228	157497
52229	2082
52230	165882
52231	82446
52232	82447
52241	513918
52242	403227
52243	129170
52245	403229
52246	403230
52247	403231
52248	403232
52249	403233
52250	403214
52251	127160
52253	127162
52255	127164
52257	208220
52259	15122
52261	208223
52263	208225
52283	493514
52284	75306
52285	70613
52287	341930
52288	199438
52289	8632
52291	449859
52293	16054
52294	77612
52296	450071
52297	6459
52301	209610
52302	468648
52303	207422
52306	198296
52312	13305
52313	13307
52314	16610
52315	16611
52316	16612
52317	16613
52318	16616
52319	16617
52320	16618
52321	16619
52322	16621
52323	16622
52324	16623
52325	6040
52326	6041
52327	6042
52328	6043
52329	6044
52330	6045
52331	6046
52332	6047
52333	6048
52334	6049
52335	6050
52336	16675
52337	17423
52338	17234
52339	17426
52340	17436
52341	17438
52342	17442
52343	17443
52344	17444
52345	17445
52346	17446
52347	17447
52348	13237
52349	13238
52350	13241
52351	13244
52352	13245
52353	13253
52354	13255
52355	13256
52356	13257
52357	13258
52358	13259
52359	14473
52360	14487
52361	16676
52362	64353
52363	64355
52364	64356
52365	12469
52366	12470
52367	13178
52368	13193
52369	13194
52370	13197
52371	13199
52372	13200
52373	13204
52374	13205
52375	13208
52376	15287
52377	15288
52378	15289
52379	15290
52380	15303
52381	15437
52382	15439
52383	15440
52384	15441
52385	15442
52386	14103
52387	16625
52388	16627
52389	16628
52390	16629
52391	16630
52392	16631
52393	16641
52394	16646
52395	16650
52396	16652
52397	14968
52398	13664
52399	13666
52400	13667
52401	13668
52402	13672
52403	13673
52404	13675
52405	13678
52406	13684
52407	158461
52408	17456
52409	13691
52410	13702
52411	13704
52412	13705
52413	13707
52414	13709
52415	13295
52416	13711
52417	13723
52418	13724
52419	13729
52420	13296
52421	13298
52422	13299
52423	132062
52424	132063
52425	4627
52426	15443
52427	15444
52428	15445
52429	15449
52430	15451
52431	15456
52432	15460
52433	15463
52434	15464
52435	14409
52436	16671
52437	16581
52438	16582
52439	16584
52440	16585
52441	16586
52442	16589
52443	16590
52444	16591
52445	16607
52446	13400
52447	16678
52448	132057
52449	16684
52450	16685
52451	132058
52452	16692
52453	16694
52454	132059
52455	16698
52456	132060
52457	13271
52458	13272
52459	13274
52460	13276
52461	13277
52462	13278
52463	13285
52464	13288
52465	13289
52466	13291
52467	13292
52468	6051
52469	6052
52470	6053
52471	9986
52472	10432
52473	10433
52474	10435
52475	10436
52476	10441
52477	10442
52478	10443
52479	13406
52480	17172
52481	13409
52482	13411
52483	17176
52484	17177
52485	17178
52486	17180
52487	13311
52488	13312
52489	13315
52490	13316
52491	13317
52492	13320
52493	13321
52494	13323
52495	13325
52496	13335
52497	14090
52498	17183
52499	17185
52500	17187
52501	17214
52502	17222
52503	17226
52504	17228
52505	17230
52506	16774
52507	16777
52508	16898
52509	14408
52510	16901
52511	16903
52512	11818
52513	11822
52514	12328
52515	14785
52516	14787
52517	14789
52518	14792
52519	14794
52520	64358
52521	14403
52522	14405
52523	14407
52524	14410
52525	14411
52526	14412
52527	14465
52528	17145
52529	17147
52530	17158
52531	17163
52532	17164
52533	17171
52534	13428
52535	13413
52536	13806
52537	13811
52538	13813
52539	13819
52540	13821
52541	13824
52542	14086
52543	17448
52544	17449
52545	17450
52546	17451
52547	17452
52548	17453
52549	17454
52550	15275
52551	15276
52552	15277
52553	15278
52554	15280
52555	15281
52556	15283
52557	15284
52558	15285
52559	10444
52560	10445
52561	13263
52562	17239
52563	17242
52564	17284
52565	17288
52566	17300
52567	17309
52568	17314
52569	17317
52570	17333
52571	17336
52572	17340
52573	17342
52574	17347
52575	17358
52576	17375
52577	17381
52578	17410
52579	17415
52580	17419
52581	17421
52582	17422
52583	70587
52584	16296
52585	16351
52586	16359
52587	16374
52588	14799
52589	13309
52590	14800
52591	14804
52592	14805
52593	14807
52594	14810
52595	15259
52596	15262
52597	15269
52598	15273
52599	12362
52600	12458
52601	16712
52602	16714
52603	16715
52604	16716
52605	16717
52606	16718
52607	16719
52608	13507
52609	13568
52610	13569
52611	13570
52612	13572
52613	13573
52614	13657
52615	13658
52616	75499
52617	132056
52618	239301
52619	6034
52620	6036
52621	6038
52622	6039
52623	78973
52624	16909
52625	16910
52626	17131
52627	17132
52628	17134
52629	17135
52630	17138
52631	17140
52632	14469
52633	14471
52634	14608
52635	14620
52636	14623
52637	14624
52638	14625
52639	14626
52640	14756
52641	14762
52642	13346
52643	13347
52644	13265
52645	13267
52646	16722
52647	16723
52648	16772
52649	17486
52650	17489
52651	17494
52652	17498
52653	17499
52654	70414
52655	17462
52656	17463
52657	132064
52658	158958
52659	166015
52660	178337
52661	208348
52662	216676
52663	239300
52664	16653
52665	16654
52666	16655
52667	16656
52668	16657
52669	16659
52670	16660
52671	16662
52672	16663
52673	16667
52674	16668
52675	13338
52676	13339
52677	13341
52678	13342
52679	13343
52680	13345
52681	13429
52682	13432
52683	13436
52684	13440
52685	13443
52686	13446
52687	13449
52688	13452
52689	13453
52690	13454
52691	13459
52692	14104
52693	14256
52694	14277
52695	14280
52696	14282
52697	14308
52698	14312
52699	14327
52700	14329
52701	14334
52702	13348
52703	13349
52704	13351
52705	13354
52706	13357
52707	13359
52708	13362
52709	13364
52710	13375
52711	165978
52712	13462
52713	13463
52714	13465
52715	13466
52716	13467
52717	13468
52718	13469
52719	13470
52720	13471
52721	13472
52722	13473
52723	13474
52724	13475
52725	13481
52726	13732
52727	13734
52728	13735
52729	13740
52730	13744
52731	13748
52732	13755
52733	13786
52734	13793
52735	14771
52736	14772
52737	14774
52738	14780
52739	14781
52740	14782
52741	14783
52742	14784
52743	13801
52744	13802
52745	13380
52746	13382
52747	13387
52748	13390
52749	13392
52750	13394
52751	16553
52752	16566
52753	16569
52754	16570
52755	16571
52756	16573
52757	132061
52758	16576
52759	16577
52760	121501
52761	17235
52762	16669
52763	14398
52764	17458
52765	17459
52766	16608
52767	16609
52768	12460
52769	12461
52770	12463
52771	12465
52772	12466
52773	17465
52774	17467
52775	17470
52776	17471
52777	17472
52778	17473
52779	17474
52780	17475
52781	17477
52782	17478
52783	13402
52784	13414
52785	13415
52786	13416
52787	13424
52788	13310
52789	64354
52790	70413
52798	5049
52799	5050
52800	5051
52802	227350
52804	368197
52807	227352
52808	426685
52809	426686
52814	347493
52815	90140
52816	347494
52817	347495
52818	90146
52820	207315
52821	207316
52822	128555
52823	128561
52826	90144
52828	128557
52829	128558
52830	347499
52831	347496
52832	342091
52835	436662
52836	436663
52837	436664
52838	207314
52839	226434
52840	226435
52841	227349
52842	227351
52843	241715
52844	241716
52845	403117
52846	403119
52850	90142
52851	128562
52852	128564
52853	226436
52854	227344
52855	226437
52856	227345
53671	74814
53674	469635
53676	514664
53678	14251
53680	370656
53682	82830
53684	370653
53686	450183
53689	178340
53691	426350
53693	501536
53695	309967
53697	309963
53699	244279
53701	369771
53703	369790
53705	426354
53708	450322
53712	152150
53715	152058
53717	370664
53719	450299
53721	127394
53723	493142
53727	342213
53729	12595
53731	342237
53733	13797
53736	437062
53738	469580
53740	514560
53742	198043
53744	207351
53746	227806
53748	493113
53750	403155
53754	69815
53756	232458
53758	242759
53761	198531
53763	69873
53765	190051
53767	413715
53769	501542
53771	69821
53774	207713
53776	227795
53778	370662
53780	394622
53782	73848
53784	309955
53786	469592
53789	20619
53791	165483
53793	152083
53798	66744
53800	514606
53805	82755
53807	69830
53809	152112
53811	493153
53813	469568
53816	232475
53818	469588
53820	73851
53823	167278
53825	29702
53831	244271
53834	342227
53836	450316
53839	514574
53842	13132
53846	558942
53852	207349
53854	165481
53856	127393
53858	152177
53860	342203
53862	15305
53864	73839
53866	493128
53868	394647
53872	122670
53874	2373
53876	369782
53878	501549
53882	29520
53884	29713
53886	342207
53891	13161
53893	152144
53895	167242
53897	198532
53899	342197
53902	122665
53904	190088
53906	207360
53908	151992
53910	152062
53913	190142
53915	394641
53917	469630
53919	232456
53924	29776
53926	167294
53928	370651
53930	342199
53932	20047
53934	232440
53936	242761
53938	369773
53941	19513
53944	242767
53946	394632
53948	469584
53950	514556
53952	514564
53955	15274
53957	151953
53959	207890
53961	225612
53963	342277
53965	426337
53973	13412
53975	207487
53977	122650
53979	208082
53981	370660
53983	426348
53985	437082
53987	15465
53991	242777
53994	82863
53996	152175
53998	450189
54000	232463
54003	121425
54005	370649
54007	394639
54010	122681
54013	227785
54015	242771
54017	79482
54019	437066
54022	167276
54026	514572
54028	152066
54030	208093
54032	309925
54037	20099
54039	437071
54041	122654
54043	244340
54045	309974
54047	20191
54050	403175
54053	426339
54055	501524
54057	16836
54059	190086
54061	207900
54063	208033
54065	216688
54067	493126
54069	413719
54073	127400
54075	152054
54077	198530
54079	244287
54081	309928
54083	469608
54085	82756
54087	225623
54089	309979
54091	310962
54093	394645
54095	427138
54097	207346
54099	469643
54102	413724
54104	128847
54105	384600
54106	232436
54107	384602
54108	384405
54110	384407
54111	69876
54112	385007
54114	385009
54115	384510
54116	167244
54117	384512
54120	469612
54781	384981
54785	208609
54786	208610
54788	208612
54789	208613
54791	208615
54792	208616
54793	208617
54800	208627
54811	231803
54815	231807
54818	231810
54821	231815
54824	306241
54826	306243
54828	306248
54831	369677
54841	515137
54843	515139
54845	515141
54847	515143
54849	515145
54851	515147
54853	515149
54861	208569
54862	208570
54863	208571
54864	208572
54865	208573
54866	208585
54867	208586
54868	208587
54875	208597
54878	208601
54879	208602
54880	208603
54881	208604
54882	208605
54884	208607
54886	515121
54887	515123
54889	515125
54891	515127
54893	515129
54895	515131
54897	515133
54899	515135
54902	78902
54904	78904
54906	15842
54909	15847
54912	20629
54915	469485
54918	469486
54921	469458
54924	469469
54929	21666
54933	131824
54937	78890
54941	369398
54945	21930
54949	21940
54951	21951
54953	131816
54957	131820
54959	131822
54961	369437
54966	21460
54970	15487
54973	469468
54978	369402
54981	369405
54983	369407
54987	9543
54990	20485
54991	18566
54994	78883
54995	82848
54996	78884
54997	78885
55000	244102
55003	16103
55007	20219
55010	20373
55011	242480
55015	242481
55017	242482
55019	19156
55020	19198
55021	10992
55022	15316
55025	15320
55029	15360
55032	9550
55035	8430
55036	15394
55039	9236
55042	65797
55046	65801
55048	65803
55050	21399
55053	18798
55056	18801
55059	21170
55060	21178
55061	21222
55062	345810
55064	13188
55067	13210
55070	13458
55073	14454
55076	14859
55079	425171
55081	425172
55084	367829
55087	244133
55090	244139
55093	244142
55096	244145
55099	244148
55102	367829
55105	367832
55108	367835
55111	345781
55116	20613
55117	20624
55118	20625
55119	345796
55121	65789
55125	65793
55127	65795
55129	345870
55133	369394
55139	20466
55142	20469
55143	20471
55144	20476
55145	345760
55150	78894
55154	78896
55156	78898
55162	22116
55166	22136
55168	22152
55171	21697
55175	23399
55179	384983
55180	384939
55183	447986
55184	447987
55185	470409
55186	470410
55187	470411
55188	470412
55191	70614
55192	70615
55193	70616
55194	70617
55195	70618
55196	70619
55197	70620
55475	70621
55476	70622
55477	70623
55478	70624
55479	70625
55480	70626
55481	515978
55482	70627
55483	513145
55484	70629
55485	70630
55486	70631
55487	70632
55488	70633
55489	70634
55490	70635
55491	70636
55492	70637
55493	70638
55494	70639
55495	70640
55496	515985
55497	70642
55498	515986
55499	70644
55500	402913
55501	411855
55502	448003
55503	448003
55504	448007
55505	448011
55506	426375
55507	426376
55508	403248
55509	426377
55510	413150
55511	426378
55512	515594
55513	514769
55514	514780
55515	514781
55516	514780
55517	514783
55518	70702
55519	70703
55520	22188
55521	70705
55522	513126
55523	70707
55524	30357
55525	70709
55526	9394
55527	70710
55528	166897
55529	70712
55530	9408
55531	70714
55532	70715
55533	70716
55534	9374
55535	70718
55536	70645
55537	70646
55538	515952
55539	70647
55540	70648
55541	515954
55542	70650
55543	515955
55544	70652
55545	70653
55546	70654
55547	70655
55548	70656
55549	70587
55550	70657
55551	515958
55552	70659
55553	70660
55554	70661
55555	513071
55556	308304
55557	513072
55558	308305
55559	515943
55560	346001
55561	515944
55562	346003
55563	513073
55564	436849
55565	27002
55566	436851
55567	513074
55568	493106
55569	513074
55570	493107
55571	513074
55572	493108
55573	515946
55574	450046
55575	448136
55576	448136
55577	469346
55578	469347
55581	512986
55582	345380
55583	514770
55584	514771
55585	501572
55586	514772
55587	501573
55588	514773
55589	501574
55590	513123
55591	126269
56162	462988
56413	501268
56414	501269
56415	501270
56416	346608
56417	346609
56418	346610
56419	368784
56420	368785
56421	368786
56422	412014
56423	412015
56424	412016
56425	198269
56426	198271
56427	198272
56428	207258
56429	207259
56431	310007
56433	310009
56435	310011
56436	470004
56437	470005
56438	470006
56439	394311
56440	394312
56441	394313
56442	493065
56443	493066
56444	493067
56445	154482
56446	154484
56447	154485
56448	154486
56449	244421
56450	244422
56451	244423
56452	469989
56453	469991
56454	469993
56456	130546
56458	130548
56460	130550
56461	244407
56462	244408
56463	244409
56464	346629
56465	346630
56466	346631
56467	346641
56468	346642
56469	346643
56470	368798
56471	232534
56472	232536
56473	232537
56474	346626
56475	346627
56476	346628
56477	368749
56478	368750
56479	368751
56480	394328
56481	394329
56482	394330
56483	130573
56484	130574
56485	130575
56486	183588
56487	183589
56488	183590
56489	368768
56490	368769
56491	368770
56492	368758
56493	368759
56494	368761
56495	470001
56496	470002
56497	470003
56498	493088
56499	493089
56500	493090
56513	75307
56515	368107
56517	4994
56519	449860
56521	166069
56523	450072
56524	6460
56528	209611
56529	468649
56530	207422
56533	155679
56534	19746
56535	8298
56536	14761
56537	23192
56538	130433
56539	130434
56540	17928
56541	8432
56542	8440
56543	23130
56544	21093
56545	8449
56546	19453
56549	130435
56550	82833
56551	23117
56552	17934
56553	12436
56554	8417
56555	15421
56556	19871
56557	8441
56558	8422
56559	8396
56696	514660
56700	341971
56701	19195
56703	467899
56705	16057
56706	445796
56709	450073
56710	6461
56711	156444
56715	207422
56717	155680
56718	155681
56719	18061
56720	18067
56722	19287
56723	155947
56724	19293
56725	155948
56726	156934
56727	155374
56728	155375
56729	19302
56730	19420
56731	11251
56732	11252
56733	155130
56734	155131
56735	11255
56736	11256
56737	11257
56738	155020
56739	155021
56740	155022
56741	226117
56742	156593
56743	156594
56744	158460
56745	155070
56746	155071
56747	155072
56748	155469
56749	155073
56750	157074
56751	155074
56752	13500
56753	13502
56754	13504
56755	13506
56756	156093
56757	156094
56758	156095
56759	156096
56760	13500
56761	156098
56762	11261
56763	11262
56764	11951
56765	11954
56766	155810
56767	11957
56768	11959
56769	11961
56770	12083
56771	12084
56772	11261
56773	11262
56774	11951
56775	11954
56776	155810
56777	11957
56778	11959
56779	11961
56780	12083
56781	12084
56782	226117
56785	345921
56787	226117
56788	226117
56789	345921
56796	226117
56797	156029
56798	156030
56799	156031
56800	156032
56801	157959
56802	155090
56803	155091
56804	155092
56805	12107
56806	12108
56807	226117
56810	345921
56813	155999
56814	158002
56815	157747
56816	157748
56817	156707
56818	158800
56819	158452
56820	158453
56821	156007
56822	155724
56823	156384
56826	155728
56827	155729
56828	155730
56829	155731
56830	156139
56831	156837
56832	154974
56833	154975
56834	157307
56835	157965
56836	154975
56837	156583
56838	157899
56839	15483
56840	154981
56841	155650
56842	158164
56843	177811
56844	156107
56845	18274
56846	158479
56847	18290
56848	156205
56849	18998
56850	11257
56851	157307
56852	156109
56853	156175
56854	156176
56855	156177
56856	156178
56857	156179
56858	155623
56859	17739
56860	166931
56861	156185
56862	226117
56865	345921
56868	226117
56871	345921
56875	155170
56876	154885
56877	154886
56878	154887
56879	154888
56880	154889
56881	426450
56882	154891
56883	155208
56884	154893
56885	426754
56886	155590
56887	155495
56888	157264
56889	156456
56890	130207
56891	156640
56892	341894
56893	158628
56894	130207
56895	156462
56896	14524
56897	155418
56898	156640
56899	156893
56900	156894
56901	155984
56902	156896
56903	156897
56904	156898
56905	158829
56906	155704
56907	155705
56908	341892
56909	158560
56910	158173
56911	158174
56912	157302
56913	155711
56914	155712
56915	18116
56916	156837
56918	18119
56919	18120
56920	18121
56921	18122
56922	18123
56923	18124
56924	155627
56925	155628
56926	155629
56927	155580
56928	155581
56929	155582
56930	129829
56932	155585
56933	198426
56934	13500
56935	13502
56936	13504
56937	13506
56938	156093
56939	156094
56940	156095
56941	156096
56942	13500
56943	156098
56944	157741
56945	157826
56946	157743
56947	157361
56948	155201
56949	18142
56950	18145
56951	155202
56952	155203
56956	226117
56959	345921
56963	155598
56964	156899
56965	155964
56967	154912
56968	158491
56969	158492
56970	158493
56971	157983
56972	157984
56973	12242
56974	12248
56975	158636
56976	157416
56977	157417
56978	158477
56979	158476
56980	155233
56981	155234
56982	157199
56983	26244
56984	154990
56985	154991
56986	154992
56987	154993
56988	156837
56989	156702
56990	154996
56991	156935
56992	155023
56993	155024
56994	155025
56995	155026
56996	155027
56997	155028
56998	155029
56999	155030
57001	155032
57002	226117
57005	345921
57007	157361
57008	18417
57009	18437
57010	18440
57011	18442
57012	18443
57013	18457
57014	18458
57015	18460
57016	154885
57017	154886
57018	154887
57019	154888
57020	154889
57021	426450
57022	154891
57023	155208
57024	154893
57026	157102
57027	20513
57028	157104
57029	157105
57030	345922
57031	157107
57032	208553
57033	20519
57034	155340
57035	155341
57036	158028
57037	155618
57038	155619
57039	155620
57040	155621
57041	155622
57042	155623
57043	155624
57044	155625
57045	155626
57046	154873
57047	154874
57048	158202
57049	155941
57050	157568
57051	157569
57052	154880
57053	154880
57054	155712
57055	154882
57056	158655
57057	155323
57058	158190
57059	155407
57060	158192
57061	155408
57062	155409
57063	155410
57064	155411
57065	155412
57066	155503
57067	155504
57068	157612
57069	155506
57070	155507
57071	155150
57072	155509
57073	155151
57074	155152
57075	155153
57077	156139
57078	157140
57079	17893
57080	155885
57081	17895
57082	366996
57083	155887
57084	17898
57085	155888
57086	155349
57087	156088
57088	155204
57089	155205
57090	155206
57091	155207
57092	155208
57093	155209
57094	156057
57095	157361
57096	156164
57097	156165
57098	156166
57099	156167
57100	156168
57101	156169
57102	156170
57103	156171
57104	156172
57105	11250
57107	226117
57109	492930
57110	158282
57111	158829
57112	155704
57113	155705
57114	341892
57115	158560
57116	158173
57117	158174
57118	157302
57119	155711
57120	155944
57123	226117
57126	345921
57131	156640
57132	14809
57133	156642
57134	130207
57135	158669
57136	14811
57137	155021
57138	156106
57139	158673
57140	158674
57141	156593
57142	156594
57143	158460
57144	155070
57145	155071
57146	155072
57147	17874
57148	155073
57149	17877
57150	155074
57151	156176
57152	156177
57155	157614
57157	158546
57158	158763
57159	158764
57160	156345
57162	155760
57163	156109
57164	158196
57165	156176
57166	156177
57167	156178
57168	156179
57169	155623
57170	156116
57171	166931
57172	156940
57173	18116
57174	156837
57176	18119
57177	18120
57178	18121
57179	18122
57180	18123
57181	18124
57182	155724
57183	156384
57186	155728
57187	155729
57188	155730
57189	155731
57190	156139
57191	156837
57192	155684
57193	155307
57194	157159
57195	157158
57196	155688
57197	20502
57198	158471
57199	155690
57200	156640
57201	130207
57204	345921
57208	226117
57211	345921
57212	155587
57213	155588
57214	14524
57215	157140
57216	158628
57217	158629
57218	155880
57219	155881
57220	9728
57221	129830
57222	155281
57223	157824
57224	157825
57225	157527
57226	157528
57227	157529
57229	155267
57230	155540
57231	11203
57232	155569
57233	155570
57234	155571
57235	155572
57236	155573
57237	158547
57238	158548
57239	155576
57240	155627
57241	155628
57242	130252
57243	156837
57244	20557
57245	18123
57246	60456
57247	60457
57248	60458
57251	226117
57252	226117
57253	345921
57257	226117
57259	157109
57260	154912
57261	158636
57262	157416
57263	157417
57264	158639
57265	156064
57266	155233
57267	155234
57268	155235
57269	155236
57270	155237
57271	155238
57272	21564
57273	21567
57274	155241
57275	155242
57276	155937
57277	23843
57280	226117
57281	226117
57282	345921
57284	156370
57285	156371
57286	157538
57287	157539
57288	157540
57289	157541
57290	157542
57291	157543
57292	12601
57296	226117
57297	226117
57298	345921
57300	226117
57303	345921
57307	226117
57310	156139
57311	156837
57312	155342
57313	155343
57314	155344
57315	154888
57316	156083
57317	157826
57318	155418
57319	130207
57320	154833
57321	154834
57322	20386
57323	20399
57324	154835
57325	155417
57326	345923
57327	155155
57328	20848
57329	20897
57330	155156
57331	155157
57332	21057
57333	155565
57334	155562
57335	155160
57336	155161
57337	156390
57338	156391
57339	155780
57340	155781
57341	155782
57342	155783
57343	155784
57344	155785
57345	158675
57346	158676
57347	158677
57348	156586
57349	156043
57350	310309
57351	156589
57352	156590
57354	156592
57355	12540
57356	12542
57357	155190
57358	155191
57359	155192
57360	155193
57361	155194
57362	12570
57363	12573
57364	16839
57365	155033
57366	156602
57367	156603
57368	158294
57369	156605
57370	156606
57371	21081
57372	156608
57373	156609
57374	155983
57375	226117
57378	345921
57382	158675
57383	158676
57384	158677
57385	156586
57386	156043
57387	310309
57388	156589
57389	156590
57391	156592
57392	155129
57393	11252
57394	155130
57395	155131
57396	155132
57397	155133
57398	11257
57399	155020
57400	155021
57401	155022
57402	12540
57403	12542
57404	155190
57405	155191
57406	155192
57407	155193
57408	155194
57409	12570
57410	12573
57411	12576
57412	155281
57413	157824
57414	157825
57415	155275
57416	157528
57417	157529
57419	155267
57420	155540
57421	18350
57422	155075
57423	155076
57424	155077
57425	155078
57426	155079
57427	155021
57428	12609
57429	12610
57430	158048
57431	12612
57432	158546
57433	155551
57434	155552
57435	155553
57436	158070
57437	156029
57438	156030
57439	156031
57440	156032
57441	157959
57442	155090
57443	155091
57444	155092
57445	156037
57446	156038
57447	155629
57448	155580
57449	155581
57450	155582
57451	155583
57453	155585
57454	198296
57455	155587
57456	155588
57457	426754
57458	155590
57459	17543
57460	157264
57461	156456
57462	130207
57463	156640
57464	341894
57465	158628
57466	130207
57467	30567
57468	15520
57469	158202
57470	155941
57471	15524
57472	15526
57473	154880
57474	154880
57475	155944
57476	154882
57478	226117
57479	226117
57480	345921
57484	226117
57487	129843
57488	129844
57489	129845
57490	129846
57491	129847
57492	129848
57493	129849
57494	155055
57495	129850
57496	157853
57497	19969
57498	18110
57499	19970
57500	19973
57501	19975
57502	19976
57503	19978
57504	19985
57505	19987
57506	19989
57507	154913
57508	154914
57509	154915
57510	154915
57511	154917
57512	154918
57513	154919
57514	154920
57515	154921
57516	154914
57517	156836
57518	158423
57520	345921
57524	226117
57527	345921
57530	156176
57531	156177
57532	155629
57533	155580
57534	155581
57535	155582
57536	155583
57538	155585
57539	198112
57540	155587
57541	155588
57543	226117
57546	492930
57547	158282
57550	226117
57553	345921
57559	19926
57560	19928
57561	19930
57562	19931
57563	19961
57564	19962
57565	19964
57566	155720
57567	155721
57568	19968
57569	158738
57570	158739
57571	18074
57572	18076
57573	18079
57574	18109
57575	18110
57576	18111
57577	18113
57578	18114
57579	155383
57580	155561
57581	155562
57582	155563
57583	155564
57584	155565
57585	155562
57586	155567
57587	21380
57588	155568
57589	155378
57590	2584
57591	155380
57592	155381
57593	155382
57594	155383
57595	155384
57596	158020
57597	158021
57598	155387
57600	156938
57601	156899
57602	157162
57603	157200
57604	157456
57605	157457
57606	157458
57607	157459
57608	154996
57609	154911
57610	154912
57611	158164
57612	177811
57613	156107
57614	156202
57615	158479
57616	156204
57617	156205
57618	155937
57619	11257
57620	157307
57621	156640
57622	156641
57623	156642
57624	130207
57625	158669
57626	158670
57627	155021
57628	156106
57629	158673
57630	158674
57631	155910
57632	155415
57633	21489
57634	21502
57635	157302
57636	157493
57637	158142
57638	158143
57639	158144
57640	157141
57641	156855
57642	156856
57643	156857
57644	156858
57645	156859
57646	21636
57648	156447
57649	445700
57650	226117
57652	345921
57655	157199
57656	26244
57657	154990
57658	154991
57659	154992
57660	154993
57661	156837
57662	156702
57663	154996
57664	156935
57665	155277
57666	155278
57667	155279
57668	155280
57669	155281
57670	155282
57671	155283
57672	155284
57673	155285
57674	155286
57675	19424
57676	19425
57677	19428
57678	155407
57679	19433
57680	155408
57681	155409
57682	155410
57683	155411
57684	155412
57685	27131
57686	155694
57687	155415
57688	155696
57689	155697
57690	445593
57691	158544
57692	158464
57693	155701
57694	155702
57695	20405
57696	20406
57697	20407
57698	20408
57701	158794
57702	158795
57703	158519
57705	155503
57706	155504
57707	157612
57708	155506
57709	155507
57710	155150
57711	155509
57712	155151
57713	155152
57714	155153
57715	157741
57716	157826
57717	157743
57718	157361
57719	155201
57720	156130
57721	156131
57722	155202
57723	155203
57724	157142
57725	157143
57726	157144
57727	157145
57728	157146
57729	157147
57730	157148
57731	157149
57732	157150
57733	158299
57734	157985
57737	17905
57738	157988
57739	17907
57740	157989
57741	17909
57742	17910
57743	17911
57744	226117
57747	345921
57753	155676
57754	157435
57755	198112
57756	155679
57757	155680
57758	155681
57759	18061
57760	155683
57761	15548
57762	156934
57763	156935
57764	156184
57765	156185
57766	156941
57767	156942
57768	156943
57769	154871
57770	154872
57771	20776
57772	158423
57773	156442
57774	158581
57775	158582
57776	158583
57777	20785
57779	156934
57780	158587
57781	155246
57782	155245
57783	11215
57784	11216
57785	310505
57786	155246
57787	158423
57788	158424
57789	155249
57790	17893
57791	155885
57792	17895
57793	366996
57794	155887
57795	17898
57796	155888
57797	155873
57798	158353
57802	226117
57805	345921
57809	345921
57813	226117
57816	345921
57819	155599
57820	157162
57821	157200
57822	157456
57823	17603
57824	155843
57825	27268
57826	154996
57827	17694
57828	12248
57829	157685
57830	157686
57831	157688
57832	155053
57834	155162
57835	156837
57836	155164
57837	155165
57838	155166
57839	155120
57840	155121
57841	155122
57842	157985
57845	17905
57846	157988
57847	18391
57848	157989
57849	17909
57850	154972
57851	154973
57852	156149
57853	158790
57854	158791
57855	158792
57858	158794
57859	158795
57860	158519
57862	156099
57863	156100
57865	156102
57866	156103
57867	156104
57868	156105
57869	156106
57870	156107
57871	156108
57872	155033
57873	156602
57874	156603
57875	158294
57876	156605
57877	156606
57878	156607
57879	156608
57880	156609
57881	155983
57907	316958
57988	14117
57990	309947
57992	394630
57999	165489
58001	514568
58005	225625
58007	469610
58009	190146
58011	127350
58013	167298
58015	309945
58017	226681
58021	232448
58023	309935
58028	167282
58030	29732
58032	207741
58039	190061
58041	342254
58043	437079
58046	122652
58048	16881
58050	17712
58052	13145
58055	342235
58058	515943
58060	167296
58062	502111
58064	151949
58067	369786
58071	190055
58074	207841
58076	232437
58078	342244
58080	342217
58082	426341
58084	19264
58087	394651
58089	437058
58091	437052
58098	152154
58101	29706
58103	69827
58105	244294
58107	342241
58111	13980
58114	225631
58116	342224
58118	514604
58120	367780
58122	19215
58125	29739
58129	198042
58131	514662
58133	13232
58135	167248
58137	190140
58139	232481
58141	394635
58144	152152
58146	167304
58148	394637
58152	207355
58154	227766
58157	469570
58162	127395
58164	167349
58166	469586
58168	514609
58172	15213
58174	69870
58176	82743
58178	152088
58180	167339
58182	225621
58184	426358
58186	469572
58188	29717
58190	17684
58192	493151
58196	167228
58199	501556
58201	501538
58205	165479
58207	73854
58209	152136
58211	167300
58215	342269
58219	152060
58224	82746
58226	227814
58228	309960
58230	394660
58232	152064
58235	69812
58237	198614
58239	190144
58242	122648
58244	21882
58246	493124
58248	469603
58250	66773
58252	403141
58256	232464
58260	216686
58262	394624
58264	165491
58269	310963
58271	342273
58276	403145
58278	501546
58281	14708
58285	20099
58287	232446
58289	232444
58291	369780
58297	19311
58300	16530
58305	152140
58307	310960
58309	413728
58318	167341
58320	198533
58322	216684
58325	232455
58328	15255
58330	167292
58333	403170
58336	514566
58338	152134
58340	309932
58342	413717
58344	413752
58346	198044
58350	167246
58352	69836
58354	244258
58356	342215
58359	469594
58362	167284
58364	198535
58366	413713
58369	151941
58371	151945
58373	29898
58375	216682
58377	309940
58379	403161
58381	403143
58383	426370
58387	16300
58391	151972
58393	127389
58403	207353
58405	493148
58407	403165
58409	514673
58412	20984
58414	165487
58418	198529
58420	12439
58422	403172
58425	20384
58427	13355
58430	207816
58434	16521
58436	82741
58438	152052
58441	198612
58443	342219
58446	16250
58448	208041
58450	342201
58453	450201
58456	178344
58463	232460
58465	369778
58467	15295
58470	152110
58474	342239
58478	82745
58480	152138
58482	244345
58484	320658
58486	469590
58489	207860
58491	225645
58493	227783
58495	232473
58497	242775
58500	190059
58502	84952
58505	309970
58508	232439
58511	403147
58513	501528
58515	226675
58518	66763
58520	69818
58522	127349
58525	20230
58527	309949
58529	342231
58531	190049
58533	216690
58535	232454
58537	207728
58543	121522
58546	450191
58550	207832
58553	501558
58556	370025
58563	151947
58565	165475
58567	190053
58569	426346
58574	469641
58576	309921
58581	309953
58586	15006
58593	76223
58596	152173
58598	244349
58602	14672
58604	17722
58606	20762
58610	13090
58612	29903
58614	152076
58623	19857
58625	69809
58627	152114
58629	310964
58631	342209
58633	369769
58638	167240
58641	342280
58643	450197
58645	469632
58649	127392
58652	20509
58654	152106
58656	167290
58660	469615
58663	18064
58665	493120
58667	469598
58669	469625
58673	514558
58675	369784
58677	152148
58679	167347
58682	450187
58684	165477
58686	450199
58689	227816
58691	82740
58694	190066
58699	227819
58705	152056
58710	208080
58712	450301
58714	469627
58723	341972
58724	450308
58726	467900
58727	153079
58728	166070
58730	6462
58733	468650
58734	207422
58741	20581
58743	13167
58745	207794
58747	227791
58750	469578
58754	226679
58757	190057
58759	198536
58765	15314
58768	370658
58771	342258
58773	403153
58784	342222
58786	493130
58793	514587
58796	207919
58798	127399
58801	82864
58803	190090
58805	190136
58809	16703
58811	450212
58814	232452
58816	320660
58821	127391
58823	167280
58830	151928
58832	151990
58834	152146
58836	165485
58839	403163
58841	342211
58845	152142
58849	394649
58854	437073
58859	167238
58861	227778
58864	501534
58867	469576
58871	450203
58873	13125
58878	29745
58881	167343
58885	501530
58891	514680
58893	227781
58897	469645
58903	225618
58905	369788
58907	514583
58910	152085
58915	514657
58918	167302
58920	232450
58922	309958
58925	226677
58928	20635
58931	167345
58933	493122
58935	342266
58937	29285
58942	167288
58944	227798
58949	152078
58951	69833
58954	501526
58957	19524
58959	242773
58961	426352
58963	437060
58969	17115
58971	190063
58973	309972
58975	151976
58977	207671
58992	151988
58994	152050
58999	342246
59006	11149
59009	151951
59011	127398
59014	216680
59019	29722
59021	20064
59025	493140
59032	122663
59035	167274
59040	16847
59042	73881
59048	20998
59050	127351
59052	167286
59056	469623
59059	394664
59061	394626
59063	394662
59065	450193
59067	69824
59069	309930
59074	122679
59080	437064
59083	450320
59085	12589
59087	17129
59094	13142
59097	152080
59099	152089
59101	167230
59103	225638
59105	369792
59110	469574
59114	12443
59121	225634
59123	514612
59127	394643
59133	16865
59136	244260
59139	413726
59142	14348
59144	15592
59146	29759
59148	29770
59153	242769
59156	469600
59162	413744
59164	82744
59169	167272
59173	403159
59175	19494
59179	127401
59189	437087
59192	198613
59198	207357
59200	232469
59206	450195
59210	450185
59213	20978
59215	167250
59217	403151
59222	207834
59228	514562
59232	151937
59237	450207
59239	450313
59245	244292
59248	198534
59250	12441
59255	469566
59257	242789
59259	19505
59262	178338
59265	342251
59267	394620
59271	232442
59275	514554
59280	342271
59285	20591
59291	394669
59295	501554
59303	82742
59308	493118
59310	413722
59315	469606
59319	493115
59327	13140
59331	17108
59333	342205
59338	501561
59341	394666
59343	413750
59346	242763
59358	501540
59362	82865
59368	178342
59371	127352
59375	17121
59378	190134
59381	413746
59392	152171
59395	226673
59398	17699
59401	190138
59404	16709
59407	73883
59409	190084
59412	426364
59417	369775
59421	127390
59423	501563
59430	426344
59432	469647
59439	207969
59446	309976
59449	17084
59460	82747
59465	342249
59467	413748
59471	210055
59474	501532
59478	151978
59485	232466
59487	244264
59492	242765
59495	207848
59498	493138
59500	427118
59507	244351
59511	14732
59785	447976
59786	493516
59787	493512
59788	447968
59789	447970
59790	470401
59791	470402
59792	470403
59793	470404
59799	208471
59800	447992
59801	447993
59802	470386
59803	470387
59804	470388
59805	470389
59829	447971
59830	447973
59831	470414
59832	470415
59833	470416
59834	470417
59840	447974
59841	447975
59842	447977
59843	447978
59844	447979
59851	447988
59852	447989
59853	470405
59854	470406
59855	470407
59856	470408
59860	447990
59861	447991
59862	470396
59863	470397
59864	470398
59865	470399
59874	469459
59877	469460
59878	469461
59880	369400
59882	225541
59885	225560
59889	225568
59893	19454
59896	19461
59897	345881
59898	345883
59899	65784
59903	65787
59905	65788
59907	21471
59909	21491
59911	20054
59912	20080
59913	21440
59917	21809
59919	21816
59921	21826
59923	21158
59926	21007
59929	21048
59930	21073
59931	345806
59933	131832
59941	20500
59944	20555
59945	386632
59949	184640
59953	62901
59956	11918
59963	21096
59964	21112
59965	345808
59967	450258
59968	450259
59969	450260
59970	450261
59971	242466
59978	244099
59981	345848
59985	345852
59987	345854
59989	369421
59991	20991
59997	19920
59998	20011
59999	20045
60000	469484
60009	208777
60012	242469
60019	22160
60023	22166
60025	22209
60027	11941
60030	242477
60034	242478
60036	242479
60042	20560
60045	20596
60046	20603
60047	345794
60049	91793
60052	20849
60056	126608
60059	345814
60064	386640
60068	8297
60072	130438
60074	130439
60076	15525
60079	15561
60083	15679
60086	426585
60087	426586
60088	426587
60091	500451
60096	9538
60099	19544
60104	341476
60107	341368
60110	19073
60111	22039
60115	21225
60118	21263
60121	20655
60122	20161
60123	450349
60126	225562
60128	225566
60130	23130
60132	23142
60136	386655
60139	386658
60142	386661
60145	386664
60148	386667
60151	65938
60155	166526
60158	345753
60161	345756
60162	78888
60164	369425
60167	178738
60170	386646
60173	386649
60176	386652
60182	78892
60186	242483
60190	242484
60192	242485
60194	78906
60198	78908
60203	369390
60205	225554
60207	225558
60209	198986
60215	20906
60218	131797
60221	131828
60223	131830
60226	20891
60229	20901
60231	21672
60233	21679
60235	198966
60238	369381
60239	163316
60242	163319
60244	163321
60246	163323
60248	369384
60251	369387
60256	19549
60257	19552
60624	75309
60625	75310
60626	75311
60627	75312
60628	75313
60629	75314
60630	75315
60631	75305
60632	75317
60633	75318
60634	75319
60635	75320
60636	75337
60637	75338
60638	75339
60639	75328
60640	75330
60641	75332
60642	75333
60643	75334
61785	345775
61786	341973
61788	158277
61803	8634
61805	8636
61807	8638
61809	8640
61811	158784
61821	75646
61837	345768
61844	126611
61847	20755
61850	20814
61851	131836
61853	131838
61857	78886
61860	403279
61863	403282
61868	386636
61874	345820
61877	19753
61880	21972
61882	21983
61884	21997
61888	345817
61889	345818
61890	345819
61891	361901
61892	21505
61894	21560
61896	21628
61898	9524
61899	20937
61900	20950
61901	22266
61904	184725
61909	184729
61911	23192
61915	130433
61917	130434
61919	207422
61924	19740
61925	19749
61926	345777
61928	345792
61930	345800
61932	22857
61933	15307
61936	166543
61940	166547
61942	345884
61945	345886
61946	345887
61947	198976
61949	198980
61951	198982
61953	19798
61954	19891
61955	469483
61959	386695
61962	345744
61965	345745
61968	345746
61971	369363
61974	369366
61977	425233
61981	78912
61983	21710
61985	21752
61987	21806
61989	369393
61990	21834
61992	21838
61994	21856
61996	21916
61998	21919
62000	21925
62002	22307
62005	22900
62006	22905
62007	22917
62011	19474
62012	345837
62015	20715
62016	21409
62020	131802
62023	131805
62027	65776
62031	65780
62033	65782
62035	244136
62038	345858
62041	345861
62044	345864
62047	345867
62051	513103
62052	513071
62055	426592
62056	426593
62062	386671
62065	386674
62068	386677
62071	386680
62074	386683
62077	386686
62080	386689
62082	386691
62084	386693
62091	345802
62093	19770
62094	19776
62095	345782
62099	20489
62100	20495
62101	78820
62105	78822
62108	78824
62111	75647
62114	75649
62117	18726
62120	18806
62123	31420
62126	184661
62135	20969
62136	20982
62137	345804
62144	370858
62145	19087
62146	152035
62147	345771
62151	31800
62153	31075
62156	152240
62160	412276
62161	341975
62162	341976
62163	341977
62164	341978
62165	341979
62166	445783
62167	445784
62251	502141
62365	127403
62366	127404
62367	127405
62368	127406
62369	127407
62370	127408
62371	127440
62372	127441
62373	127442
62374	127443
62375	127444
62376	127445
62617	308901
62618	308902
62623	207422
62626	207397
62629	207397
62631	468651
62632	207397
62634	207397
62636	207397
62637	468652
62639	468653
62643	14859
62646	129682
62647	129683
62648	14859
62650	14859
62651	129684
62652	129685
62653	14859
62656	14859
62657	18566
62658	18566
62659	18566
62660	18566
62661	18566
62662	11929
62663	11929
62664	11929
62665	11929
62666	11929
62667	207417
62668	207418
62669	82437
62670	207419
62671	207396
62672	207420
62673	207421
62674	14482
62684	129686
62685	129687
62686	129688
62687	129689
62688	129690
62689	129691
62690	129692
62691	129693
62698	14765
62700	14779
62701	14788
62702	14802
62703	14904
62704	14908
62705	21690
62706	21733
62707	151842
62709	151844
62711	151845
62712	20898
62713	152332
62715	76059
62716	413678
62717	76049
62718	87403
62719	87404
62720	87405
62721	87406
62722	87407
62723	76056
62724	76057
62725	76058
62744	69987
62746	69989
62747	69990
62748	69991
62749	69992
62750	10497
62751	69993
62752	69994
62757	69107
62759	29136
62763	190065
62765	31302
62767	31309
62768	31313
62769	31320
62770	31322
62771	31328
62772	31332
62773	31335
62774	31343
62775	31349
62776	152251
62780	427121
62781	151836
62783	151838
62786	80343
62787	27212
62788	69882
62791	31974
62795	29835
62798	178343
62799	76218
62800	178345
62801	82104
62803	82105
62804	82106
62805	82107
62807	82108
62808	82109
62809	82070
62810	502097
62811	152049
62812	199402
62814	199403
62815	199404
62816	151855
62818	28933
62819	151859
62821	151872
62822	151863
62824	151865
62825	151866
62827	151870
62829	29816
62830	29819
62831	29821
62832	29826
62833	15092
62835	15238
62839	15861
62841	13644
62843	14713
62845	15272
62848	10567
62849	24982
62851	25001
62852	25011
62853	25028
62854	25044
62861	199415
62865	14736
62866	310966
62868	310968
62869	310969
62870	310970
62871	310971
62872	30667
62874	29142
62875	30676
62876	30691
62877	29252
62878	30695
62879	69967
62881	69969
62882	69970
62884	167246
62887	31078
62889	31080
62892	13878
62893	199464
62895	199466
62896	69130
62898	22046
62899	167076
62900	348978
62901	370723
62903	370725
62904	370726
62905	370727
62906	370728
62907	348990
62908	152069
62909	413737
62910	437359
62911	493562
62921	129694
62922	129695
62923	129696
62924	129697
62925	129698
62926	129699
62927	242620
62928	348620
62929	348621
62930	348622
62931	348623
62932	348624
62933	348625
62934	425997
62935	425998
62936	425999
62937	426000
62938	426001
62939	426002
62941	426004
62942	426005
62943	426006
62954	227703
62955	227704
62956	227705
62957	227706
62958	227707
62959	227708
62960	227709
62961	227710
62962	227711
62963	227712
62964	413165
62965	413166
62972	413215
62976	78024
62977	78025
62978	78026
62979	78027
62980	78028
62981	78029
62982	78030
62983	78031
62984	78032
62985	78033
62986	78034
62987	78035
62988	78036
62989	78037
62990	78038
62991	78039
62992	78040
62993	78041
62994	208962
62995	208964
62996	208966
62997	208968
62998	208970
62999	208972
63014	368418
63015	368419
63016	368420
63017	368421
63018	368422
63019	368423
63020	368424
63021	368425
63022	368426
63023	368427
63024	368428
63025	368429
63026	368430
63027	368431
63028	368432
63029	368433
63030	368434
63031	368435
63032	413177
63033	129764
63034	413178
63035	129766
63036	413179
63037	129768
63038	413180
63039	129770
63040	413181
63043	11790
63044	11792
63045	11881
63046	11899
63047	11902
63048	283667
63049	283668
63050	283669
63051	283670
63052	283671
63053	283672
63054	283673
63055	283674
63056	283675
63057	283676
63058	283677
63059	283678
63060	283679
63061	283680
63062	283681
63063	283682
63064	283683
63065	283684
63066	348224
63067	348225
63068	348226
63069	348227
63070	348228
63071	348229
63072	348230
63073	348231
63074	348232
63075	348233
63076	348234
63077	348235
63078	348236
63079	348237
63080	348238
63081	348239
63082	348240
63083	348241
63084	348627
63085	348628
63086	348629
63087	348630
63088	348631
63089	348632
63090	348633
63091	348634
63092	348635
63093	348636
63094	348639
63095	348640
63096	348641
63097	348642
63098	348643
63099	348644
63100	348645
63101	348646
63102	348647
63103	348648
63104	12669
63105	12675
63106	12679
63107	12681
63108	12685
63109	12755
63110	12758
63111	12760
63112	12776
63113	12778
63114	12781
63115	12782
63116	12785
63117	12809
63118	12812
63119	12813
63120	12845
63121	12846
63122	197685
63123	197668
63124	197669
63125	197670
63126	197671
63127	197672
63128	197673
63129	197674
63130	197675
63131	197676
63132	197677
63133	426003
63134	197679
63135	197680
63136	197681
63137	197682
63138	197683
63139	197684
63140	227693
63141	227694
63142	227695
63143	227696
63144	227697
63145	227698
63146	227699
63147	227700
63148	227701
63149	227702
63150	413222
63151	129746
63152	413223
63153	129748
63154	413224
63155	129750
63156	413225
63157	129752
63158	413226
63159	129754
63160	413227
63162	413229
63163	129758
63164	413230
63165	129760
63166	413231
63167	129762
63168	468659
63169	468660
63170	468661
63171	468662
63172	468663
63173	468664
63174	468665
63175	468666
63176	468667
63177	468668
63183	468702
63184	468703
63186	227694
63191	129727
63192	129728
63193	129729
63194	129730
63195	129731
63196	129732
63197	129733
63198	129734
63199	129735
63200	129736
63201	129737
63202	129738
63203	129739
63204	129740
63205	129741
63206	129742
63207	129743
63208	129744
63209	243997
63210	243998
63211	243999
63212	244000
63213	244001
63214	244002
63215	244003
63216	244004
63217	244005
63218	244006
63219	244007
63220	244008
63221	244009
63222	244010
63223	244011
63224	244012
63225	244013
63226	244014
63227	244015
63228	244016
63229	244017
63230	244018
63231	244019
63232	244020
63233	244021
63234	244022
63235	468737
63236	437257
63237	468738
63238	437259
63239	468739
63240	468740
63241	468741
63242	468742
63243	468743
63244	468744
63245	165983
63246	468689
63247	468690
63248	468691
63249	468692
63250	468693
63251	468694
63253	227714
63255	227716
63257	227718
63259	227720
63261	227722
63263	227724
63265	227726
63267	227728
63269	227730
63270	78014
63271	78015
63272	78016
63273	78017
63274	78018
63275	78019
63276	78020
63277	78021
63278	78022
63279	78023
63280	242619
63281	129763
63282	129765
63283	129767
63284	129769
63285	129771
63287	368396
63288	177761
63289	368397
63290	177763
63291	368398
63292	177765
63293	368399
63294	177767
63295	368400
63296	177769
63297	368401
63298	177771
63299	368402
63300	177773
63301	368403
63302	177775
63303	368404
63304	177777
63317	129784
63334	129745
63335	129747
63336	129749
63337	129751
63338	129753
63339	129755
63341	129757
63342	129759
63343	129761
63344	368439
63345	368440
63346	368441
63347	368442
63348	368443
63349	368444
63350	368445
63351	368446
63352	368447
63353	368448
63354	283685
63355	283686
63356	283687
63357	283688
63358	283689
63359	283690
63360	283692
63361	283693
63362	283694
63363	283695
63365	225919
63367	225921
63369	225923
63371	225925
63374	413183
63375	413184
63376	413185
63377	413186
63378	413187
63379	413188
63380	413189
63381	413190
63382	413191
63383	413192
63384	12854
63385	12855
63386	12927
63387	12928
63388	12929
63389	12930
63390	12931
63391	12932
63392	12933
63393	12934
63394	208855
63395	208856
63396	208857
63397	208858
63398	208859
63399	208860
63400	208861
63401	208862
63402	208863
63403	208864
63414	402787
63415	402788
63746	469110
63747	469111
63748	469112
63749	469113
63750	445398
63751	445399
63752	445400
63753	492906
63754	492907
63755	492908
63756	492909
63758	492911
63759	492912
63760	492913
63761	492914
63762	492913
63763	22986
63764	22989
63765	19410
63766	27613
63767	27614
63768	157403
63769	157403
63770	27623
63771	27624
63772	27625
63773	26154
63774	27627
63775	27629
63776	157497
63777	158001
63778	9990
63779	158036
63780	157499
63781	10849
63782	10850
63783	10851
63784	10852
63785	10853
63786	79543
63787	156837
63788	198866
63789	75673
63790	185009
63791	79544
63792	492932
63793	492930
63794	79545
63795	75678
63796	156432
63797	367998
63798	341865
63799	385043
63800	368001
63801	368002
63802	368003
63803	368004
63804	368005
63805	368006
63806	368007
63807	198866
63808	13788
63809	13790
63810	13792
63811	13794
63812	13795
63813	13796
63814	13797
63815	157939
63816	13797
63818	130207
63819	9810
63820	9811
63821	9695
63824	158008
63825	426870
63826	426870
63827	23666
63828	23667
63829	23668
63830	23670
63831	158371
63832	156105
63833	156109
63834	23675
63835	23677
63836	23678
63837	27919
63838	79291
63839	27923
63840	27925
63841	27927
63842	27929
63843	158412
63844	25721
63845	157566
63846	156825
63847	156949
63849	18562
63850	25779
63851	10868
63852	13758
63854	156102
63855	156103
63856	156104
63857	345923
63858	368055
63859	25015
63860	25016
63861	25018
63862	25022
63864	25023
63865	25024
63867	157158
63868	157159
63869	19637
63870	19641
63871	19642
63872	19643
63873	19645
63874	19646
63875	19647
63876	19648
63877	19649
63883	26831
63884	156949
63885	157047
63886	157302
63887	157307
63888	68099
63889	68100
63890	68101
63891	243513
63892	129982
63893	159298
63894	68105
63895	130104
63896	130105
63897	157302
63898	25479
63899	25481
63900	25483
63901	25484
63902	25497
63903	156451
63904	156452
63905	156453
63906	156454
63907	25500
63908	20882
63909	20884
63910	20887
63911	20888
63912	20889
63913	20892
63914	20894
63915	20926
63916	20928
63917	20929
63918	366139
63919	366140
63920	366141
63921	366142
63922	366143
63923	366144
63924	366145
63925	366146
63926	366144
63927	130207
63928	156497
63929	23315
63930	23317
63931	23319
63932	157364
63933	157365
63934	177818
63935	177819
63938	83467
63940	83468
63941	75735
63942	341844
63943	341845
63944	341846
63945	341847
63946	16763
63947	66405
63948	158903
63949	11271
63950	16769
63951	16913
63952	16915
63953	16916
63954	75728
63955	75729
63956	155413
63957	155414
63958	155415
63960	155417
63961	155418
63962	155419
63963	157024
63964	157025
63965	157026
63967	243768
63968	243769
63969	243739
63970	243560
63971	243721
63972	412364
63973	243774
63974	243690
63975	243692
63976	412290
63978	402674
63980	513380
63981	155415
63982	513382
63983	513383
63984	513384
63985	513385
63986	368046
63987	368047
63988	368048
63989	227943
63990	368050
63991	368051
63992	368052
63993	368053
63994	368054
63995	158299
63996	155918
63997	155910
63998	22869
63999	157158
64000	158304
64001	158305
64002	158306
64003	158307
64004	158308
64005	21193
64007	21195
64008	21197
64009	21198
64010	21199
64011	157929
64012	21203
64013	21204
64014	83474
64016	310054
64017	310055
64018	310056
64019	158294
64020	310058
64021	310059
64022	310060
64023	283160
64024	310062
64025	341675
64026	469079
64027	341677
64028	341678
64029	341679
64030	341680
64031	341681
64032	426857
64033	513338
64035	513340
64036	513341
64037	513342
64038	156837
64039	342007
64041	513346
64042	513347
64043	120896
64044	121442
64045	130207
64047	120898
64048	126151
64049	469080
64050	157307
64051	157302
64052	469083
64053	469084
64054	469085
64055	469086
64056	469087
64057	469088
64058	469089
64059	492931
64060	342142
64061	342143
64062	492931
64063	342142
64064	342090
64065	342147
64066	342148
64067	343212
64068	342150
64069	129962
64070	129963
64071	129964
64072	129965
64073	166765
64074	166766
64075	166767
64076	177843
64077	184702
64078	198855
64079	447541
64080	501070
64084	447545
64085	559193
64087	559195
64088	513241
64089	469069
64090	469070
64091	469071
64092	469072
64093	469073
64094	501699
64095	412386
64096	243733
64097	24470
64098	24471
64099	24473
64100	24474
64101	24475
64102	24476
64103	24477
64104	24479
64105	198866
64106	157297
64107	158908
64108	19543
64109	156597
64110	156598
64111	19551
64112	19553
64113	19554
64114	19555
64115	19556
64116	19557
64117	196795
64118	24990
64119	24992
64120	24993
64121	24994
64122	24995
64123	24997
64124	24998
64125	25000
64126	25003
64128	166421
64129	166422
64130	166423
64131	177810
64132	166425
64133	166426
64134	166441
64135	166442
64136	177810
64147	157363
64148	25951
64149	25952
64150	25953
64151	82472
64152	23560
64153	23561
64154	23562
64155	23565
64156	23567
64157	25411
64158	155760
64159	156837
64160	156949
64161	25415
64162	227860
64163	227861
64164	157307
64165	157302
64166	227864
64167	227865
64168	227866
64169	28156
64170	227868
64171	227869
64172	310262
64173	310263
64174	310264
64175	310265
64176	310266
64177	310267
64178	310103
64179	310269
64180	310270
64181	184713
64182	156837
64184	156949
64185	469022
64186	469021
64187	469023
64189	492880
64190	492881
64191	492882
64193	155384
64194	157307
64195	23353
64196	23355
64197	23356
64198	23357
64199	23358
64200	23359
64201	23362
64202	27036
64203	27038
64204	27039
64205	27041
64206	345923
64207	27043
64208	27044
64209	157298
64210	27045
64211	9731
64212	19650
64213	19676
64214	157448
64215	75913
64216	75914
64217	75915
64218	156837
64219	156702
64221	26298
64222	26299
64223	26300
64224	26304
64225	26305
64226	26306
64227	26308
64228	26310
64229	156469
64230	26312
64231	21827
64232	157494
64233	21828
64234	21829
64235	21831
64236	21832
64237	185033
64238	21837
64239	158022
64240	177832
64241	157302
64242	158001
64243	177835
64244	412266
64245	157307
64246	157302
64247	386983
64248	177840
64249	412365
64250	412287
64251	412286
64252	341894
64253	412369
64254	157307
64255	130207
64256	412372
64257	412373
64258	412390
64259	9754
64260	132590
64261	158234
64262	9757
64263	9758
64264	26019
64265	71625
64266	9761
64267	158022
64268	156177
64269	386963
64270	386964
64271	386965
64272	386966
64273	386967
64274	386968
64275	129950
64276	386970
64277	386971
64278	386972
64279	25132
64280	79300
64281	79301
64282	25139
64283	25141
64284	157298
64285	25143
64286	25144
64287	25145
64288	18485
64289	18486
64290	185030
64291	18489
64292	158206
64293	18495
64294	18498
64295	18499
64296	18501
64297	18503
64298	22926
64299	22931
64300	22933
64301	22934
64302	22940
64303	22941
64304	157302
64305	22942
64306	155122
64307	22945
64308	26938
64309	26939
64310	26940
64311	19437
64313	25837
64316	26949
64317	26950
64318	157305
64319	17488
64320	17490
64321	17491
64322	157718
64323	17493
64324	17495
64325	70449
64326	17605
64327	17606
64328	68424
64329	68425
64330	129991
64331	129992
64332	129993
64333	129980
64334	158462
64335	156205
64336	156345
64337	75764
64338	157307
64339	157302
64340	79345
64341	75766
64342	75767
64343	158027
64344	158028
64345	75768
64346	158029
64348	157507
64349	157508
64350	79291
64351	157510
64352	24491
64353	24493
64354	24495
64355	82472
64356	26416
64357	26418
64358	26419
64359	20358
64360	26422
64361	26423
64362	156949
64363	26425
64364	26427
64365	26429
64366	9643
64367	23501
64368	20027
64369	23521
64370	156702
64371	23523
64372	23524
64373	158363
64374	23528
64375	226040
64376	166503
64377	166504
64378	166505
64379	155623
64380	155588
64381	26950
64382	166500
64383	166510
64384	386902
64385	185003
64387	386905
64388	386906
64389	386907
64390	386908
64391	227825
64392	157302
64393	386911
64394	161688
64395	161689
64396	161690
64397	161691
64398	161692
64399	161693
64400	161694
64401	161622
64402	161696
64403	161697
64404	87826
64405	157817
64406	87827
64407	158022
64409	342047
64410	166469
64411	158024
64412	342050
64414	342052
64415	158298
64416	342054
64417	342055
64418	367582
64419	26838
64420	26839
64421	26840
64422	26841
64424	26844
64425	412280
64426	412281
64427	412282
64428	412283
64429	341891
64430	412285
64431	412286
64432	412287
64433	412288
64434	412283
64435	402334
64436	402335
64437	402395
64438	402337
64439	402338
64440	402339
64441	426766
64442	426767
64443	445365
64444	445366
64445	445367
64446	445368
64447	445368
64448	445370
64449	445371
64450	445372
64461	425774
64462	425775
64463	425776
64464	23068
64465	198856
64466	425779
64467	425780
64468	425781
64469	425782
64470	514627
64471	21937
64472	21938
64473	21939
64474	156362
64475	156816
64476	21942
64477	66545
64478	21945
64479	21947
64480	9612
64481	158036
64482	18418
64484	18421
64485	18423
64486	158498
64487	18426
64488	18427
64489	18429
64490	445622
64491	445623
64492	445624
64493	445625
64494	445626
64495	445627
64496	445628
64497	445629
64498	445630
64499	27533
64501	157255
64502	156628
64503	157360
64504	157256
64505	157361
64506	157863
64507	157864
64508	156837
64509	157681
64510	155020
64511	79367
64512	79368
64513	79369
64514	79370
64515	79371
64516	75694
64517	79265
64518	75696
64519	367932
64520	367933
64521	367934
64522	367935
64523	367936
64524	367937
64525	367938
64526	367939
64527	367940
64528	367941
64529	14894
64530	14895
64531	14896
64532	14897
64533	14898
64534	166795
64535	14900
64536	14901
64537	14902
64538	14905
64539	157302
64540	426827
64541	18458
64542	426829
64543	426830
64544	445415
64545	156823
64546	445683
64547	426834
64548	161697
64552	493014
64553	386846
64554	412179
64555	412180
64556	426950
64557	437186
64558	445461
64559	445462
64560	469321
64561	469322
64562	156838
64563	157582
64564	232133
64565	156839
64566	227835
64567	227834
64568	227833
64569	14321
64570	14322
64571	14323
64572	27489
64573	156583
64574	27490
64575	27492
64576	27494
64577	27495
64578	27496
64579	27498
64580	183716
64581	185025
64582	158036
64583	185027
64584	183716
64585	185029
64586	185030
64587	185031
64588	185032
64589	157062
64590	345923
64593	23317
64594	347013
64596	185016
64598	386973
64599	243494
64600	158377
64601	368165
64603	368167
64604	386952
64605	79431
64606	79343
64607	368171
64608	23317
64609	156107
64610	368174
64611	130053
64613	166517
64614	158606
64615	68346
64616	156350
64617	156836
64618	158610
64619	158611
64620	17231
64621	17232
64622	17233
64623	17236
64624	17238
64625	17240
64626	17241
64627	17243
64628	17245
64629	17246
64632	14007
64633	14008
64634	14009
64635	14010
64636	157401
64637	158294
64638	14043
64639	14044
64640	75870
64641	155418
64642	77958
64643	79407
64644	79408
64645	79409
64646	79410
64647	75870
64648	75877
64649	156869
64650	23678
64651	197279
64652	310531
64653	196795
64654	310209
64655	310210
64656	368341
64657	367894
64658	367895
64659	367896
64660	367897
64661	367898
64662	310056
64663	367900
64664	367901
64665	20239
64666	157861
64667	157928
64668	157929
64670	156502
64671	345923
64673	20251
64674	157741
64675	157244
64676	18650
64677	157360
64678	198928
64679	18655
64680	18656
64681	18658
64682	156946
64683	18661
64684	466293
64685	466294
64686	492599
64687	426389
64688	156836
64689	492602
64690	492603
64691	156949
64692	156837
64693	156778
64694	75959
64695	75723
64696	75724
64697	75681
64698	157330
64699	75962
64700	79343
64701	75963
64702	368167
64703	198856
64704	198857
64705	198858
64706	198859
64707	198860
64708	198861
64710	22723
64711	70451
64712	70452
64713	60550
64714	18277
64715	18278
64716	18279
64717	18280
64718	83545
64719	18282
64720	83546
64721	18285
64722	18286
64723	18287
64724	20443
64725	20445
64726	20446
64727	20447
64728	243713
64729	20449
64730	20450
64731	20451
64732	20452
64733	20454
64734	155249
64735	157102
64736	157103
64737	157104
64738	157105
64739	345922
64740	157107
64741	208553
64742	157109
64743	166919
64744	14295
64745	14296
64746	14297
64747	14298
64748	14299
64749	184834
64750	412342
64751	366131
64752	366174
64753	366166
64754	366160
64755	366161
64756	366136
64757	366166
64759	310138
64760	310139
64761	79246
64762	79247
64763	79248
64764	79249
64765	79250
64766	75755
64767	156837
64768	156949
64769	161671
64770	161672
64771	161673
64772	161674
64773	161622
64774	161676
64775	161677
64776	161678
64777	161679
64778	161679
64779	158024
64780	158022
64781	341730
64782	341731
64783	341732
64784	341733
64785	341734
64786	341735
64787	341736
64788	341737
64789	310408
64791	22724
64792	157823
64793	310408
64794	157301
64795	25232
64796	25235
64797	20800
64798	25241
64799	156947
64800	27406
64801	83425
64802	492990
64803	492991
64804	17278
64805	17279
64806	492994
64807	492995
64808	492996
64809	492997
64810	157307
64811	501053
64812	386754
64813	386755
64814	157854
64815	386757
64816	386758
64817	386759
64818	386760
64819	386761
64821	310256
64822	156702
64823	75770
64824	75771
64826	75772
64827	75773
64828	155020
64829	75774
64830	75775
64831	166441
64832	166442
64833	166443
64834	166444
64835	341864
64836	166446
64837	166447
64838	166448
64839	166449
64840	166450
64841	185000
64842	185001
64843	185002
64844	185003
64846	310531
64847	310531
64848	158022
64849	226047
64850	185009
64851	17204
64852	18111
64853	18113
64854	18114
64855	157433
64856	18110
64857	18114
64858	157779
64859	17227
64860	17229
64861	19883
64862	17233
64863	19887
64864	19899
64865	19900
64866	19901
64867	19903
64868	19904
64869	19905
64870	19906
64871	26018
64872	26019
64873	9761
64874	26021
64875	156177
64876	130207
64877	367936
64878	26026
64879	26027
64880	26028
64881	156384
64882	22399
64883	22403
64884	158038
64885	469169
64886	156362
64887	156823
64888	75810
64889	79467
64890	79468
64891	79469
64892	196795
64893	79470
64894	79471
64895	79472
64896	79473
64897	79474
64898	79475
64899	228011
64900	228012
64901	228013
64902	228014
64903	13758
64904	228016
64905	228017
64906	492941
64910	501147
64911	492946
64912	492947
64913	492948
64915	493043
64917	156837
64918	156836
64919	156949
64920	156837
64921	156702
64922	345923
64923	18534
64926	19340
64927	19341
64928	19342
64929	19343
64930	19344
64931	157416
64932	157417
64933	19347
64934	19348
64935	19351
64936	469028
64937	469029
64938	243575
64939	426904
64940	469032
64941	468984
64942	167019
64943	157305
64944	469036
64945	469037
64946	386983
64948	445145
64949	445146
64950	437185
64951	445147
64952	445148
64953	20456
64954	20457
64955	14524
64956	156642
64957	196795
64958	20461
64959	20457
64960	20456
64961	156702
64962	20517
64963	27422
64964	158597
64965	27423
64966	27424
64967	156352
64968	157563
64969	27426
64970	386824
64971	156827
64972	24826
64973	24828
64974	24833
64975	24834
64976	157080
64977	24845
64978	24846
64979	158363
64980	366144
64981	366144
64982	366144
64983	366145
64984	320439
64985	320440
64986	320441
64987	158129
64988	13750
64989	198866
64990	13753
64992	13758
64993	158129
64994	13765
64995	13766
64996	155729
64997	79570
64998	79571
64999	79572
65000	79573
65001	157428
65002	232133
65003	157430
65004	156837
65005	79574
65006	79290
65007	341944
65008	513402
65009	445295
65010	445166
65011	445167
65012	426933
65013	445612
65015	161622
65016	445172
65017	198458
65018	75812
65020	341914
65021	75813
65022	75814
65023	75815
65024	75816
65025	75817
65026	75818
65027	25556
65028	25557
65029	25559
65030	25561
65031	25562
65032	25563
65033	25564
65034	25565
65035	25566
65036	469330
65037	445322
65038	445323
65039	469331
65040	445325
65041	469332
65042	469333
65043	243664
65044	387029
65045	387030
65047	387032
65050	387035
65051	196795
65052	387037
65053	25444
65054	25445
65055	25446
65056	25447
65057	4702
65058	157382
65059	157383
65060	18558
65061	18559
65062	18562
65063	18565
65064	18594
65065	18599
65066	156398
65067	18603
65068	156774
65069	18646
65070	19558
65071	166461
65073	445700
65074	19561
65075	19562
65076	19563
65077	156107
65078	19564
65079	19565
65080	155851
65081	155852
65082	10862
65083	154990
65084	154991
65085	154992
65086	155503
65087	155504
65088	157612
65089	155506
65090	75965
65091	75966
65092	156359
65093	75967
65094	79306
65095	156360
65096	75969
65097	156361
65098	79307
65099	79308
65100	387054
65101	492938
65102	196795
65103	492940
65104	559177
65106	501052
65107	513297
65111	466163
65112	466164
65113	310622
65114	27432
65115	27433
65116	27434
65117	27435
65118	27440
65119	68420
65120	157151
65121	70454
65122	68423
65123	158022
65124	282849
65125	23012
65126	23015
65127	23016
65128	157528
65129	155729
65130	156868
65131	23022
65132	23025
65133	23027
65134	157610
65135	158298
65136	157612
65137	157613
65138	157614
65139	185033
65140	157616
65141	243694
65143	19030
65144	19031
65145	19033
65146	71625
65147	26019
65148	19036
65149	19037
65150	19049
65151	19050
65152	19098
65154	466185
65157	513377
65158	155418
65159	17165
65160	17166
65161	17167
65162	17168
65163	17169
65164	17170
65165	385157
65166	385159
65167	385161
65168	385163
65169	385165
65170	385167
65171	385169
65173	78787
65182	8177
65932	17201
65933	17202
65934	17203
65935	341830
65936	341831
65938	513228
65939	342036
66232	31849
66236	23951
66239	514959
66243	450075
66244	6463
66245	64468
66247	437187
68148	76060
68150	76063
68151	151981
68153	151983
68154	151984
68155	151985
68156	151986
68157	151987
68175	23211
68177	23228
68178	23243
68179	23249
68180	23258
68181	23277
68183	23293
68184	23311
68192	16868
68195	190078
68197	190080
68198	190081
68199	190082
68200	190083
68212	394783
68214	231865
68215	231867
68216	231868
68217	349122
68223	199398
68225	199399
68226	199405
68228	199406
68229	199407
68236	394708
68238	437291
68240	437292
68241	450549
68243	437315
68245	437317
68246	437318
68247	437319
68248	437320
68249	437321
68252	83648
68260	21867
68261	27027
68263	27042
68264	27058
68265	27069
68266	27079
68273	21546
68274	242547
68276	242549
68280	24818
68282	24837
68283	24851
68284	24870
68285	24889
68286	27344
68288	27366
68289	27395
68290	27418
68291	27439
68292	226646
68293	21772
68294	76049
68295	87403
68296	87404
68297	87405
68298	87406
68299	87407
68300	76057
68301	31683
68302	23952
68303	25633
68304	225811
68305	226386
68306	226387
68307	437017
68308	244963
68309	244851
68310	244852
68311	196784
68312	196785
68313	346999
68314	347000
68315	501257
68316	501258
68317	501259
68318	501260
68319	501261
68320	501262
68321	21725
68322	21726
68323	83648
68324	83047
68325	370203
68326	370204
68327	73376
68328	469847
68329	469848
68330	346839
68331	308945
68332	308946
68333	411623
68334	411624
68335	226422
68336	226423
68337	226424
68338	226425
68339	345296
68340	345297
68341	346828
68342	346829
68343	382915
68344	382916
68345	382917
68346	382918
68347	308917
68348	308918
68349	308919
68350	469797
68351	469798
68352	18442
68353	22527
68354	18112
68355	128679
68356	128680
68357	73377
68358	78940
68359	78941
68360	257882
68361	257888
68362	257884
68363	257889
68364	128840
68365	153161
68366	128642
68367	178155
68368	184515
68369	227259
68370	370332
68371	346769
68372	19866
68373	198669
68374	83083
68375	83084
68376	31002
68377	16236
68378	501209
68379	501210
68380	501211
68381	501212
68382	27535
68383	13075
68384	26687
68385	22743
68386	382962
68387	382963
68388	382964
68389	382965
68390	382954
68391	382920
68392	426466
68397	8184
68398	8185
68399	19793
68400	78861
68401	178174
68402	178175
68403	153167
68404	30211
68405	73009
68406	437214
68407	437215
68408	346987
68409	346988
68410	346989
68411	346990
68412	128608
68413	128609
68414	60520
68415	21791
68416	209605
68417	209606
68418	209607
68419	16248
68420	16249
68421	83038
68422	184629
68423	8151
68424	26663
68425	128764
68426	8181
68427	178198
68428	184622
68429	382889
68430	382890
68431	25069
68432	75609
68433	514770
68434	209571
68435	501232
68436	501233
68437	501234
68438	501235
68439	501236
68440	501237
68441	514972
68442	514973
68443	514974
68444	514975
68445	72283
68446	72282
68447	15466
68448	15468
68449	244868
68450	346862
68451	346932
68452	501253
68453	501254
68455	128627
68456	18210
68457	18211
68458	16681
68459	21879
68460	16683
68461	83037
68462	166342
68463	166343
68464	501228
68465	501255
68466	178158
68467	178223
68468	426479
68469	447845
68470	426481
68471	426482
68472	426483
68473	426484
68474	166348
68475	166349
68476	8153
68477	11942
68478	23610
68479	226418
68480	226419
68481	308868
68482	308869
68483	198639
68484	198640
68485	492716
68486	492717
68487	128634
68488	346767
68489	153132
68490	346933
68491	346934
68492	346935
68493	346936
68494	346937
68495	346938
68496	20595
68497	20597
68498	13826
68499	21065
68500	308934
68501	308935
68502	308936
68503	308937
68504	382980
68505	370425
68506	22075
68507	22076
68508	22081
68509	22082
68510	209551
68511	209552
68512	209553
68513	209554
68514	209555
68515	209556
68516	11894
68517	11895
68518	226403
68519	226404
68520	244849
68521	244850
68522	411715
68523	411716
68524	346982
68525	346983
68526	411664
68527	411665
68528	26603
68529	26605
68530	158425
68531	16402
68532	73568
68533	73569
68534	469757
68535	469789
68536	209572
68537	209573
68538	244992
68539	244993
68540	19288
68541	244869
68542	380089
68543	23788
68544	65838
68545	65839
68546	178202
68547	178203
68548	19419
68549	345511
68550	73400
68551	346944
68552	346945
68553	513147
68554	26180
68555	75605
68556	128790
68557	226392
68558	226393
68559	469652
68560	469653
68561	469654
68562	469655
68563	469656
68564	469657
68565	367826
68566	72288
68567	411615
68568	411616
68569	241824
68570	241825
68571	308855
68572	469924
68573	16980
68574	241774
68575	24592
68576	382982
68577	382983
68578	382984
68579	382985
68580	11952
68581	15119
68582	225880
68583	226389
68584	72309
68585	75597
68586	8106
68587	19328
68588	26417
68589	22048
68590	19333
68591	26426
68592	447800
68593	448187
68594	18705
68595	18706
68596	178194
68597	178195
68598	128856
68599	128857
68600	20298
68601	24904
68602	22438
68603	22440
68604	513073
68605	244967
68606	31724
68607	22370
68608	22374
68609	27233
68610	65201
68611	65202
68612	29360
68613	166732
68614	166733
68615	166734
68616	257883
68617	257885
68618	469840
68619	469841
68620	469842
68621	469843
68622	469844
68623	469845
68624	469846
68625	128600
68626	128601
68627	22224
68628	73348
68629	226428
68630	437024
68631	437025
68632	469770
68633	469771
68634	469772
68635	469773
68636	226421
68637	226372
68638	226373
68639	18678
68640	18684
68641	78835
68642	83001
68643	307665
68644	307666
68645	514962
68646	515039
68651	345359
68652	346840
68653	346841
68654	411699
68655	411700
68656	25587
68657	73383
68658	24128
68659	24129
68660	83005
68661	65347
68662	83006
68663	18171
68664	18172
68665	18180
68666	25627
68667	469774
68668	469775
68669	469776
68670	469777
68671	32088
68672	469778
68673	209532
68674	209533
68675	131615
68676	209535
68677	209536
68678	209537
68679	209538
68680	209539
68681	29372
68682	19790
68683	19066
68684	11915
68685	20303
68686	20305
68687	382942
68688	382943
68689	382944
68690	382945
68691	15704
68692	72317
68693	26307
68694	26309
68695	26313
68696	128712
68697	128746
68698	128766
68699	128767
68705	65370
68706	65371
68707	25060
68708	25062
68709	18193
68710	19766
68711	209549
68712	209550
68715	128569
68716	65343
68717	82994
68718	370229
68719	382940
68720	128577
68721	128578
68722	22047
68723	65166
68724	65167
68725	27258
68726	27255
68727	71911
68728	73375
68729	153114
68730	153115
68731	501213
68732	514971
68733	469912
68734	469913
68735	18703
68736	22513
68737	72320
68738	29501
68739	25910
68740	25918
68741	128624
68742	128625
68743	178179
68744	178212
68745	308807
68746	308808
68747	426463
68748	469833
68749	178165
68750	178166
68751	345390
68752	346875
68753	346876
68754	60525
68755	65322
68756	82991
68757	82992
68758	437193
68759	83058
68760	370434
68761	382822
68762	382823
68763	209576
68764	308802
68765	209578
68766	308803
68767	346878
68768	346879
68769	26134
68770	382824
68771	382825
68772	411680
68773	411681
68774	411682
68775	411683
68776	411684
68777	411685
68778	411686
68779	411687
68780	20546
68781	198723
68782	14161
68783	23153
68784	14178
68785	23162
68786	14187
68787	23167
68788	14227
68789	23182
68790	209570
68791	209613
68792	128806
68793	436960
68798	515030
68799	515031
68800	14258
68801	14259
68802	27271
68803	346774
68804	15177
68805	60640
68806	20300
68807	128693
68808	153083
68809	23498
68810	184517
68811	128623
68812	128701
68813	128702
68814	19083
68815	24607
68816	11000
68817	227288
68818	227289
68819	11944
68820	308941
68821	308942
68822	26834
68823	23631
68824	209528
68825	209529
68826	83072
68827	198717
68828	128885
68829	128886
68830	447698
68831	447699
68832	447700
68833	447701
68834	447702
68835	65376
68836	65377
68837	65378
68838	65379
68839	65380
68840	65381
68841	20325
68842	21652
68843	128801
68844	8146
68845	8147
68846	25224
68847	13075
68848	11005
68849	178145
68850	178146
68851	241826
68852	367151
68854	18105
68855	15120
68856	15121
68857	128877
68858	128726
68859	26671
68860	26674
68861	198615
68862	198616
68863	501238
68864	501239
68867	21136
68868	21138
68869	21140
68870	25503
68873	27033
68874	370330
68875	370331
68876	411734
68877	16484
68878	73386
68879	16486
68880	73387
68881	30323
68882	14581
68883	22233
68884	346778
68885	346779
68886	308838
68887	308839
68888	65367
68889	65368
68890	166676
68891	167012
68892	23300
68893	23301
68894	8201
68895	128672
68896	128673
68897	128674
68898	128675
68899	8100
68900	346996
68901	346997
68902	18723
68903	18724
68904	18725
68905	18729
68906	128584
68907	128585
68908	128586
68909	128587
68910	447752
68911	447753
68912	447754
68913	447755
68914	515040
68915	515041
68916	19507
68917	73368
68918	19537
68919	411613
68920	411614
68921	382935
68922	382936
68923	382937
68924	178181
68925	178182
68926	178183
68927	178184
68928	166322
68929	382947
68930	166588
68931	166589
68932	166590
68933	166591
68934	437198
68935	73391
68936	14270
68937	65808
68938	184617
68939	184618
68940	25787
68941	25794
68942	153138
68943	17972
68944	23489
68945	15701
68946	23494
68947	23496
68948	346852
68949	21754
68950	18729
68951	18617
68952	18618
68953	158258
68954	75603
68955	75604
68956	19071
68957	73347
68958	209589
68959	25806
68960	25809
68961	346786
68962	447726
68963	469678
68964	469679
68965	14565
68966	20074
68967	20075
68968	436985
68969	436986
68970	436987
68971	436988
68972	467798
68973	22327
68974	73360
68975	24197
68976	382868
68977	382869
68978	128602
68979	32054
68980	78786
68981	244924
68983	447728
68984	447729
68985	447730
68986	447731
68987	447732
68988	447733
68989	18823
68990	18824
68991	18825
68992	18827
68993	241871
68994	241872
68995	241873
68996	241874
68997	241875
68998	241876
68999	469730
69000	469862
69001	209612
69002	198603
69003	198604
69004	198605
69005	198606
69006	198607
69007	241779
69008	241780
69009	241781
69010	241782
69011	8119
69012	24438
69013	6346
69014	24443
69015	82989
69016	82990
69017	370334
69018	370335
69019	370336
69020	370337
69021	370338
69022	370339
69023	30288
69024	370218
69025	15191
69026	15192
69027	501247
69028	515046
69031	22438
69032	14101
69033	426448
69034	426449
69035	411640
69036	23123
69037	241806
69038	65176
69039	209590
69042	209656
69043	437207
69044	437208
69045	370122
69046	370560
69047	436959
69049	426198
69050	426199
69051	22569
69052	19097
69053	307951
69054	307952
69055	198679
69056	26569
69057	469659
69058	128676
69059	128677
69060	225710
69061	226367
69062	469682
69063	469683
69064	515043
69065	515044
69066	16222
69067	16223
69068	426464
69069	426465
69070	411666
69071	411667
69072	227293
69073	227294
69074	227295
69075	241801
69076	227297
69077	227298
69078	75619
69079	75620
69080	75621
69081	22378
69082	209568
69093	6588
69094	6589
69095	6590
69097	6591
69098	6592
69099	6593
69100	4715
69101	6564
69103	6565
69115	209569
69116	426457
69117	426458
72174	345889
72175	20663
72176	9535
72178	23078
72181	23117
72182	425226
72211	21686
72213	21692
72215	369391
72216	23323
72220	469481
72225	386624
72228	469464
72235	21872
72237	21889
72239	21901
72243	21727
72246	6566
72248	6464
72255	20633
72256	20646
72257	345798
72259	20387
72260	20404
72261	22932
72263	14906
72266	386623
72269	469470
72271	345891
72275	345895
72276	166535
72280	166539
72282	166541
72284	130421
72287	23423
72289	8293
72291	130436
72294	425222
72296	425223
72298	369426
72300	345890
72301	345812
72303	369428
72305	369430
72306	369431
72307	369432
72310	369435
72313	369369
72316	369372
72319	369375
72322	369378
72325	469475
72326	515611
72332	515622
72333	345788
72339	469465
72342	500452
72347	22897
72348	22045
72350	22053
72367	18724
73087	77545
73088	77546
73089	77547
73090	77548
73091	77549
73092	77550
73121	368333
73122	368334
73123	368335
73124	368336
73125	368337
73126	368338
73151	8033
73152	8034
73153	8036
73154	32068
73155	32073
73156	31187
73280	411870
73283	425847
73285	436448
73287	446197
73289	446198
73291	467228
73294	501457
73300	9532
73302	6567
73303	6568
73304	6569
73305	6570
73306	6571
73307	6652
73308	6653
73309	6654
73310	6655
73311	6656
73312	6657
73313	6674
73314	6675
73315	6676
73316	6677
73317	6678
73318	6679
73319	6636
73320	6637
73321	369501
73322	244895
73323	347009
73324	492874
73325	231819
73326	244896
73327	284515
73328	347010
73329	369502
73330	394616
73331	243543
73332	243544
73333	226578
73334	244878
73335	244879
73336	198141
73337	82537
73338	130787
73339	6793
73340	6794
73341	6795
73342	6796
73343	6797
73344	6798
73345	6799
73346	6800
73347	6801
73348	6826
73349	6827
73350	6828
73351	6829
73352	6830
73353	6831
73354	6604
73355	6605
73356	6606
73357	6607
73358	6608
73359	6609
73360	6610
73361	6611
73362	6612
73363	6773
73364	6784
73365	6785
73366	6786
73367	6787
73368	6788
73369	6789
73370	6790
73371	6791
73372	6688
73373	6726
73374	6727
73375	6728
73376	6729
73377	6730
73378	6667
73379	6668
73380	6669
73381	6670
73382	6671
73383	6672
73384	130788
73385	244890
73386	130789
73387	208342
73388	244891
73389	177893
73390	244892
73391	130790
73392	6707
73393	6811
73394	6812
73395	6813
73396	6814
73397	6815
73398	6816
73399	73158
73400	73159
73401	73160
73402	165636
73403	244900
73404	130791
73405	232487
73406	78877
73407	244901
73408	78878
73409	182708
73410	244902
73411	6721
73412	6712
73413	6713
73414	6714
73415	6715
73416	6716
73417	6717
73418	6718
73419	6719
73420	6720
73421	78791
73422	130785
73423	82541
73424	165636
73425	177892
73426	182706
73427	198142
73428	208344
73429	226579
73430	232489
73431	284517
73432	284517
73433	369498
73434	369499
73435	369500
73436	436879
73437	467903
73438	500986
73439	6627
73440	6628
73441	6629
73442	6630
73443	6631
73444	6632
73445	6633
73446	6634
73447	6635
73879	445913
73890	445924
73901	445935
73912	445946
73923	445957
73934	445968
73943	445977
73951	445985
73959	445993
73970	446004
73981	446015
73992	446026
74003	446037
74013	446047
74024	446058
74035	446069
74046	446080
74056	446090
74067	446101
74078	445837
74089	445848
74100	445859
74111	445870
74122	445881
74133	445892
74143	445902
74154	309001
74155	309002
74156	309003
74157	13029
74161	153173
74162	153174
74163	308810
74164	382958
74165	382959
74166	26080
74167	26081
74168	346903
74169	346904
74170	345988
74171	346861
74172	26022
74173	128719
74174	128720
74175	308978
74176	308979
74177	83025
74178	166316
74179	83095
74180	83096
74181	209599
74182	166890
74183	78853
74184	78854
74185	78855
74186	78856
74187	308903
74188	308904
74189	22514
74190	22516
74191	13418
74192	166318
74193	178208
74194	178209
74195	22463
74196	227285
74197	18115
74198	227286
74199	18428
74200	227287
74201	24067
74202	24069
74203	469849
74204	469850
74205	308948
74206	469904
74207	18343
74208	18344
74209	8152
74210	346775
74211	346777
74212	244856
74213	244857
74214	244921
74215	244922
74216	178131
74217	184621
74218	346927
74219	346928
74220	78969
74221	346802
74222	346803
74223	346804
74224	346805
74225	346806
74226	346807
74227	153140
74228	16445
74229	308882
74230	308883
74231	308884
74232	19103
74233	19110
74234	19113
74235	19119
74236	437042
74237	437043
74238	469801
74239	411727
74240	411728
74241	411729
74242	411730
74243	411731
74244	411732
74245	20453
74246	20455
74247	308873
74248	308874
74249	14111
74250	14113
74251	515038
74253	65298
74254	65299
74255	83074
74256	83075
74257	83076
74258	83077
74261	436949
74262	436950
74263	167010
74264	167011
74265	82997
74266	82998
74267	82999
74268	83000
74269	446365
74270	469660
74271	469661
74272	369990
74273	370224
74275	209682
74276	78841
74277	78946
74278	14275
74279	14276
74280	14278
74281	17033
74282	469805
74286	469907
74287	469908
74288	346991
74289	346992
74290	244977
74291	380088
74292	20065
74293	346837
74294	346838
74296	346813
74297	346902
74298	308890
74299	308891
74300	22670
74301	22673
74302	18183
74303	209596
74304	24566
74305	24568
74306	226374
74307	226375
74308	382908
74309	382909
74310	382910
74311	382911
74312	437195
74313	437196
74314	26279
74315	370561
74316	75581
74317	83010
74318	75585
74319	75608
74320	411637
74321	411639
74324	370219
74325	370220
74326	128592
74327	128593
74328	73580
74329	73581
74330	153149
74331	345357
74332	346730
74333	346731
74334	346821
74335	346814
74336	65300
74337	65301
74338	21810
74339	21811
74340	367817
74341	380095
74342	19052
74343	153142
74344	128849
74345	153143
74346	184610
74347	184611
74348	209600
74349	128887
74350	153171
74351	446321
74352	469671
74353	469672
74354	469704
74355	469705
74356	20554
74357	18767
74358	23076
74359	19754
74360	75595
74361	75596
74362	244915
74363	244916
74364	244917
74365	244918
74366	209589
74367	492765
74368	128695
74369	153151
74370	469890
74371	184612
74372	178162
74373	244990
74375	14263
74376	14264
74377	308926
74378	308927
74379	308928
74380	25153
74381	128638
74382	128639
74383	128640
74384	128641
74385	492721
74386	492722
74387	469741
74388	469742
74389	469743
74390	469744
74391	469745
74392	469746
74393	469747
74394	469748
74395	469749
74396	469669
74397	469670
74398	23393
74399	23394
74400	24705
74401	24706
74402	14139
74403	26517
74404	370353
74405	370268
74406	370354
74407	370355
74408	244855
74409	244882
74410	8123
74411	8124
74412	382892
74413	437194
74414	227318
74415	227319
74416	227320
74417	227321
74418	227322
74419	227323
74420	19419
74421	11958
74422	11960
74423	155278
74424	25867
74425	25868
74426	14543
74427	14544
74428	447716
74429	447717
74430	67565
74431	65310
74432	8178
74433	515002
74434	515004
74435	22224
74437	308996
74438	308997
74439	308998
74442	469764
74443	469765
74444	469766
74445	469767
74446	8182
74447	83003
74448	128658
74449	128870
74450	128660
74451	128871
74452	128872
74453	21316
74454	21326
74455	21446
74456	21447
74457	21959
74458	21960
74459	198702
74460	184632
74461	178215
74464	382880
74465	382881
74466	382978
74467	226370
74468	226371
74469	447746
74470	346698
74471	346699
74472	346700
74473	346701
74474	346742
74475	346743
74476	83019
74477	27287
74478	27288
74479	14392
74480	14393
74481	78970
74482	82988
74483	469877
74484	469878
74485	469879
74486	469880
74487	469881
74488	469882
74489	469883
74490	469884
74491	469885
74493	411617
74494	411618
74495	411619
74496	411620
74497	244923
74498	347004
74499	347005
74500	514969
74501	515021
74503	178206
74504	178152
74505	178153
74506	209652
74507	209653
74508	244883
74509	244884
74510	244885
74511	244886
74512	65359
74513	75615
74514	209668
74515	209602
74516	209603
74517	447770
74518	447771
74519	447718
74520	469792
74521	447720
74522	469793
74523	447722
74524	469794
74525	18187
74526	346952
74527	437018
74528	437019
74529	411630
74530	411631
74531	469820
74532	469821
74533	370552
74534	370553
74535	131394
74536	411663
74537	25290
74538	25293
74539	382960
74540	382961
74541	25317
74542	346746
74543	128754
74544	24909
74545	24911
74546	450607
74548	450608
74549	450609
74550	450610
74551	516434
74552	516435
74553	516436
74554	516437
74555	516438
74556	516439
74560	370673
74562	370675
74563	370676
74564	231891
74565	370677
74566	370678
74570	370709
74572	349006
74578	437293
74579	22731
74581	22752
74582	22778
74583	22789
74584	22804
74585	22814
74586	22832
74587	22912
74588	22927
74598	27530
74600	27543
74601	20444
74602	27557
74603	27573
74604	27585
74605	73970
74607	73973
74608	73975
74609	73977
74610	73981
74611	73983
74612	73985
74623	32703
74624	32729
74625	493593
74626	23863
74628	257676
74630	257678
74635	257683
74638	257686
74641	516421
74642	493578
74643	493579
74644	151912
74646	151914
74650	6465
74651	14935
74653	28920
74654	14253
74655	73364
74656	73374
74657	514963
74659	22746
74660	22748
74661	22576
74662	22578
74663	346755
74664	346756
74665	346899
74666	447870
74667	447871
74668	513155
74669	198660
74670	26001
74671	469726
74672	469727
74673	469728
74674	469729
74675	469731
74676	24841
74677	24843
74678	345514
74679	346822
74680	346823
74681	209588
74682	22573
74683	128816
74684	244988
74685	73401
74686	73406
74687	72281
74688	426211
74689	426469
74690	244880
74691	128573
74692	153135
74693	128575
74694	153136
74695	345358
74696	346896
74697	346897
74698	241877
74699	241878
74700	227328
74701	227329
74702	227330
74703	227331
74704	227332
74705	227333
74706	241885
74707	241886
74710	19756
74711	128717
74712	128718
74713	128823
74714	308980
74715	308981
74716	308982
74717	83073
74718	308887
74719	241765
74720	165349
74721	244980
74722	244981
74723	244982
74724	30092
74725	22350
74726	447996
74727	209677
74728	209678
74729	308915
74730	308916
74731	82995
74732	198665
74733	198666
74736	26657
74737	447742
74738	447743
74739	380096
74742	73584
74743	178150
74744	178151
74745	437200
74746	437201
74747	437202
74748	437203
74749	369947
74750	370345
74751	370346
74752	24801
74753	24802
74754	21779
74755	20483
74756	65152
74757	65155
74758	198651
74759	198652
74760	128797
74761	16693
74762	16701
74763	128651
74764	128652
74765	128653
74766	8212
74767	8149
74768	8215
74769	8189
74770	10995
74771	10998
74775	370554
74776	370555
74777	370556
74778	153118
74779	128698
74780	367819
74781	380093
74782	166578
74783	166579
74784	308968
74785	308969
74786	23400
74787	23402
74788	14546
74789	14547
74790	14549
74791	153124
74792	8101
74793	23073
74794	447798
74795	469769
74796	25690
74797	25691
74800	153116
74801	437026
74802	437027
74803	166762
74804	73366
74805	70700
74806	78953
74807	447772
74808	447773
74811	24467
74812	24469
74813	19974
74814	24472
74815	13426
74816	13427
74817	18189
74818	382850
74819	382851
74822	18430
74823	65146
74824	308950
74825	308951
74826	308911
74827	308912
74828	308879
74829	308880
74830	308881
74831	178167
74832	178168
74833	178169
74834	14059
74835	25879
74836	515065
74838	515067
74840	515069
74842	346798
74843	346799
74844	209566
74845	209567
74846	19080
74847	370207
74848	244876
74849	244877
74850	501230
74851	501231
74852	198618
74853	198619
74854	382902
74855	426440
74858	198667
74859	198668
74860	11890
74861	11891
74862	25944
74863	15184
74864	65339
74865	166687
74866	411695
74867	411696
74868	309004
74869	309005
74870	515054
74871	83099
74872	345026
74873	345027
74874	166338
74875	166339
74876	166340
74877	166341
74878	469803
74879	469804
74880	18754
74881	23479
74882	166344
74883	166345
74884	346757
74885	346758
74886	448173
74887	469822
74888	469823
74889	469824
74890	29237
74891	25900
74892	469925
74893	469926
74894	469927
74895	469928
74896	469929
74897	78958
74898	209597
74899	209598
74900	469802
74901	20550
74902	515091
74903	515092
74904	515093
74905	515094
74906	515095
74907	515096
74908	515097
74909	515098
74910	515099
74911	515100
74912	128852
74913	178185
74914	128854
74915	153129
74916	75614
74917	25045
74918	25047
74919	19879
74920	19894
74921	492777
74922	492778
74923	492766
74924	492779
74925	492780
74926	26984
74927	515086
74929	209663
74930	209664
74931	209665
74932	209666
74933	382900
74934	382901
74935	32155
74936	72925
74937	22564
74938	22567
74939	26449
74940	72289
74941	128831
74942	26462
74943	26463
74944	26464
74945	26467
74946	26469
74947	515053
74949	370550
74950	370551
74951	151916
74953	151918
74955	77679
74956	77652
74957	151920
74959	77613
74960	166060
74961	226464
74962	151922
74964	342192
74965	77614
74966	77653
74967	151924
74993	77626
74994	513474
74995	77827
74996	130692
74997	413632
74998	513473
75000	425812
75001	77659
75002	394169
75003	227014
75004	244212
75005	369827
75006	394171
75007	130680
75008	77620
75009	77624
75010	77683
75011	77642
75012	77674
75013	130689
75014	130694
75015	77646
75016	77622
75017	77663
75018	166056
75019	166064
75020	307846
75021	130684
75022	130690
75023	77654
75024	77647
75025	77655
75026	77676
75027	77635
75028	130678
75029	130686
75030	226462
75031	493176
75032	413633
75033	77609
75034	77682
75035	77668
75036	394172
75037	513475
75038	77681
75039	77648
75040	470425
75041	77629
75042	77630
75043	77664
75044	130681
75045	425813
75046	436938
75047	77618
75048	77623
75051	77616
75052	77680
75053	77628
75054	182976
75055	445797
75057	413635
75058	413636
75059	77828
75060	77677
75061	166063
75062	182978
75063	242053
75064	493178
75065	470424
75066	227013
75067	413631
75068	77632
75069	77625
75070	77645
75071	77669
75072	130677
75073	130685
75075	445794
75076	445799
75077	77657
75078	77666
75079	77619
75080	77673
75081	130687
75082	342193
75084	244216
75085	501523
75086	77675
75087	77656
75088	166062
75089	130693
75090	369572
75091	77636
75092	82166
75093	177741
75095	77671
75096	77678
75097	493177
75098	413634
75099	227012
75100	244213
75101	77621
75102	77661
75103	77672
75104	242054
75105	244211
75106	244214
75107	77617
75108	77660
75109	77667
75110	394173
75111	369811
75112	470332
75113	77611
75114	77662
75115	177742
75116	369829
75118	342195
75119	394170
75120	77658
75121	77640
75122	77650
75123	130688
75124	182977
75125	208807
75126	437181
75127	166061
75128	197572
75129	369828
75130	77670
75131	197571
75132	342196
75133	342194
75134	470331
75135	77633
75136	77643
75137	308534
75138	445795
75139	77615
75140	77665
75141	77644
75142	130683
75143	394174
75144	342191
75145	470251
75146	369826
75147	425811
75148	77638
75149	130682
75150	130691
75151	82165
75152	177740
75153	197573
75154	501522
75155	501521
75156	77639
75157	82167
75158	208808
75159	208809
75160	226463
75161	445798
75162	77684
75163	77631
75164	242052
75165	244215
75166	308533
75167	77651
75168	77637
75169	470333
75195	151926
75200	21767
75201	82064
75203	82065
75204	82066
75205	82067
75206	82068
75207	82069
75209	82090
75210	82091
75211	82092
75212	82093
75213	394789
75215	394791
75216	394792
75219	24509
75223	157383
75224	166087
75225	208647
75226	127435
75227	25633
75228	184959
75234	156823
75235	24288
75236	24288
75237	78004
75238	78005
75239	16294
75240	24291
75241	24292
75242	24293
75243	208400
75244	156640
75245	367547
75246	379737
75247	412364
75248	387081
75249	367551
75250	367552
75251	387082
75252	341945
75253	367555
75255	21565
75256	157591
75257	156816
75258	156898
75259	243494
75260	25837
75261	25841
75262	11111
75263	157664
75264	25843
75265	22318
75266	514627
75267	156177
75268	514627
75269	514627
75270	514627
75271	22321
75272	514627
75273	22352
75274	22353
75275	1980
75276	166791
75277	79265
75278	75723
75279	166794
75280	166795
75281	166796
75282	128094
75283	227953
75284	15971
75286	166764
75287	158464
75288	15975
75289	15977
75290	15978
75291	158350
75292	15981
75293	445700
75294	27886
75295	130207
75296	158022
75297	27888
75298	22962
75300	156837
75301	27889
75302	27891
75303	177811
75304	26267
75305	10868
75306	22956
75307	166911
75308	26386
75309	158003
75310	157080
75311	9689
75312	161696
75313	156823
75314	25348
75315	158596
75316	158597
75317	156823
75318	469237
75319	27347
75320	469239
75321	469240
75322	469241
75323	469242
75324	469243
75325	469244
75326	469245
75327	469246
75328	386952
75329	79431
75330	156107
75331	155418
75332	157563
75333	158047
75334	158048
75335	75946
75336	79432
75337	75948
75338	25721
75339	28049
75340	28051
75341	68411
75342	68412
75343	68413
75344	68414
75345	13500
75346	185010
75347	177817
75350	130165
75351	157861
75353	157863
75354	130166
75355	157864
75356	156837
75357	158478
75358	161629
75359	158479
75360	161630
75361	129884
75362	161631
75363	158908
75364	161601
75365	83464
75366	469254
75367	310178
75368	310179
75369	310180
75370	310181
75371	310182
75372	310183
75374	157361
75375	19219
75376	19220
75377	155623
75378	19237
75379	19240
75380	19242
75381	19244
75382	19247
75383	19291
75385	155070
75386	155071
75387	155072
75388	155469
75389	155073
75390	157074
75391	155074
75393	157077
75394	155947
75395	469281
75397	75729
75398	469284
75399	208395
75400	198856
75401	469287
75402	469288
75403	469289
75404	469182
75405	283741
75406	310388
75407	310389
75408	156839
75410	310392
75411	157741
75412	412329
75413	445536
75414	469277
75415	469278
75417	445540
75418	445541
75419	445542
75420	310529
75421	469279
75422	469280
75423	155029
75424	21818
75425	158274
75426	21821
75427	21822
75428	158119
75429	21586
75430	386887
75431	21589
75432	21590
75433	21591
75434	75836
75435	21593
75436	21594
75437	166454
75438	386973
75439	367449
75440	386975
75441	386976
75442	501105
75443	466167
75444	466167
75445	386980
75446	386981
75448	157589
75449	129971
75450	129972
75451	129973
75452	129974
75453	129975
75454	129976
75455	129977
75456	129978
75457	198458
75458	341878
75459	341879
75460	341880
75461	341881
75462	341882
75463	157302
75464	157307
75465	341885
75466	341886
75467	341887
75468	227930
75469	227931
75470	341874
75471	155192
75472	341876
75473	341877
75474	367582
75475	368013
75476	368014
75477	368015
75478	368016
75479	368017
75480	368056
75481	368057
75482	368058
75483	368059
75484	368060
75485	368061
75486	368062
75487	27408
75488	27410
75489	157678
75491	155418
75492	27414
75493	367582
75494	27417
75495	130023
75496	130024
75497	130025
75498	13758
75499	157827
75500	157828
75501	157829
75502	130030
75503	130031
75504	155729
75505	177810
75506	198824
75507	198825
75508	469333
75509	198827
75510	156816
75511	198829
75512	158022
75513	244205
75514	198832
75515	158478
75516	161648
75517	367930
75518	341765
75520	341767
75521	341768
75522	341769
75523	341770
75524	469269
75525	341772
75526	243745
75527	161669
75528	386789
75529	386790
75530	368138
75531	559041
75532	368140
75533	368141
75534	368142
75535	368143
75536	368144
75537	368145
75538	426962
75539	426963
75540	445261
75541	445262
75542	445263
75544	426968
75545	445265
75546	166817
75547	243607
75548	157303
75549	76505
75550	83554
75553	161605
75554	83556
75555	161605
75558	469228
75559	469229
75560	469230
75561	469231
75562	469232
75563	198871
75564	156597
75566	157307
75567	368098
75568	368099
75569	368100
75570	157307
75571	368102
75572	368103
75573	368104
75574	368105
75575	368106
75576	20812
75578	21907
75579	21908
75580	21909
75581	21911
75582	157891
75583	21913
75584	21914
75586	21933
75587	21935
75590	386771
75591	386772
75592	367543
75593	385546
75594	466167
75595	386776
75596	129970
75597	14524
75598	226040
75599	226878
75600	226820
75602	166468
75603	166469
75604	166470
75605	198878
75606	426816
75607	156837
75608	166815
75609	166816
75610	166817
75611	166818
75612	157363
75613	232612
75614	402101
75615	198927
75616	198933
75617	198860
75618	158029
75619	155697
75620	23562
75621	79433
75622	79434
75623	79435
75624	79436
75625	156345
75626	158027
75628	79272
75629	79273
75630	79274
75631	75957
75632	161644
75633	79276
75635	79277
75636	79278
75637	70715
75638	341865
75639	83495
75640	83496
75641	156346
75642	83498
75643	83499
75644	83500
75645	83501
75646	79568
75647	79569
75648	157670
75649	83398
75650	83399
75651	83400
75652	83401
75653	83402
75654	156481
75655	120791
75656	120792
75657	120793
75658	20361
75659	341914
75660	130252
75661	156897
75662	156898
75663	156709
75664	157404
75665	20418
75666	156348
75667	156107
75668	341999
75669	342000
75671	156947
75673	342004
75674	342005
75675	310256
75676	342007
75677	23544
75678	198780
75679	130244
75680	130245
75681	198781
75682	130247
75683	130248
75684	157409
75685	157409
75686	157409
75687	129894
75688	129895
75689	129896
75690	129897
75691	129898
75692	129899
75693	129900
75694	129901
75695	26950
75696	156709
75697	157303
75698	166817
75699	156712
75700	157305
75702	161696
75703	26293
75704	243638
75705	243639
75706	243569
75707	469182
75708	243642
75709	379742
75711	243645
75714	208395
75715	182835
75716	386916
75717	157850
75718	386918
75719	386919
75720	386920
75721	386921
75722	129993
75723	386923
75724	70447
75725	185046
75726	158339
75727	310065
75728	310066
75729	310067
75730	310068
75731	130086
75732	130087
75733	130088
75734	130089
75735	412343
75736	412344
75737	412345
75738	412346
75739	412347
75740	412348
75741	412349
75742	341892
75743	156712
75744	412352
75745	513368
75752	14288
75753	157305
75754	128558
75755	166868
75756	166869
75757	165633
75758	166871
75763	166876
75764	156448
75765	79395
75766	156449
75767	156449
75768	79397
75769	79398
75770	79399
75771	79400
75772	79401
75773	79402
75775	156625
75777	130219
75779	130207
75780	130220
75781	156628
75782	157360
75784	157157
75785	469343
75786	243604
75787	243760
75788	156837
75789	243762
75792	166469
75793	243766
75794	386937
75795	386938
75796	386939
75797	386940
75798	386941
75799	24906
75800	24908
75801	24910
75802	24912
75803	156345
75804	24913
75806	24915
75807	24916
75808	24917
75809	558936
75810	492976
75811	492975
75812	558940
75813	559000
75814	559001
75815	559002
75816	559003
75817	75727
75818	559005
75819	26399
75820	130044
75821	130045
75822	130046
75823	130047
75824	130048
75825	158469
75826	130049
75827	157307
75828	158290
75829	310691
75830	130222
75831	158291
75832	158292
75833	130223
75834	130181
75836	158294
75837	158295
75838	243799
75839	243800
75840	14524
75841	243802
75842	243803
75843	466167
75844	156850
75846	23713
75847	243808
75848	70460
75850	157300
75851	157361
75853	341867
75855	166911
75856	166912
75857	166913
75858	166914
75859	341867
75860	31922
75861	166917
75863	243497
75864	243498
75865	243499
75866	243500
75867	243501
75868	243502
75869	155417
75870	341937
75871	243498
75872	243506
75873	27296
75874	4714
75875	158890
75876	158621
75877	156805
75878	75729
75879	27303
75880	64492
75881	196795
75883	386973
75888	226117
75889	9749
75890	9750
75891	9751
75892	9752
75893	158006
75894	79372
75895	79373
75896	79374
75897	158036
75898	158036
75899	492999
75900	493000
75901	493001
75902	83578
75903	184162
75904	130207
75905	157394
75906	158022
75907	158469
75908	310274
75909	83583
75910	27244
75911	158696
75912	156816
75913	66545
75914	156596
75915	21565
75916	426870
75917	23346
75918	158876
75919	23349
75920	156467
75921	501701
75922	513208
75926	283737
75927	75182
75928	368006
75929	368006
75930	20794
75931	20796
75932	20797
75934	20800
75935	20802
75936	10871
75937	10873
75938	10875
75939	10876
75940	10877
75941	157151
75942	157152
75943	11488
75944	157153
75945	157154
75946	198874
75947	198875
75948	198876
75949	198877
75950	198878
75951	198879
75952	346830
75953	198881
75954	198882
75955	198754
75958	79414
75959	156949
75960	198759
75961	185019
75962	23077
75963	23080
75964	23082
75965	23084
75966	183717
75967	157300
75968	156640
75969	23088
75970	23090
75971	157300
75972	26625
75973	157159
75974	26628
75975	26630
75976	26632
75977	226060
75978	26640
75979	26641
75980	157213
75981	157087
75984	227872
75985	167019
75988	227876
75989	156107
75990	227878
75991	445290
75992	386873
75995	341995
75996	19907
75997	19908
75998	19910
75999	19912
76000	157395
76001	19917
76002	19919
76003	19921
76004	156362
76005	19948
76006	156835
76007	79292
76008	79293
76009	75947
76010	79294
76011	79295
76012	79296
76013	79297
76014	130106
76015	156837
76016	426941
76017	426942
76018	426943
76019	445448
76020	156837
76021	342007
76023	426948
76024	426949
76025	79335
76026	79336
76027	367991
76028	79338
76029	157619
76030	79339
76031	27158
76032	17279
76033	17278
76034	208553
76035	158290
76036	177822
76037	177823
76038	367582
76039	158022
76040	177811
76041	177827
76042	177811
76043	177827
76044	25845
76045	25846
76046	25847
76047	25848
76048	25247
76049	25851
76050	25852
76051	158109
76052	158110
76053	25854
76054	75703
76055	158298
76056	83588
76060	447545
76061	445209
76062	445210
76063	445211
76064	447548
76065	445213
76066	445214
76067	156837
76069	156502
76071	559068
76072	559069
76073	157302
76074	157307
76075	559072
76076	559073
76077	445586
76078	469214
76079	445588
76080	445589
76081	445590
76082	445591
76083	469215
76084	469216
76085	469217
76086	469218
76087	158007
76088	23579
76089	156454
76090	23581
76091	158008
76092	156837
76093	158010
76094	23317
76095	19366
76096	23584
76097	24852
76098	155202
76099	158422
76100	155245
76101	158419
76102	158420
76103	158421
76104	158422
76105	158423
76106	158424
76107	22293
76108	156805
76109	22296
76110	156806
76111	386895
76112	157348
76113	9921
76114	61791
76116	156648
76117	9784
76118	158001
76119	68392
76120	68393
76121	9788
76122	68394
76123	228011
76124	9791
76125	68396
76126	68397
76127	129891
76128	68360
76129	158110
76130	156590
76131	156355
76132	129914
76133	129893
76134	156356
76135	156107
76136	156358
76137	156384
76138	130123
76140	130207
76141	156375
76142	156376
76145	156379
76146	130127
76147	380009
76148	367568
76149	367569
76150	367570
76151	367571
76152	367572
76153	156362
76154	157307
76155	157302
76156	367576
76157	427024
76158	157307
76159	427026
76160	445577
76161	445578
76162	445579
76163	445580
76164	445581
76165	445582
76166	469224
76167	227956
76168	445585
76169	468918
76170	468919
76171	468920
76172	468921
76173	468922
76174	468923
76175	468924
76176	468925
76177	468926
76178	468927
76179	196795
76180	25605
76181	24440
76182	83430
76183	129902
76185	198917
76186	198918
76187	232229
76188	232230
76189	243495
76190	243496
76191	242574
76192	243598
76193	341867
76194	243600
76195	243601
76196	243602
76197	243603
76198	243604
76199	243605
76200	16964
76201	243607
76202	468948
76204	468950
76205	468951
76206	468952
76207	468953
76208	468954
76209	310389
76210	468956
76211	468957
76212	310348
76213	367547
76214	310350
76216	310352
76217	310353
76218	310354
76219	310355
76220	310356
76221	469131
76222	469132
76223	412332
76224	469134
76225	445510
76226	445511
76227	445512
76228	469135
76229	445514
76230	445515
76231	21296
76232	9609
76233	9610
76234	157152
76235	9612
76236	9613
76238	157152
76239	9615
76240	9616
76241	9617
76242	445677
76245	341830
76246	341831
76247	468976
76248	515708
76249	515709
76250	157365
76251	177819
76252	242595
76253	342010
76254	342011
76255	342012
76256	342013
76257	367431
76258	367020
76259	386813
76260	386814
76261	386815
76262	158870
76263	130182
76264	130183
76265	130184
76266	130185
76267	158871
76268	158872
76269	367936
76270	243523
76271	243524
76272	130102
76273	501117
76275	513245
76276	513246
76277	243747
76279	501105
76280	513249
76282	386981
76283	61791
76284	23609
76285	21393
76286	157910
76287	13797
76288	23613
76289	14288
76290	157305
76291	23615
76292	23616
76293	156348
76294	21895
76295	21897
76296	21898
76297	21899
76298	157409
76299	426754
76300	157560
76301	157561
76302	21903
76303	24962
76304	24963
76305	196795
76306	310408
76307	24966
76308	158876
76309	227956
76310	19910
76311	24971
76312	24972
76313	156447
76314	310242
76315	310243
76316	310244
76317	310245
76318	310246
76319	310247
76320	310248
76321	310249
76322	310250
76323	310251
76324	367886
76325	341948
76326	341949
76327	367887
76328	367888
76329	367889
76330	367890
76331	367891
76332	367892
76333	27671
76334	27672
76335	157826
76336	27674
76337	27676
76338	27678
76339	27679
76340	21636
76341	27682
76342	27684
76343	22724
76344	16294
76345	158001
76346	22815
76347	22816
76348	22817
76349	14524
76350	22821
76351	22822
76352	156362
76353	157969
76355	157715
76356	79291
76357	157711
76358	157714
76359	20800
76360	75906
76361	75907
76362	467987
76363	445216
76364	469219
76365	445218
76366	445219
76367	469220
76368	445221
76369	445658
76370	445223
76371	130249
76372	182835
76373	157850
76374	155075
76375	130250
76376	130251
76377	130252
76378	130253
76379	130254
76380	26331
76381	26332
76382	26339
76383	157086
76384	26341
76385	157087
76386	157088
76387	26345
76388	26347
76389	158000
76390	17282
76391	158339
76392	17285
76393	157770
76394	17287
76395	17290
76396	17291
76397	17292
76398	17297
76399	68376
76400	157140
76401	68377
76402	68378
76403	68379
76404	68380
76405	177807
76406	154914
76407	155155
76408	9719
76409	9720
76410	155156
76411	155157
76412	9723
76413	155565
76414	155562
76415	155160
76416	309059
76417	309057
76418	309065
76419	309063
76420	309055
76421	310237
76422	310238
76423	310239
76424	310240
76425	310241
76426	426751
76427	158634
76428	79391
76429	75846
76430	155020
76431	75860
76432	158632
76433	70426
76434	75848
76435	158634
76436	513229
76437	513230
76438	513231
76439	513232
76440	513233
76441	513235
76442	513234
76443	513236
76444	513237
76445	368004
76446	26551
76447	26552
76448	26553
76449	26554
76450	26555
76451	26557
76452	26559
76453	26563
76454	26010
76455	26012
76456	501070
76460	466191
76461	466192
76462	466193
76463	501082
76464	445199
76465	466376
76466	19990
76467	25742
76468	158908
76469	341867
76470	341868
76471	341869
76472	341870
76474	79414
76475	156949
76476	156640
76477	156893
76478	156894
76479	155984
76480	156896
76481	156897
76482	156898
76483	156899
76484	157162
76485	157200
76486	17316
76487	17319
76488	9819
76489	17320
76490	17331
76491	158024
76492	158534
76493	156837
76494	156702
76495	17335
76496	157619
76497	158298
76498	79310
76499	79311
76501	79312
76502	79313
76503	156702
76504	75716
76505	157409
76506	129959
76507	156703
76508	166399
76509	129961
76510	227947
76511	227948
76512	227949
76513	227950
76514	227951
76516	310169
76517	310170
76518	310171
76519	310172
76520	16275
76521	158560
76522	177810
76523	158294
76524	16278
76525	158295
76526	9744
76527	16282
76528	16284
76529	310419
76530	24321
76534	156830
76535	24329
76536	24330
76537	24331
76538	24332
76539	24333
76540	156412
76541	158006
76542	28058
76543	19356
76544	26882
76545	28061
76546	196795
76547	310408
76548	24917
76549	130073
76550	157833
76551	167122
76553	341817
76554	341818
76555	24617
76556	341820
76557	341821
76558	157850
76559	155075
76560	380024
76561	341825
76562	468901
76563	468902
76564	468903
76565	468904
76566	468905
76567	468906
76568	468907
76569	468908
76570	468909
76571	468910
76572	469257
76573	469258
76574	469259
76575	469260
76576	469261
76577	469262
76578	469263
76579	469264
76580	469265
76581	469266
76582	26098
76583	156838
76584	26099
76585	26100
76586	156945
76587	26103
76588	26105
76589	26107
76590	21984
76591	26111
76592	157307
76593	157302
76597	20103
76598	20108
76599	20109
76600	20110
76601	158001
76602	27950
76603	445623
76604	27953
76605	27955
76606	27957
76607	9684
76608	129950
76609	129951
76610	129952
76611	156177
76612	387046
76613	157850
76614	155418
76615	129954
76616	129955
76617	129956
76618	386704
76619	387039
76620	387040
76622	387042
76623	386971
76624	129914
76625	387040
76626	387046
76627	387047
76630	158425
76631	75717
76632	75718
76633	75719
76634	156601
76635	87975
76637	157405
76638	226072
76639	226073
76640	226074
76641	226075
76642	226076
76643	226077
76644	226078
76645	226079
76646	492930
76647	158282
76648	156837
76650	243630
76651	243631
76652	243632
76653	243633
76654	130116
76655	243635
76656	243636
76657	243637
76658	18336
76659	18337
76660	18338
76661	157395
76662	157301
76663	310309
76665	18342
76666	18346
76667	18347
76668	24364
76669	24365
76670	24366
76671	24367
76672	368107
76673	24368
76674	24369
76675	22922
76676	64453
76677	158474
76678	26702
76679	26704
76680	26705
76681	68343
76682	68344
76683	70445
76684	75858
76685	79340
76686	83584
76687	79341
76688	157306
76689	310543
76690	559029
76691	559245
76693	558983
76694	559033
76695	559034
76696	156350
76697	156502
76698	25721
76699	157230
76700	386895
76701	157232
76702	25729
76703	25731
76704	25732
76705	25733
76706	25734
76707	25735
76708	469019
76709	469020
76710	469021
76711	469022
76712	469023
76713	469024
76715	469026
76716	185019
76717	198772
76718	158425
76719	157963
76720	27367
76721	158464
76722	156495
76723	27369
76724	27371
76725	27374
76726	134013
76727	157361
76729	158377
76730	345921
76732	83523
76733	83524
76734	157361
76735	18537
76736	157566
76737	9394
76738	157566
76739	18540
76740	158003
76741	161696
76742	18550
76743	157496
76744	18554
76745	445496
76746	445497
76747	445498
76748	445499
76749	468928
76750	468893
76751	445502
76752	445503
76753	468929
76754	468930
76755	243547
76756	243548
76757	158774
76758	158775
76759	158776
76760	4714
76761	75729
76762	368141
76763	1965
76764	6319
76765	368140
76766	283737
76767	19411
76768	19421
76769	19422
76770	158294
76771	158294
76773	23713
76774	157513
76775	19530
76776	156346
76777	154871
76778	154872
76779	155598
76780	156899
76781	155964
76783	166390
76784	158491
76785	158492
76786	158493
76787	24222
76788	155053
76789	155888
76790	24230
76791	158353
76792	155569
76793	155570
76794	155571
76795	155572
76796	155573
76797	469309
76798	469310
76799	469311
76800	79343
76801	469313
76802	469314
76803	469315
76804	469316
76805	469317
76806	469318
76808	469024
76810	559040
76811	559041
76812	368140
76813	559106
76815	559045
76816	559046
76817	155418
76818	17279
76819	17278
76820	157307
76821	130207
76822	83385
76823	157036
76824	83386
76825	9643
76826	130207
76827	226060
76828	226061
76829	20932
76830	20934
76831	20935
76832	20938
76833	20939
76834	20941
76835	20942
76836	20943
76837	20944
76838	20946
76840	25548
76841	25549
76842	25551
76843	25552
76844	156443
76845	514627
76846	514627
76847	514627
76848	514627
76849	514627
76850	21800
76851	21802
76852	21803
76853	21804
76854	21805
76856	21807
76857	21813
76858	21814
76859	21815
76860	310150
76861	23234
76862	23235
76863	23237
76864	23238
76865	23239
76866	23250
76867	23252
76868	23253
76869	23255
76870	23256
76872	27582
76873	27584
76874	27586
76875	27588
76876	27589
76877	27591
76878	27592
76879	27593
76880	21297
76881	4793
76882	157730
76883	13977
76884	157732
76885	4796
76886	198965
76887	24312
76888	15493
76889	24314
76890	24315
76891	24316
76892	26227
76893	26228
76894	26229
76895	26230
76896	15493
76897	15501
76898	15503
76899	26532
76900	158024
76901	75182
76902	15728
76903	15729
76904	26405
76905	15731
76906	75801
76907	26075
76908	79291
76909	79289
76910	157404
76911	79290
76912	79271
76913	79291
76914	156362
76915	157969
76916	18941
76917	18943
76918	18944
76919	18946
76920	18955
76921	492980
76922	226118
76923	492982
76924	492983
76925	492984
76926	492985
76927	492986
76928	492920
76929	492988
76930	157300
76931	21012
76932	21015
76933	21017
76934	21018
76935	21019
76936	156727
76937	21021
76938	21022
76939	21023
76940	21025
76941	20352
76942	156565
76943	156566
76944	156567
76945	157307
76946	157302
76947	157199
76948	20357
76949	158800
76950	20358
76951	466167
76954	367424
76955	367425
76956	367426
76957	24906
76958	367428
76959	367429
76960	379749
76961	27283
76962	26051
76963	83413
76964	156836
76965	25912
76966	156837
76967	27289
76968	27290
76969	27293
76970	27295
76971	75828
76972	79430
76973	75830
76974	16954
76975	21199
76976	75366
76977	24572
76979	158883
76980	75832
76981	166899
76982	11111
76983	166912
76984	157033
76985	130118
76987	11111
76988	166912
76989	166907
76990	130118
76991	198901
76992	198902
76993	198903
76994	198904
76995	198905
76996	198906
76997	157850
76998	182835
76999	198909
77000	469225
77001	198812
77002	26399
77003	70455
77004	23092
77006	23095
77007	23096
77008	492975
77009	412196
77010	23110
77011	23111
77012	9643
77013	23114
77014	198893
77015	198894
77016	198895
77017	198896
77018	198897
77019	198898
77020	198899
77021	243545
77022	243546
77023	27063
77024	156702
77025	27018
77026	156381
77027	27019
77028	156348
77029	157199
77030	156948
77031	157200
77033	156837
77034	156934
77035	156935
77036	156936
77038	156938
77039	156939
77040	156940
77041	156941
77042	156942
77043	156943
77044	155287
77045	155288
77046	157870
77047	156177
77048	157872
77049	157873
77050	157874
77051	157875
77053	157877
77054	310212
77055	341865
77056	310214
77057	310215
77058	310216
77059	310217
77063	198856
77064	469188
77065	469189
77066	469190
77067	469191
77068	445696
77069	445137
77070	445138
77071	345921
77072	157304
77073	75843
77084	386722
77085	386723
77086	386724
77087	386725
77088	386726
77089	386727
77090	386728
77091	386729
77092	386730
77093	387040
77094	387025
77095	387026
77096	387027
77097	156836
77098	402327
77099	402328
77100	402329
77101	402330
77102	402331
77103	426905
77104	28119
77105	28120
77106	157612
77107	28121
77109	426754
77110	28122
77111	157826
77112	28123
77113	24924
77115	15749
77116	15750
77117	156838
77118	156838
77119	15752
77120	15753
77121	15754
77122	15755
77123	15756
77124	469095
77125	469096
77126	469097
77127	469098
77128	22853
77129	22856
77130	157307
77131	157302
77132	22859
77133	22860
77134	22861
77135	22862
77136	501700
77137	22865
77139	157741
77140	157826
77141	157743
77142	157361
77143	155999
77144	158002
77145	157747
77146	157748
77147	156707
77148	158002
77149	19620
77150	19621
77151	158003
77152	19624
77153	19625
77154	25966
77155	25967
77156	157302
77157	157303
77158	25969
77159	157304
77160	157305
77161	156587
77162	24329
77163	26950
77164	445291
77165	445292
77166	445293
77167	445294
77168	445295
77169	445296
77170	445297
77171	445298
77172	445299
77173	445300
77175	559145
77176	157361
77177	166400
77178	166401
77179	166402
77180	166403
77181	156362
77182	157969
77183	156991
77184	79291
77185	157711
77186	9618
77187	157382
77188	9620
77189	9621
77190	9622
77193	25034
77194	25035
77195	25039
77196	25041
77197	25046
77198	25048
77199	25049
77200	25053
77201	25054
77202	25055
77203	130057
77204	130058
77205	130059
77206	157302
77207	158294
77208	345432
77209	166926
77210	166503
77211	166504
77212	155623
77213	166505
77215	166932
77216	166933
77220	513337
77227	18322
77228	25421
77229	18325
77230	18326
77231	18327
77232	18328
77233	18329
77234	18330
77235	156705
77236	208405
77237	226024
77238	227847
77239	241685
77240	243587
77241	310679
77242	342101
77243	342102
77244	342103
77245	367953
77246	156431
77248	184659
77249	155729
77250	198856
77251	387060
77252	198856
77253	387062
77254	158022
77255	559008
77256	177810
77258	14515
77259	157395
77260	14516
77261	185011
77262	158036
77263	158036
77264	14520
77265	158727
77266	26854
77267	513247
77268	216639
77269	166501
77270	157853
77271	157854
77272	386755
77273	216638
77274	157856
77275	216613
77276	166848
77277	17606
77278	166850
77279	185042
77280	166816
77281	166853
77283	1990
77284	166912
77285	156597
77286	208411
77287	208412
77288	157771
77289	468695
77290	445518
77291	445519
77292	445520
77293	445521
77294	445522
77295	445523
77296	226049
77297	17850
77298	16959
77299	17862
77300	17863
77301	17992
77302	17993
77303	156609
77304	18029
77305	18030
77306	18031
77307	27596
77308	27597
77309	27598
77310	27599
77311	27603
77312	27606
77313	27608
77314	27610
77315	27611
77316	27612
77317	158803
77318	154913
77319	154914
77320	154915
77321	154915
77322	154917
77323	154918
77324	154919
77325	154920
77326	154921
77327	79414
77328	198865
77330	198867
77331	198868
77332	198869
77333	166816
77334	198871
77335	198872
77336	198873
77337	559177
77339	501052
77340	501053
77341	501054
77344	466163
77345	466164
77346	386955
77347	309510
77348	310590
77349	310591
77353	310595
77354	310596
77355	310597
77356	310598
77357	27894
77358	27896
77359	27898
77360	27900
77361	27901
77362	60545
77363	60546
77364	60547
77365	60548
77366	68345
77367	157357
77368	22142
77369	22144
77370	22145
77371	22146
77372	23682
77373	23684
77374	23685
77375	156355
77377	185011
77378	342025
77379	23707
77380	23708
77381	426819
77382	156703
77383	19990
77384	19993
77385	19994
77386	130116
77387	20026
77388	185033
77389	20027
77390	342024
77391	342025
77392	342026
77393	342027
77394	342028
77395	342029
77396	342030
77397	342031
77398	342032
77399	367875
77400	134013
77401	368076
77402	368077
77403	368078
77404	368079
77405	368080
77406	368081
77407	368082
77408	368083
77409	368084
77410	501032
77411	501033
77412	130206
77413	21644
77414	21645
77415	156467
77416	21647
77417	156468
77418	21650
77419	156469
77420	20743
77421	14524
77422	156946
77423	18432
77424	18433
77425	75939
77426	367929
77427	158066
77428	13758
77429	70459
77430	68375
77431	185011
77432	185011
77433	27371
77434	157302
77435	79327
77436	79328
77437	216607
77439	232235
77440	232271
77441	232223
77442	7709
77443	243727
77444	243748
77445	156837
77446	243730
77447	156837
77448	243745
77449	559049
77450	559050
77451	559051
77452	559052
77453	559053
77454	559054
77457	341910
77458	156362
77459	158022
77460	177807
77461	341914
77462	130252
77463	157302
77464	341917
77465	341918
77466	341919
77467	25594
77468	157162
77469	196795
77470	513291
77471	445195
77472	513294
77473	445197
77475	445199
77476	501054
77479	466161
77480	466160
77482	513293
77483	513294
77484	513295
77486	513297
77487	513298
77490	466161
77491	426982
77492	469065
77493	469066
77494	469067
77495	513364
77496	513365
77497	513366
77498	156447
77499	122637
77500	122638
77501	122639
77502	185016
77503	122640
77504	122641
77505	122642
77506	166858
77510	513245
77511	513246
77512	243747
77514	447543
77515	243747
77517	492896
77518	492897
77519	492898
77520	492899
77521	492900
77522	492901
77523	492902
77524	492903
77525	492904
77526	492905
77527	23678
77528	15230
77529	15231
77530	15472
77531	15475
77532	15477
77533	157528
77534	243665
77535	15490
77536	15491
77537	310377
77538	310378
77539	310379
77540	310380
77541	310381
77542	310382
77544	310254
77545	310385
77546	310386
77547	310489
77548	310490
77549	310491
77550	310492
77551	310493
77552	310494
77553	310495
77554	310496
77555	310497
77556	310498
77557	20171
77558	20172
77559	20173
77564	158001
77565	20183
77566	20184
77567	130234
77568	341698
77569	341699
77570	341700
77571	385033
77572	386859
77573	367096
77574	380015
77575	244430
77576	127402
77577	380018
77578	310455
77579	310456
77580	310417
77581	310458
77582	310459
77583	310460
77584	367582
77585	310462
77587	310404
77588	16962
77589	227943
77590	227944
77591	227945
77592	227946
77593	227947
77594	227948
77595	227949
77596	227950
77597	227951
77598	20804
77599	20806
77600	20807
77601	20808
77602	20809
77603	20810
77604	17058
77605	177807
77606	156336
77607	17142
77608	17144
77609	17146
77610	17148
77611	17159
77612	17161
77613	158037
77614	79251
77615	79252
77616	79253
77617	83519
77618	226059
77619	227929
77620	310161
77621	310162
77622	227828
77623	227829
77624	227830
77625	227831
77626	227832
77627	227833
77628	227834
77629	227835
77630	227836
77631	227837
77632	79291
77634	156898
77636	157252
77637	310309
77638	83517
77639	83518
77640	134013
77641	9640
77642	9641
77643	9642
77644	9643
77645	9644
77646	158295
77647	9646
77648	9647
77649	9648
77650	24250
77651	24253
77652	24254
77653	24256
77654	28148
77655	68125
77656	28150
77657	28151
77658	156384
77659	22399
77660	22403
77661	156823
77662	27696
77663	27441
77664	27443
77665	27445
77666	61790
77667	156706
77668	156707
77669	156949
77670	27449
77671	243516
77672	243692
77673	243510
77674	243511
77676	243513
77677	156837
77679	243516
77680	243517
77681	412245
77682	367582
77683	412247
77684	412248
77685	412249
77686	412250
77687	412251
77688	412252
77689	412253
77690	412254
77691	425739
77692	425740
77693	425741
77694	367471
77695	412265
77696	425744
77697	425713
77698	425746
77700	25975
77701	25976
77702	15765
77703	25977
77704	25978
77705	156465
77706	25979
77707	25980
77708	25981
77709	26924
77710	342105
77711	23875
77712	26926
77713	26928
77714	26930
77715	157340
77716	157340
77717	158034
77718	26936
77719	20432
77720	20433
77721	20434
77722	20435
77723	157300
77724	157301
77725	20436
77726	20437
77727	20438
77728	20439
77729	9793
77730	157307
77731	9795
77732	166911
77733	15731
77734	368102
77735	368035
77736	310563
77737	310413
77738	368038
77739	157301
77740	368040
77741	310048
77742	368042
77743	18974
77744	18976
77745	18978
77746	18980
77747	18983
77748	20800
77749	18991
77750	18992
77751	18994
77752	18995
77753	27378
77754	27380
77755	27381
77756	27382
77757	27385
77758	27386
77759	27388
77760	27389
77762	27390
77763	70453
77764	158632
77765	79270
77766	79291
77768	130252
77769	157302
77770	155418
77771	75868
77772	75869
77773	79271
77774	177830
77775	185022
77776	185023
77777	232186
77778	232187
77779	232188
77780	23535
77781	9793
77782	9795
77783	23537
77784	23538
77785	158876
77786	23539
77787	23540
77788	208553
77789	23543
77790	26653
77791	26654
77792	26655
77793	26656
77794	26658
77795	26659
77796	26660
77797	26661
77798	26662
77799	157307
77800	14524
77801	68434
77802	155720
77803	68435
77804	68436
77805	68437
77806	68438
77807	68439
77808	129914
77809	23682
77810	558956
77811	558957
77812	558958
77813	558959
77814	558960
77815	558961
77816	559136
77817	558963
77819	558965
77820	158529
77821	158530
77822	469064
77823	386794
77824	386795
77825	157305
77826	386797
77827	386798
77828	384286
77830	386801
77831	386984
77832	158022
77833	386986
77834	386987
77835	386988
77836	157307
77837	386990
77838	135513
77839	386992
77840	386993
77841	75916
77842	75953
77843	75918
77844	75954
77845	341701
77846	75956
77848	75957
77849	79413
77850	79414
77851	177818
77857	158377
77858	157361
77859	83540
77860	83541
77861	25782
77862	21313
77863	25784
77864	158471
77865	25788
77866	25789
77867	25790
77868	25792
77869	157501
77870	185016
77871	227987
77872	227988
77873	14201
77874	227990
77875	227991
77876	227992
77877	227993
77878	26029
77879	227995
77880	469247
77881	469248
77883	469250
77884	469251
77887	469254
77888	469255
77889	469256
77891	21039
77892	21040
77893	21042
77894	21044
77895	21049
77896	21064
77897	21066
77898	21067
77899	21069
77900	21070
77911	157685
77912	157686
77913	155789
77914	157688
77916	157307
77917	157308
77918	83525
77919	158001
77920	83526
77921	157307
77922	157302
77923	157312
77924	157313
77925	341702
77926	347998
77927	341704
77928	341925
77929	412283
77930	341707
77931	341708
77932	75870
77933	166789
77934	177810
77945	157810
77947	22955
77948	22956
77949	22958
77950	22959
77951	22962
77952	22964
77953	22965
77954	14084
77955	226063
77956	208363
77957	208364
77958	208365
77959	158290
77960	226065
77961	226066
77962	158024
77963	310680
77964	157526
77965	9646
77966	310681
77967	157526
77968	9646
77969	158207
77970	185009
77971	243787
77972	158022
77973	24175
77974	24176
77975	158206
77976	24213
77977	24214
77978	24217
77979	24218
77980	24219
77981	24220
77982	24221
77983	184642
77984	184643
77989	75908
77990	157302
77991	75909
77992	156383
77993	156384
77996	75870
77998	75910
77999	369498
78000	310424
78001	310503
78002	157714
78003	310505
78004	14533
78005	310507
78007	310509
78008	310510
78009	26722
78010	26723
78011	17835
78012	158461
78013	26729
78014	158290
78015	26731
78016	26734
78017	26738
78018	26741
78019	157307
78020	75742
78021	79440
78022	79441
78023	75745
78024	75693
78025	75695
78026	158071
78027	75746
78028	75747
78031	198773
78032	198774
78033	198775
78034	198776
78036	198778
78037	198779
78038	469192
78039	469193
78040	469194
78041	469195
78042	469196
78043	469197
78044	445482
78045	469198
78046	445484
78047	445301
78048	445302
78049	445303
78050	445304
78051	445305
78052	445306
78053	445307
78054	445308
78055	445309
78056	445310
78057	157264
78058	156456
78059	130207
78060	156640
78061	341894
78062	158628
78063	130207
78064	156462
78065	14524
78066	155418
78067	21495
78068	158773
78069	21498
78070	21499
78071	157210
78072	21525
78073	21526
78074	21528
78075	21529
78076	466160
78078	513304
78079	466169
78080	513306
78081	466171
78082	386955
78083	513309
78085	513311
78086	9747
78087	156362
78088	166505
78089	341867
78091	468965
78092	469182
78093	166436
78094	157302
78095	157307
78096	232612
78097	166440
78098	445225
78099	445226
78100	445227
78101	445228
78102	445229
78103	445230
78104	445231
78105	445452
78108	25270
78109	21187
78110	25273
78111	25274
78112	25275
78113	25276
78114	25277
78115	25280
78116	156384
78117	158461
78118	243665
78119	243666
78120	243667
78121	243668
78122	243669
78123	243670
78124	243671
78125	243672
78126	17315
78127	243674
78128	158800
78129	158452
78130	158453
78131	155201
78132	156130
78133	156131
78134	243519
78135	20328
78136	158458
78137	20350
78138	185016
78140	157361
78141	130136
78142	158377
78143	345921
78145	558942
78146	558943
78147	558944
78148	558945
78149	558946
78150	558947
78151	558948
78152	558949
78153	558950
78154	558951
78155	157307
78156	341865
78157	513360
78158	513361
78160	513363
78161	513361
78162	513366
78165	513274
78166	513275
78167	445699
78168	445535
78170	21210
78171	21211
78172	21213
78173	21214
78174	21216
78175	21217
78176	21220
78177	21229
78178	21232
78179	177817
78180	208803
78181	226039
78182	158295
78183	27748
78184	27753
78185	226039
78186	27756
78187	25733
78188	27758
78189	158063
78190	8112
78191	9408
78192	158066
78193	28157
78194	28159
78195	28161
78196	28163
78197	28165
78198	155551
78199	155552
78200	155553
78201	68404
78202	158070
78204	227922
78205	227953
78206	227953
78209	227927
78210	227928
78211	469181
78212	445685
78213	469001
78214	469002
78215	469003
78216	469004
78217	469005
78218	469263
78219	469007
78220	469008
78221	27263
78222	27265
78223	27267
78224	27270
78225	27272
78226	27273
78227	27274
78228	157401
78229	27276
78230	27279
78231	155568
78232	155378
78233	2584
78234	155380
78235	155381
78236	155382
78237	155383
78238	155384
78239	158020
78240	158021
78241	226045
78242	226046
78243	310649
78244	342057
78245	83454
78246	26227
78247	158294
78248	83455
78249	83456
78250	83457
78251	83458
78252	216609
78253	158008
78254	157305
78255	310079
78256	310080
78257	341862
78258	310082
78259	310083
78260	310084
78261	310085
78262	310086
78263	310087
78264	310088
78265	157526
78266	157213
78267	79291
78268	226049
78269	157215
78270	25985
78271	25986
78272	25987
78273	25988
78274	25989
78275	445306
78276	25733
78278	156949
78279	156837
78280	166754
78281	469182
78282	166756
78283	157302
78284	157307
78285	166759
78286	166760
78287	166817
78288	166762
78289	198860
78290	243648
78291	243649
78292	243650
78293	243651
78294	243652
78295	243653
78296	469182
78297	243655
78298	243656
78299	157082
78300	75822
78301	155340
78302	75824
78303	75825
78304	158621
78305	75697
78306	75826
78307	75827
78308	11709
78309	185033
78310	198873
78311	161613
78312	412399
78313	513326
78314	120794
78315	120795
78316	120796
78317	120797
78318	83479
78319	83480
78320	83481
78321	492930
78322	158339
78323	202558
78325	466176
78326	513245
78327	513246
78328	513249
78330	348580
78331	466167
78333	342323
78334	14325
78335	14463
78336	14483
78337	14496
78338	156837
78339	156643
78340	156643
78341	14508
78342	158022
78343	14510
78344	157307
78345	157302
78346	177848
78347	177849
78348	158001
78349	177851
78350	157307
78351	157302
78352	177854
78353	156384
78354	23775
78355	23776
78356	157394
78357	79322
78358	310657
78359	310658
78360	310659
78361	310660
78362	310661
78363	310503
78364	310663
78365	310664
78366	310665
78367	310666
78368	75947
78369	79342
78370	75860
78371	75681
78372	157330
78373	75683
78374	157331
78375	75684
78376	243513
78377	79343
78378	208401
78379	185013
78381	185015
78382	185016
78383	185017
78384	208403
78385	185019
78386	82751
78387	208389
78388	310731
78389	310416
78390	310733
78391	310734
78392	158023
78393	310736
78394	310737
78395	310738
78396	310739
78397	310740
78398	157409
78399	21571
78400	21572
78401	21574
78402	161669
78403	21577
78404	156442
78405	23317
78406	21580
78407	156443
78408	166505
78409	157264
78410	167024
78411	167025
78413	468965
78414	167028
78415	493046
78416	166816
78417	368044
78418	21027
78419	152955
78420	21030
78421	79262
78422	79263
78424	79265
78425	79266
78426	79291
78427	79267
78428	156107
78429	79268
78430	79269
78431	445608
78432	445609
78433	445641
78434	445611
78435	445612
78436	445613
78437	445614
78438	445615
78439	445616
78440	445617
78441	469100
78442	469101
78444	469103
78445	469104
78446	513386
78447	469250
78448	469107
78449	469108
78450	469109
78451	310741
78452	310419
78453	13758
78454	158294
78456	310746
78457	445134
78458	368027
78459	368129
78460	184959
78461	412315
78462	307622
78463	412317
78464	412318
78465	412319
78466	341865
78467	412321
78468	412322
78469	412323
78470	412324
78471	14080
78472	14081
78473	185033
78474	14084
78475	14085
78476	20949
78477	20951
78478	156825
78479	156352
78480	156825
78481	20955
78482	20956
78483	20957
78484	342095
78485	156826
78486	19112
78487	130207
78488	19121
78489	19122
78490	19123
78491	19124
78492	19125
78493	19126
78494	19128
78495	157308
78496	445603
78497	157307
78498	157302
78499	445604
78500	445605
78501	445606
78502	445607
78503	156823
78504	310256
78505	426816
78506	445413
78507	445414
78508	445415
78509	445416
78510	445417
78511	445418
78512	445419
78513	445420
78514	158024
78515	445422
78516	23754
78517	384613
78518	310345
78519	384613
78520	310347
78521	341790
78522	341791
78523	183717
78524	129917
78525	129918
78526	129919
78527	129920
78528	129921
78529	129922
78530	129923
78531	129924
78532	129925
78533	157719
78534	79563
78535	79564
78536	83409
78537	158132
78538	11271
78539	79566
78540	158134
78541	26399
78542	130207
78543	156702
78544	157307
78545	157308
78546	83542
78547	158001
78548	83543
78549	157307
78550	157302
78551	157312
78552	158083
78553	83544
78554	412190
78555	412191
78556	412192
78557	412193
78558	412194
78559	412195
78560	412196
78561	412197
78562	412198
78563	412199
78564	469187
78565	493005
78566	493006
78567	492932
78568	492931
78569	492930
78570	493010
78571	492932
78572	492932
78573	492930
78574	24576
78575	24577
78576	24578
78577	24579
78578	24581
78579	24591
78580	19553
78581	21039
78582	24593
78584	208799
78585	492931
78586	426943
78587	28026
78588	27166
78589	158006
78590	166789
78591	166454
78593	412277
78594	156030
78595	156031
78596	156032
78597	157959
78598	155090
78599	155091
78600	155092
78601	156037
78602	156038
78603	158655
78604	27131
78605	155694
78606	155415
78607	155696
78608	155697
78609	445593
78610	158544
78611	158464
78612	155701
78613	155702
78614	79279
78615	79280
78616	166441
78617	79282
78618	79283
78619	79284
78620	79285
78621	79286
78622	79287
78623	79288
78625	198920
78629	157303
78632	198927
78634	61791
78636	157080
78637	15763
78638	15764
78639	15765
78640	15767
78641	15768
78642	15771
78643	13797
78644	156465
78645	24598
78646	24599
78647	24600
78648	24601
78649	157853
78650	24609
78651	18277
78652	18277
78653	18277
78654	21958
78655	157497
78656	21971
78657	21973
78658	21974
78659	21975
78660	79298
78661	21977
78662	21978
78663	21979
78664	445121
78665	445122
78666	426849
78667	19340
78668	445123
78669	426852
78670	426853
78671	445124
78672	445125
78673	445126
78674	492919
78675	492920
78676	492921
78677	492922
78678	492923
78679	492924
78680	492925
78681	492926
78682	492927
78683	14201
78684	156358
78685	156702
78686	468965
78687	157305
78688	14288
78689	14291
78690	243665
78691	208799
78692	158258
78693	25606
78694	158001
78695	25609
78697	25611
78698	25612
78699	25613
78700	61801
78701	25616
78702	157195
78703	341688
78704	341689
78705	341690
78706	341937
78707	341692
78708	341693
78709	341694
78710	341695
78711	341696
78712	161696
78713	380083
78714	157361
78715	367474
78716	367475
78717	367476
78718	157853
78719	367478
78720	367479
78722	129970
78724	513241
78725	466289
78727	501052
78728	466160
78729	466161
78731	466163
78732	466164
78733	310622
78734	466166
78735	466167
78737	466169
78738	466170
78739	466171
78740	466172
78741	466173
78742	466174
78743	310191
78744	310192
78745	310193
78746	157302
78747	310195
78748	310455
78749	341888
78750	310198
78751	310199
78752	23870
78753	23872
78754	23874
78755	23875
78756	157395
78757	23876
78758	23878
78759	23879
78760	158628
78761	23880
78762	75838
78763	23317
78764	156107
78765	79575
78766	157563
78767	79576
78768	75677
78770	83362
78771	83363
78772	157302
78773	227943
78774	243590
78775	243591
78776	243592
78777	243593
78778	243594
78779	243595
78780	243596
78781	243597
78782	17628
78783	197290
78784	156752
78785	157294
78786	17634
78787	17664
78788	17665
78789	17666
78790	17668
78791	17670
78792	366166
78795	366136
78796	366166
78799	366162
78801	366164
78803	18961
78804	18963
78805	18965
78806	18966
78807	18967
78808	18968
78809	18970
78810	18971
78811	26131
78812	26133
78813	156946
78814	26135
78815	26136
78816	26137
78817	26138
78818	26141
78819	26144
78820	469063
78821	155760
78822	198875
78823	24145
78824	24147
78825	24148
78826	156348
78827	24149
78828	24150
78829	24151
78830	341826
78831	341827
78832	341828
78833	466288
78834	156502
78835	366151
78836	366152
78837	366153
78838	366154
78839	243567
78840	158022
78841	243569
78842	243570
78843	130116
78844	243572
78845	243573
78846	426904
78848	6466
78850	74883
78851	450076
78852	24523
78853	24575
78854	24589
78855	24603
78856	29783
78858	29790
78859	29793
78860	29798
78861	29804
78862	29808
78877	31582
78879	31589
78880	216679
78881	27278
78883	27294
78884	27306
78885	27315
78886	27328
78887	199400
78889	199401
78892	152116
78894	152118
78895	152119
78896	152120
78897	152121
78898	79431
78900	80364
78901	32620
78903	151846
78905	151848
78906	151849
78907	151850
78911	29910
78918	413730
78920	413732
78921	413733
78922	413734
78923	413735
78924	413736
78925	82117
78927	82118
78929	82119
78930	82120
78931	82121
78933	82122
78934	82123
78942	427137
78945	471388
78961	311017
78963	29322
78965	29332
78967	29342
78969	29349
78970	29353
78971	29358
78972	29365
78973	29369
78974	29375
78975	427108
78977	427110
78978	427111
78979	427112
78980	427113
78981	427114
78982	31640
78983	450352
78984	450353
78985	450354
78986	450355
78987	450356
78988	450357
78989	450358
78990	450359
78991	450360
78992	450361
79000	226693
79003	366333
79004	16564
79006	16568
79007	16574
79008	16580
79009	20637
79010	16588
79011	16615
79017	24110
79019	24116
79020	24125
79021	24127
79022	24155
79030	29753
79035	29778
79037	151939
79040	151943
79047	471488
79049	471490
79050	471491
79051	471492
79052	471493
79053	31628
79055	17156
79059	18051
79061	82071
79063	82072
79064	82073
79065	82074
79067	82075
79068	82076
79069	82077
79070	82078
79072	82079
79073	82080
79074	394778
79076	394775
79077	394777
79078	243575
79079	17278
79080	75828
79085	341768
79089	184959
79092	157303
79095	11330
79096	11331
79097	197291
79098	76505
79104	67776
79105	67778
79106	62467
79107	67782
79108	66309
79109	66310
79154	446363
79155	446364
79181	243340
79182	184230
79183	166074
79184	284125
79185	127452
79186	127453
79187	127454
79188	166075
79189	127455
79190	411863
79191	127451
79192	227164
79193	225371
79194	345051
79195	243314
79196	446199
79197	368316
79241	225362
79242	225363
79243	225364
79244	225365
79245	225366
79246	225367
79291	31447
79292	5542
79293	31451
79294	5546
79295	5548
79296	5550
79413	32909
79414	5604
79415	32911
79416	5608
79417	12572
79418	32907
79469	368318
79470	368319
79471	368320
79472	368321
79473	368322
79474	368323
79621	368326
79623	243240
79625	345311
79627	492666
79629	227197
79631	243241
79633	284128
79636	368327
79683	77728
79684	77729
79685	77730
79686	77731
79687	77732
79688	77733
79900	198442
79901	184227
80001	513427
80002	436456
80003	501416
80004	425974
80005	467397
80032	25334
80033	25339
80034	25343
80035	18158
80036	25351
80037	25354
80068	152082
80069	152084
80070	20374
80071	152086
80072	152087
80073	370666
80075	370668
80076	370669
80077	370670
80078	348979
80079	370671
80080	242554
80081	370672
80082	348980
80083	413804
80085	413806
80086	413807
80088	450520
80090	450522
80091	450523
80092	450524
80093	450525
80094	450526
80095	471445
80097	471447
80105	349015
80111	21485
80112	31603
80113	82110
80115	82111
80117	82112
80118	82113
80119	82114
80120	82115
80122	82116
80124	32607
80128	19995
80130	516407
80138	31578
80143	24322
80145	24337
80146	24344
80147	24352
80148	24357
80149	190127
80159	13878
80163	73830
80165	73836
80171	21884
80173	26836
80175	26846
80176	26862
80177	26881
80178	26896
80179	196932
80181	196933
80182	196934
80183	196935
80184	19942
80185	196936
80186	122678
80213	21781
80215	24034
80253	31635
80254	20107
80255	20122
80256	8085
80257	20149
80258	8089
80399	127428
80400	127430
80401	127429
80402	127432
80403	127431
80404	127433
80624	501445
80625	78006
80626	78007
80627	501447
80628	501449
80629	501451
80630	501453
80631	501455
81073	78008
81074	78009
81075	78010
81076	78011
81077	78012
81078	78013
81079	165994
81080	165995
81081	165996
81082	165997
81083	165998
81084	165999
81085	166000
81086	166001
81087	166002
81088	166003
81090	129794
81092	129796
81094	129798
81096	129800
81098	129802
81100	413184
81105	129813
81106	129814
81107	129815
81108	129816
81109	129817
81110	129818
81111	129819
81112	129820
81113	129821
81114	129822
81115	232490
81116	232491
81117	232492
81118	232493
81119	232494
81120	232495
81121	232496
81122	232497
81123	232498
81124	232499
81125	232519
81126	232520
81127	232521
81128	232522
81129	232523
81130	232524
81131	232525
81132	232526
81133	232527
81134	232528
81135	232529
81136	232530
81137	232531
81138	232532
81139	232533
81140	232535
81141	283696
81142	283697
81143	283698
81144	283699
81145	283700
81146	283701
81147	283702
81148	283703
81149	283704
81150	283732
81151	437256
81152	437258
81153	437228
81154	437230
81155	437232
81156	437234
81157	437236
81158	468719
81159	468720
81160	468721
81161	468722
81162	468723
81163	468724
81164	468725
81165	468726
81166	468727
81167	468728
81168	468729
81169	468730
81170	468731
81171	468732
81172	468733
81173	468734
81174	468735
81175	468736
81176	129672
81177	129673
81178	129674
81179	129675
81180	129676
81181	129677
81182	129678
81183	129679
81184	129680
81185	129681
81186	152679
81187	208844
81188	152681
81189	208846
81190	23715
81191	208847
81192	208848
81193	152685
81194	152686
81195	152687
81196	208849
81197	208850
81198	208851
81199	208852
81200	208853
81201	208854
81202	225957
81203	225959
81204	225961
81205	225963
81206	225965
81207	225918
81208	225920
81209	225922
81210	225924
81211	225926
81213	227713
81214	227715
81215	227717
81216	227719
81217	227721
81218	227723
81219	227724
81220	227725
81221	227727
81222	227729
81223	368377
81224	368378
81225	368379
81226	368380
81227	368381
81228	368382
81229	368383
81230	368384
81231	368385
81232	368386
81233	413167
81234	413168
81235	413169
81236	413170
81237	413171
81238	413172
81239	413173
81240	413174
81241	413175
81242	413176
81243	468669
81244	468670
81245	468671
81246	468672
81247	468673
81248	468674
81249	468675
81250	468676
81251	468677
81252	468688
81253	468625
81254	468626
81255	468627
81256	468628
81257	468629
81258	468630
81259	468631
81260	468632
81261	468633
81262	468634
81263	11770
81264	11771
81265	11772
81266	11773
81267	11774
81268	11775
81269	11776
81270	11777
81271	11778
81272	11779
81273	11780
81274	11781
81275	11782
81276	11783
81277	11784
81278	11785
81279	11786
81280	11787
81281	10025
81282	11758
81283	11761
81284	11762
81285	11763
81286	11764
81287	11765
81288	11766
81289	11767
81290	11768
81291	197701
81292	197702
81293	197703
81294	197704
81295	197705
81296	197706
81297	197707
81298	197708
81299	197709
81300	197710
81301	468705
81302	468706
81303	468707
81304	468708
81305	468709
81306	468710
81307	468711
81308	468712
81309	468713
81310	468714
81317	129693
81321	177760
81322	177762
81323	177764
81324	177766
81325	177768
81326	177770
81327	177772
81328	177774
81329	177776
81330	242623
81331	129793
81332	129795
81333	129797
81334	129799
81335	129801
81336	129802
81346	177778
81347	177779
81348	177780
81349	177781
81350	177782
81351	177783
81352	177784
81353	177785
81354	177786
81355	177787
81356	197685
81357	385149
81358	197687
81359	197688
81360	197689
81361	197690
81362	197691
81363	197692
81364	197693
81365	197694
81366	197695
81367	197696
81368	197697
81369	197698
81370	197699
81371	197700
81372	208947
81373	208948
81374	208949
81375	208950
81376	208951
81377	208952
81378	208953
81379	208954
81380	208955
81381	208956
81382	208957
81383	208958
81384	208959
81385	208960
81400	426021
81402	426023
81403	426024
81404	426025
81405	426026
81406	152644
81407	152645
81408	152646
81409	226886
81410	152667
81411	468690
81412	152669
81413	152670
81414	152671
81415	152672
81416	152673
81417	152674
81418	152675
81419	152676
81458	368407
81459	368408
81460	368409
81461	368410
81462	368411
81463	413199
81464	413200
81465	413201
81466	413202
81467	413203
81478	152648
81479	437229
81480	152650
81481	152651
81482	152652
81483	152653
81484	152654
81485	152655
81486	152656
81487	226887
81497	347654
81498	347655
81499	347656
81500	347657
81501	347658
81502	385179
81503	385180
81504	385181
81505	385182
81506	385183
81507	165979
81508	165980
81509	165981
81510	165982
81511	165984
81512	165985
81513	165986
81514	165987
81515	165988
81516	165989
81517	165990
81518	165991
81519	165992
81520	165993
81521	225980
81522	225982
81523	225984
81524	225986
81525	225988
81526	225990
81527	225992
81528	225994
81529	225996
81530	385192
81531	385193
81532	385194
81533	385195
81534	385196
81535	385197
81560	74862
81562	74864
81564	74866
81566	74868
81568	74870
81570	74872
81572	75143
81574	75145
81576	75147
81578	243971
81579	243972
81580	243973
81581	243974
81582	243975
81583	243976
81584	243977
81585	243978
81586	243979
81587	243980
81588	348685
81589	348686
81590	348687
81591	348688
81592	348689
81593	348658
81594	348659
81595	348660
81596	348661
81597	348662
81598	348663
81599	348664
81600	348665
81601	348666
81602	348669
81603	385170
81604	385171
81605	385172
81606	385173
81607	385174
81608	385175
81609	385176
81610	385177
81611	385178
81617	227712
81618	208826
81619	208827
81620	208828
81621	208829
81622	208830
81623	208831
81624	208832
81625	208833
81626	208834
81627	208835
81628	208836
81629	208837
81630	208838
81631	208839
81632	208840
81633	208841
81634	208842
81635	208843
81636	242614
81638	165947
81639	165948
81640	165949
81641	165950
81642	165951
81643	165952
81644	165953
81645	165954
81646	165955
81647	165956
81648	165957
81649	165958
81650	165959
81651	165960
81652	165961
81653	165962
81654	165963
81655	165964
81664	468745
81665	468746
81666	468747
81667	468748
81668	468749
81669	468750
81670	468751
81671	468752
81672	468753
81673	468754
81674	468755
81675	468756
81676	468757
81677	468758
81678	468759
81679	468760
81680	468761
81681	468762
81682	385148
81683	385149
81684	385150
81685	197688
81686	385152
81687	197690
81688	385154
81689	197692
81699	413176
81700	197711
81701	197712
81702	197713
81703	197714
81704	197715
81705	197716
81706	197717
81707	197718
81708	197719
81709	426032
81710	244039
81711	244040
81712	244041
81713	244042
81714	244043
81715	244044
81716	244045
81717	244046
81718	244047
81719	244048
81720	243981
81721	243982
81722	243983
81723	243984
81724	243985
81725	243986
81726	243987
81727	243988
81728	243989
81729	243990
81740	159363
81742	159365
81744	159367
81746	159369
81748	159371
81750	159373
81752	20113
81754	20125
81759	20201
81764	21876
81766	152070
81768	152072
81769	152073
81770	6467
81771	6468
81772	6469
81773	6470
81774	6471
81775	6472
81776	6473
81777	6474
81778	6475
81779	6476
81780	6477
81781	6478
81782	6479
81783	6480
81784	152074
81785	447383
81786	447384
81787	77779
81788	77780
81789	77781
81790	77782
81791	77783
81792	156869
81793	77784
81794	156981
81795	152075
81796	17509
81797	17296
81798	128963
81799	129005
81800	15996
81801	166334
81802	184022
81803	184023
81804	26909
81806	184024
81807	19157
81808	20876
81809	20879
81810	18184
81812	20886
81813	82630
81814	16059
81815	64410
81816	64411
81817	16936
81818	64431
81819	19445
81820	19446
81821	412039
81822	412040
81823	412041
81824	412042
81825	128991
81826	21335
81827	14941
81828	368405
81829	15095
81830	447332
81832	64436
81833	16097
81834	18075
81835	470429
81836	447432
81837	128976
81838	16110
81839	470568
81840	470569
81841	129052
81842	197091
81843	128996
81844	64530
81845	17858
81846	17861
81847	64570
81848	64403
81849	197092
81850	242819
81851	242820
81852	197095
81853	197096
81854	447393
81855	447394
81856	447395
81857	447396
81858	447397
81859	447398
81860	284166
81861	21164
81862	21332
81863	129036
81864	20018
81865	447300
81866	64419
81867	17720
81868	19801
81869	20331
81870	20332
81871	20333
81872	367044
81873	77773
81874	64423
81875	128974
81876	17250
81877	284156
81879	447391
81880	64473
81881	64577
81882	17774
81883	17775
81884	17777
81885	284172
81886	64572
81887	64413
81888	64414
81889	18066
81890	18068
81891	18985
81892	18987
81893	19391
81894	19414
81895	19415
81896	19443
81897	412049
81898	412050
81899	412051
81900	412052
81901	242462
81902	128982
81903	128983
81904	64531
81905	64532
81906	64533
81907	284169
81908	82677
81909	157364
81910	82679
81911	82680
81912	82681
81913	82682
81914	129046
81915	64471
81916	64472
81917	17512
81918	284178
81919	12332
81920	12337
81921	129010
81922	64480
81923	64481
81924	64574
81925	17800
81926	17124
81927	17173
81928	17198
81929	75139
81930	20019
81931	128993
81932	16001
81933	16024
81934	21082
81935	21084
81936	21125
81937	21128
81938	82629
81939	20890
81940	129025
81941	129026
81942	129027
81943	64554
81944	64555
81945	17790
81946	19077
81947	64504
81948	19089
81949	18185
81950	17255
81951	20669
81952	17853
81953	128986
81954	17792
81955	20694
81956	20695
81957	64509
81958	64437
81959	64438
81960	129003
81961	447439
81962	128970
81963	447433
81964	412043
81965	345445
81966	412044
81967	345447
81968	412045
81969	412046
81970	19963
81971	128989
81972	20579
81973	20606
81974	197085
81975	197086
81976	197087
81977	197089
81978	198774
81979	64404
81980	64474
81981	64475
81982	129028
81983	129029
81984	159159
81985	129031
81986	129032
81987	156318
81988	128984
81989	128985
81990	64499
81991	64500
81992	225934
81993	18097
81994	18100
81995	18148
81996	18151
81997	18153
81998	64412
81999	447340
82000	447341
82001	447342
82002	447343
82003	447344
82004	447345
82005	18677
82006	18680
82007	18752
82008	161946
82009	161947
82010	161948
82011	426383
82012	412048
82014	470316
82015	470317
82016	470318
82017	470319
82018	64509
82019	70462
82020	128995
82021	64395
82022	64396
82023	128967
82024	19282
82025	284170
82026	20020
82027	64526
82028	64397
82029	64398
82030	64502
82031	64503
82032	17281
82033	17289
82034	64513
82035	64560
82036	225935
82037	225936
82038	17510
82039	77775
82040	77776
82041	166331
82042	166332
82043	166333
82044	502140
82045	225932
82046	225933
82047	128984
82048	129049
82049	64576
82050	64557
82051	77794
82052	77795
82053	129008
82054	64521
82055	64446
82056	64447
82057	64448
82058	129015
82059	225930
82060	284174
82061	284175
82062	284176
82063	64538
82064	20245
82065	20274
82066	128964
82067	77791
82068	77792
82069	77793
82070	284155
82071	470433
82072	470434
82073	515194
82074	129040
82075	128997
82076	184020
82077	184021
82078	64514
82079	64515
82080	128978
82081	20070
82082	20072
82083	20073
82084	129011
82085	64573
82086	64464
82087	21089
82088	77785
82089	77786
82090	77787
82091	77789
82092	166300
82093	166302
82094	470430
82095	470431
82096	470432
82097	501118
82098	501119
82099	501120
82100	501121
82101	501122
82102	501123
82103	501124
82104	64545
82105	64546
82106	64537
82107	19778
82108	19780
82109	19782
82110	284157
82111	284158
82112	17295
82113	129054
82114	64463
82115	19914
82116	13974
82117	21143
82118	17845
82119	17849
82121	345460
82122	345461
82123	345462
82124	284177
82125	469066
82126	18667
82127	18672
82128	225937
82129	225938
82130	129013
82131	17853
82132	64522
82133	64561
82134	64408
82135	129047
82136	129048
82138	470436
82139	470437
82140	470438
82141	470439
82142	470440
82143	284165
82144	284159
82145	447290
82146	447292
82147	470314
82148	470315
82149	284179
82150	284181
82151	14340
82152	14912
82153	64388
82154	12734
82155	13431
82156	13433
82157	19286
82158	6481
82159	6482
82160	6483
82161	6484
82162	6485
82163	6486
82164	6487
82165	6488
82166	6489
82167	6490
82168	257900
82169	347491
82170	257902
82171	257903
82172	347492
82173	6497
82174	6498
82175	6499
82176	6500
82177	6501
82178	64741
82179	64742
82180	6506
82181	64743
82182	64744
82183	64745
82184	64746
82185	64747
82186	64748
82187	64749
82188	64750
82189	64751
82190	64752
82191	64753
82192	64754
82193	73307
82194	73308
82195	73309
82196	73310
82197	73311
82198	74916
82199	74917
82200	74918
82201	74919
82202	74920
82203	77961
82204	77962
82205	77963
82206	77964
82207	77965
82208	208259
82209	208295
82210	208310
82211	82259
82212	208311
82213	126218
82214	126219
82215	126220
82216	126221
82217	126222
82218	126223
82219	126224
82220	126225
82221	126226
82222	126227
82223	126228
82224	126229
82225	126230
82226	126231
82227	126232
82228	126213
82229	126214
82230	126215
82231	126216
82232	126217
82233	152721
82234	152722
82235	152723
82236	152724
82237	152725
82238	165845
82239	165846
82240	165847
82241	165848
82242	165849
82243	165850
82244	165851
82245	165852
82246	165853
82247	165854
82248	178126
82249	178127
82250	178128
82251	178129
82252	178130
82253	184064
82254	184065
82255	184066
82256	184067
82257	184068
82258	197597
82259	197598
82260	197599
82261	197600
82262	197601
82263	208332
82264	208333
82265	208334
82266	208335
82267	208336
82268	225355
82269	225356
82270	225357
82271	225358
82272	225359
82273	226963
82274	226964
82275	226965
82276	226966
82277	226967
82278	232430
82279	232431
82280	232432
82281	232433
82282	232434
82283	244370
82284	244371
82285	244372
82286	244373
82287	244374
82288	283149
82289	283150
82290	283151
82291	283152
82292	283153
82293	368182
82294	368183
82295	368184
82296	368185
82297	368186
82298	347481
82299	347482
82300	347483
82301	347484
82302	347485
82303	347486
82304	347487
82305	347488
82306	347489
82307	347490
82308	368187
82309	368188
82310	368189
82311	368190
82312	368191
82313	493226
82314	493227
82315	493228
82316	493229
82317	493230
82318	386706
82319	386707
82320	386708
82321	386709
82322	386710
82323	386711
82324	386712
82325	386713
82326	386714
82327	386715
82328	386716
82329	386717
82330	386718
82331	386719
82332	386720
82333	425165
82334	402757
82335	402758
82336	402759
82337	402760
82338	425166
82339	425167
82340	425168
82341	425169
82342	425170
82343	426687
82344	426688
82345	426689
82346	426690
82347	426691
82348	436933
82349	436934
82350	436935
82351	436936
82352	436937
82353	447150
82354	447151
82355	447152
82356	447153
82357	447154
82358	447155
82359	447156
82360	447157
82361	447158
82362	447159
82363	468678
82364	468679
82365	468680
82366	468681
82367	468682
82368	468683
82369	468684
82370	468685
82371	468686
82372	468687
82373	501756
82374	501757
82375	501758
82376	501759
82377	501760
82378	513414
82379	513415
82380	513416
82381	513417
82382	513418
82582	31380
82583	23514
82584	23516
82585	23517
82586	7073
82587	31400
82599	425940
82600	425941
82601	425942
82602	425943
82603	425944
82604	425945
82669	19640
82670	19653
82671	7846
82672	7848
82673	7850
82674	19758
82708	243257
82709	243258
82710	243259
82711	243260
82712	243261
82713	243262
82763	436449
82764	436450
82765	436451
82766	436452
82767	436453
82768	436454
82971	227132
82972	227133
82973	227134
82974	227135
82975	227136
82976	227137
82977	24318
82978	24347
82979	5618
82980	5620
82981	24402
82982	24415
83022	126172
83028	370428
83030	74884
83033	74885
83043	450077
83044	79976
83045	79977
83046	79978
83047	79979
83048	79980
83049	79981
83050	79982
83051	79983
83052	79984
83053	167171
83054	167031
83055	167172
83056	167173
83057	167174
83058	167175
83059	167192
83060	167193
83061	167194
83062	514405
83063	514406
83064	30443
83065	30444
83066	30445
83067	32827
83068	73088
83069	73089
83070	501403
83071	501404
83072	501405
83074	501407
83075	501408
83076	501409
83077	345347
83078	345348
83079	31344
83080	31345
83081	31348
83082	30811
83083	225695
83084	225713
83085	225714
83086	30397
83087	167128
83088	167129
83089	385008
83090	402459
83091	13688
83092	13689
83093	13690
83094	28424
83095	72844
83096	72845
83098	72846
83099	72847
83100	72848
83101	28441
83102	72849
83103	72850
83104	72851
83105	27616
83106	72473
83107	72175
83108	27622
83109	32919
83110	32920
83111	32921
83112	32922
83113	32923
83114	32924
83115	32925
83116	24207
83117	17087
83118	73131
83119	73131
83120	370397
83121	30379
83122	32937
83123	32938
83124	83130
83125	83131
83126	83132
83127	31621
83128	72930
83129	31710
83130	471236
83131	471237
83132	83228
83133	450060
83134	450061
83135	450062
83136	227252
83137	227253
83138	227561
83139	470685
83140	470686
83141	21385
83142	470872
83143	470873
83144	470874
83145	470875
83146	470876
83147	470877
83148	470878
83149	27514
83150	227544
83151	227545
83152	28956
83153	72989
83154	83653
83155	83654
83156	83655
83157	31249
83158	29443
83159	184232
83160	184929
83161	184233
83162	184930
83163	184234
83164	184931
83165	184235
83166	258142
83167	184236
83168	184933
83169	184237
83170	184934
83171	184238
83172	184935
83173	368324
83174	369715
83175	344967
83176	344968
83177	344969
83178	344970
83179	344971
83180	344972
83181	344973
83182	344974
83183	344975
83184	344976
83185	344977
83186	344978
83187	72585
83188	29028
83189	29034
83190	29037
83191	72586
83192	29040
83193	29046
83194	72587
83195	29048
83196	30821
83197	72574
83198	72575
83199	27821
83200	209982
83201	310841
83202	310842
83203	23858
83204	23860
83205	23861
83206	131287
83207	131288
83208	18131
83209	413152
83210	73169
83211	73170
83212	83232
83213	83233
83214	370622
83215	370623
83216	370624
83217	382826
83218	382827
83219	471005
83220	471006
83221	471007
83222	10242
83223	10243
83224	83619
83225	83620
83226	29628
83227	30778
83228	131443
83229	131444
83230	131445
83232	199274
83233	30154
83234	30156
83235	30157
83236	426190
83237	426191
83238	426192
83239	447838
83240	447839
83241	345213
83242	345214
83243	345215
83244	345216
83245	345217
83246	345218
83247	345219
83248	345220
83249	345221
83250	345222
83251	22361
83252	72000
83253	72001
83254	22364
83255	31195
83256	450682
83257	450437
83258	450683
83259	470865
83260	470866
83261	513973
83264	514287
83266	514343
83268	426280
83269	426281
83270	426282
83271	79877
83273	83348
83274	345488
83275	345489
83276	513108
83277	345490
83278	345491
83279	24501
83280	225885
83281	225744
83285	23549
83286	73062
83287	73063
83288	23552
83290	72334
83291	227548
83292	227549
83293	227550
83294	177601
83295	199215
83296	32415
83297	72561
83298	72562
83299	382951
83300	382952
83301	245076
83302	501428
83303	245067
83304	83108
83305	26781
83307	384778
83308	384779
83309	384781
83310	384782
83311	384783
83312	384784
83313	384785
83314	384786
83315	384787
83316	384788
83317	131159
83318	83110
83319	184638
83320	196911
83321	29197
83323	30339
83324	199165
83325	199166
83326	199167
83327	83595
83328	131521
83329	83597
83330	131762
83331	131763
83332	131764
83333	131765
83334	131766
83335	131767
83336	131768
83337	131769
83338	245292
83339	245293
83340	245294
83341	245295
83342	245296
83343	245297
83344	245298
83345	245141
83346	245142
83347	245143
83348	83328
83349	83329
83350	83330
83351	470714
83352	514123
83353	471278
83355	514124
83356	471277
83357	471279
83358	225754
83359	225764
83360	225756
83361	131513
83362	131514
83363	131938
83364	132007
83365	131940
83366	131500
83367	132008
83368	131504
83369	30824
83370	30825
83371	30826
83372	131559
83373	25808
83374	25812
83375	513008
83376	471036
83377	471037
83378	471038
83379	471039
83380	28574
83381	28575
83382	28581
83383	17107
83384	28582
83385	28583
83386	28584
83387	28585
83388	28587
83389	28588
83390	28589
83391	28590
83392	28591
83393	28592
83394	28593
83395	28594
83396	30785
83397	30786
83398	131455
83399	131456
83400	131457
83402	131459
83403	320418
83404	320419
83405	131462
83406	320420
83407	320421
83408	131465
83409	384789
83410	384790
83411	384791
83413	31104
83414	384793
83415	384794
83416	384795
83417	72537
83418	18028
83419	18034
83420	345019
83421	345020
83422	199064
83425	514083
83427	514085
83428	225864
83429	225865
83430	24545
83431	225705
83432	225891
83433	225892
83434	345485
83435	345486
83436	345487
83437	242035
83438	245397
83439	245398
83440	367535
83441	242037
83442	242038
83443	242039
83444	370000
83445	370115
83446	370116
83447	26693
83448	73217
83449	32147
83450	32148
83451	32150
83452	32151
83453	72926
83454	32159
83455	72927
83456	72928
83457	131602
83458	32709
83459	73079
83460	73080
83462	73081
83463	73082
83464	32718
83465	73083
83466	19417
83467	19644
83468	19652
83469	19660
83470	72419
83471	19768
83472	72420
83473	19777
83474	153189
83475	32012
83476	72068
83477	72069
83479	25366
83480	72070
83481	72071
83482	72072
83483	72073
83484	72074
83485	28173
83486	73043
83487	436766
83488	436767
83489	436768
83490	31358
83491	436769
83492	72130
83496	384524
83497	384525
83498	384526
83499	471018
83500	471019
83501	471020
83502	471021
83503	471022
83504	471023
83505	471024
83506	30413
83507	72606
83508	72607
83509	25432
83510	257840
83511	257841
83513	257842
83514	257843
83515	257844
83516	10227
83517	73129
83518	73130
83520	26611
83521	493436
83522	493437
83523	493438
83525	493440
83526	493441
83527	493442
83528	493443
83529	493444
83530	493445
83531	32683
83532	72809
83533	72470
83534	345532
83535	345533
83536	345534
83538	167053
83539	167054
83540	167055
83542	27342
83543	167057
83544	167058
83545	513950
83546	513951
83550	79949
83551	79950
83553	79951
83554	79952
83555	79953
83556	79954
83557	79955
83558	79956
83559	79957
83560	450459
83561	450460
83562	471070
83563	471071
83564	471087
83565	471088
83566	471089
83567	471090
83568	471091
83569	471092
83570	471093
83571	370801
83572	370802
83573	370803
83577	514137
83578	501425
83579	514139
83580	514140
83581	23351
83582	28655
83583	28656
83584	345299
83585	345300
83586	345301
83587	345302
83588	345303
83589	345304
83590	345305
83591	345306
83592	345307
83593	345308
83594	345309
83595	345310
83596	184868
83597	501417
83598	370152
83599	370153
83600	370154
83601	209883
83602	310809
83603	310770
83604	345340
83605	310863
83606	310864
83607	19884
83608	72707
83609	72343
83610	83122
83611	83123
83612	83124
83613	30093
83614	30094
83615	244968
83616	245213
83617	245214
83618	20568
83619	72505
83620	72506
83621	76341
83622	76342
83623	76343
83625	76345
83626	76346
83627	76347
83628	76348
83629	26556
83630	345376
83631	345377
83632	345378
83633	310938
83634	514035
83635	514036
83636	514037
83638	514039
83639	514040
83640	30407
83641	450057
83642	450058
83643	79878
83644	79879
83645	450281
83646	450282
83647	450283
83648	450285
83649	450288
83652	345419
83653	345420
83654	345421
83655	345422
83656	83314
83657	83315
83658	83316
83659	83317
83660	32144
83661	72595
83662	72087
83663	21259
83664	72497
83665	72498
83666	370702
83667	370703
83668	370704
83669	27642
83670	27643
83681	493313
83682	493314
83683	493315
83685	493317
83686	493318
83687	411864
83688	413100
83689	411865
83690	413101
83691	411866
83692	413102
83693	411867
83694	413103
83695	411868
83696	413104
83697	411869
83698	413105
83699	413106
83700	514132
83703	28889
83704	345066
83705	28891
83706	28892
83707	29287
83708	29288
83709	29289
83710	29292
83711	450492
83712	450493
83713	470850
83714	470851
83715	199390
83716	197947
83717	32400
83718	32401
83719	26624
83720	72982
83721	469849
83722	131611
83723	131612
83724	167093
83725	167094
83726	167095
83727	30398
83728	14609
83730	471169
83731	471170
83732	471171
83734	471173
83735	471174
83736	471175
83737	471176
83738	68167
83739	68931
83740	68932
83741	61765
83742	210025
83743	210026
83744	210027
83745	73000
83746	73001
83747	73002
83748	73003
83749	225797
83750	225798
83751	225799
83753	225801
83754	225802
83755	402447
83756	402448
83757	384955
83758	384956
83759	384957
83760	384959
83761	384960
83762	384961
83763	177507
83764	177508
83765	177509
83766	23563
83767	32057
83769	83224
83770	83225
83771	83226
83773	83229
83774	83230
83775	83231
83776	514074
83777	471026
83778	514075
83779	471312
83780	471313
83781	345195
83782	413057
83783	345176
83784	20680
83785	166740
83786	18168
83787	153254
83788	153255
83796	72252
83797	72253
83798	10234
83799	10235
83800	10235
83801	30688
83802	72938
83803	72939
83804	76501
83805	79861
83806	79862
83807	79863
83808	128777
83810	199375
83811	17156
83812	20639
83813	426257
83815	426259
83816	245279
83817	245281
83818	245282
83819	245283
83820	245284
83821	245285
83822	245286
83823	245287
83824	166682
83825	166683
83826	166684
83827	68131
83828	73189
83829	167132
83830	30053
83831	366237
83832	366238
83833	345317
83834	366239
83835	345319
83839	83300
83840	83301
83841	83302
83842	413154
83843	10171
83844	72191
83845	72192
83846	10183
83847	384445
83848	384446
83849	310790
83850	310844
83851	501357
83852	32599
83853	72838
83854	72839
83855	370148
83856	199206
83857	80067
83858	80068
83859	80069
83860	384656
83861	199149
83862	471193
83863	471194
83864	471195
83865	22371
83866	22377
83867	22384
83868	370600
83869	370601
83870	370602
83871	233120
83872	345394
83873	241988
83874	241959
83875	32616
83876	227498
83877	227499
83878	16231
83879	83621
83880	83622
83881	73133
83882	73134
83883	18904
83884	71979
83885	71980
83886	199394
83887	513953
83890	513956
83891	513957
83892	166978
83893	131515
83894	131516
83895	131517
83896	131518
83897	131519
83898	131520
83899	76264
83900	76265
83901	68565
83902	72367
83903	72368
83904	370429
83905	209968
83906	310930
83907	310931
83908	310932
83912	26918
83913	26933
83914	26944
83915	26956
83916	167308
83918	167310
83920	167312
83922	167314
83924	167316
83926	167318
83928	210089
83930	210090
83931	216692
83932	216693
83933	216694
83934	226667
83935	226668
83936	226669
83937	226670
83938	226671
83940	493565
83941	28781
83943	28785
83945	28796
83947	28800
83948	28802
83950	28806
83951	28811
83953	28819
83954	28826
83955	28836
83969	31598
83970	394779
83971	394781
83972	394782
83974	370857
83975	207345
83976	31797
83977	23746
83978	23771
83979	23784
83980	23793
83981	23797
83982	23802
83983	23820
83984	23827
83985	23838
83986	257696
83988	257698
83989	257699
83990	257700
83991	257701
83992	257702
83999	152265
84001	152267
84002	152268
84003	413786
84004	427122
84005	427123
84006	427124
84007	427125
84008	427126
84009	427127
84010	437343
84011	437344
84012	437345
84014	31202
84016	31206
84019	31214
84029	26072
84031	26090
84032	26113
84033	26143
84034	26160
84035	26179
84036	26193
84037	26210
84038	26226
84039	76071
84041	76073
84042	76074
84043	76075
84045	437350
84047	32672
84049	32678
84050	32689
84051	28676
84052	28685
84054	28693
84055	28696
84056	28703
84057	28706
84059	28710
84060	28716
84061	28721
84063	69976
84065	69978
84066	69979
84067	69980
84068	28027
84069	69981
84071	69983
84072	16547
84073	69984
84074	69985
84075	69986
84077	10453
84078	2939
84080	471422
84086	26969
84088	26985
84089	26987
84090	27001
84091	27015
84092	27022
84101	257739
84102	257740
84103	257741
84104	257742
84105	310994
84106	310995
84107	310996
84108	310997
84109	310998
84110	310999
84111	386952
84113	19496
84117	19664
84119	19835
84121	19839
84124	20641
84126	20649
84128	20675
84130	20688
84134	20749
84136	25641
84138	25660
84139	25704
84140	25722
84141	25739
84142	25752
84143	25769
84145	370430
84147	342125
84148	516426
84149	380042
84164	73833
84166	73842
84168	73845
84171	31643
84172	31648
84175	349024
84177	349026
84178	349027
84179	349028
84180	349029
84181	349030
84182	349031
84183	471461
84185	471463
84186	471464
84187	471465
84188	471466
84189	471467
84190	31706
84191	21737
84192	22951
84194	5026
84196	493600
84198	493602
84199	493603
84200	493604
84201	493605
84202	493606
84209	21599
84210	76064
84212	76066
84213	370817
84214	370818
84215	370819
84216	394767
84217	394768
84218	394769
84219	394770
84220	394771
84221	394772
84222	413775
84224	21418
84225	27717
84227	27729
84230	31649
84231	31653
84233	121230
84237	471367
84239	21743
84240	21778
84241	21793
84242	242523
84244	242525
84245	242526
84246	242527
84247	242528
84248	242529
84249	23497
84254	15270
84258	15291
84262	15311
84274	178373
84276	178375
84280	157582
84289	257748
84291	257749
84292	257750
84293	257751
84294	257752
84295	257753
84296	257754
84298	190120
84303	370820
84305	70031
84306	31698
84307	70032
84308	31702
84309	70033
84310	70034
84311	31713
84312	70035
84313	31722
84314	70036
84315	31731
84316	31754
84317	27954
84319	27963
84320	27978
84321	29532
84323	29540
84325	29550
84327	29558
84334	231887
84336	231889
84337	231890
84338	231892
84339	231893
84341	231922
84343	231923
84345	21386
84354	28380
84355	28385
84356	28394
84357	28405
84358	28410
84359	28416
84360	28423
84361	28426
84362	28433
84363	28443
84364	152269
84366	152271
84370	242530
84372	242532
84373	242533
84374	242534
84375	242535
84379	502081
84382	502084
84398	349092
84399	349093
84400	349094
84401	349095
84402	349096
84403	349097
84404	349098
84405	366330
84406	366331
84407	366332
84412	152012
84414	152014
84415	152015
84416	152016
84417	152017
84431	226653
84434	210085
84435	199408
84437	190068
84439	190070
84441	190072
84443	190074
84444	190075
84446	190077
84457	9554
84458	21854
84602	446797
84603	446798
84605	446800
84606	446801
84607	446322
84785	177658
84786	177660
84787	177662
84788	177664
84789	177666
84790	177668
85135	127456
85136	127457
85137	127458
85138	127459
85139	127460
85140	127461
85322	7854
85323	17996
85324	24838
85325	17999
85326	24842
85327	18002
85423	31750
85426	9557
85428	345773
85430	369392
85434	65937
85439	18778
85440	130425
85441	23043
85442	23055
85446	130440
85449	130441
85451	425220
85453	21429
85455	9528
85459	21444
85461	345872
85464	469462
85468	403288
85469	469463
85477	198973
85479	403272
85481	450303
85482	450304
85483	450305
85484	450306
85485	469477
85486	62460
85491	74886
85492	74887
85493	74888
85494	166081
85495	166082
85496	166083
85497	166084
85498	166085
85499	166086
85500	345936
85501	345937
85502	30758
85503	6971
85504	26317
85505	6975
85506	30765
85507	30769
85508	243071
85509	243072
85510	243073
85511	243074
85512	243075
85513	243076
85514	341735
85518	77751
85519	62789
85520	127412
85521	127413
85522	127414
85523	127415
85524	127416
85525	166076
85526	384669
85527	8002
85528	24986
85529	24991
85530	22065
85531	22017
85532	8032
85533	208657
85534	208658
85535	208659
85536	208662
85537	208663
85538	208664
85539	8061
85540	8062
85541	13908
85542	13925
85543	29585
85544	13916
85545	127422
85546	127423
85547	127424
85548	127425
85549	127426
85550	127427
85551	446132
85552	446133
85553	446134
85554	446135
85555	446136
85556	446137
85557	127468
85558	127469
85559	127470
85560	127471
85561	127472
85562	127473
85563	7866
85564	7868
85565	28408
85566	257866
85567	28417
85568	68086
85569	28421
85570	127462
85571	233305
85572	345580
85573	284135
85574	345110
85575	467135
85576	411862
85577	31947
85578	18206
85579	5594
85580	5596
85581	31956
85582	29186
85583	7331
85584	68082
85585	66422
85586	68084
85587	68078
85588	62805
85589	467217
85590	467218
85591	467219
85592	467220
85593	467221
85594	467222
85595	492660
85596	492661
85597	492662
85598	492663
85599	492664
85600	492665
85601	25495
85602	8051
85603	29683
85604	8055
85605	29670
85606	25567
85607	29715
85608	257862
85609	257858
85610	257856
85611	257860
85612	257864
85613	384657
85614	384659
85615	384661
85616	384663
85617	384665
85618	384667
85636	29593
85637	29608
85638	29602
85639	6950
85640	29595
85641	6967
85642	23857
85643	23864
85644	23908
85645	27745
85646	23966
85647	5561
85653	77734
85654	127446
85655	166835
85656	177670
85657	198439
85658	208655
85659	225369
85663	157382
85672	177498
85673	198432
85674	127437
85675	127438
85676	166079
85677	127439
85678	177644
85679	198433
85680	198434
85681	198435
85682	198436
85683	198437
85684	198438
85685	6369
85686	21099
85687	74882
85688	21102
85689	18163
85690	21129
85691	21132
85692	6414
85694	24686
85695	5581
85696	23993
85697	5585
85698	5587
85699	5589
85700	284129
85701	284130
85702	284131
85703	284132
85704	284133
85705	284134
85706	29469
85707	32917
85708	29474
85719	342126
85720	342033
85721	310618
85722	310619
85723	310620
85724	310621
85725	310622
85726	310623
85727	166456
85728	342034
85729	156949
85730	157299
85731	18511
85732	18513
85733	157959
85734	17278
85735	17279
85736	155418
85737	157963
85738	18521
85739	156202
85740	158479
85741	156204
85742	156205
85743	163326
85744	11257
85745	157307
85746	158829
85747	155704
85748	155705
85749	155170
85750	154885
85751	21271
85752	21272
85753	21273
85754	155885
85755	21290
85756	366996
85757	155887
85758	21293
85759	158028
85760	155618
85761	155619
85763	155620
85768	26391
85770	26409
85772	26434
85774	26458
85776	26484
85778	26496
85780	26509
85782	26526
85784	516422
85801	21784
85802	427093
85804	427095
85805	427096
85806	427097
85807	413769
85808	427098
85809	23188
85811	394773
85814	152322
85815	152323
85816	152324
85820	231880
85822	231882
85823	231883
85824	231884
85825	231885
85826	231886
85827	31448
85828	31455
85829	31464
85830	226689
85832	226691
85833	226672
85834	231918
85835	231919
85836	231920
85837	242541
85838	242542
85839	242543
85840	242544
85841	242545
85842	242546
85850	370743
85867	231877
85870	31692
85871	72866
85873	72868
85874	72870
85875	72872
85876	72874
85877	152107
85878	152108
85879	152109
85880	152111
85881	152113
85882	348991
85884	348993
85885	348994
85886	348995
85887	348996
85888	348997
85889	159319
85891	471376
85893	471378
85894	471379
85895	493583
85896	471381
85897	471382
85898	471383
85899	450535
85900	450536
85901	450537
85902	516425
85914	413815
85921	370431
85928	5420
85930	5421
85931	87514
85932	349113
85933	190130
85936	21776
85937	32615
85938	21338
85944	23321
85945	151956
85947	151958
85948	151959
85949	151934
85950	151960
85951	151961
85961	21761
85962	21762
85963	26274
85965	26285
85967	26296
85969	26318
85971	26336
85973	26352
85975	26368
85977	26372
85979	27773
85981	27783
85982	27789
85994	159311
85996	159345
85998	159331
86001	159313
86004	516458
86005	516459
86006	516460
86007	516461
86008	516462
86009	516463
86010	516464
86011	516465
86012	516466
86013	516467
86016	348998
86017	370432
86018	370433
86019	382872
86020	382873
86021	382874
86022	382875
86023	512991
86024	8180
86025	65308
86026	241811
86027	241812
86028	370208
86029	370209
86034	382861
86035	426492
86036	382863
86037	426493
86038	382865
86039	14281
86040	370437
86041	370438
86042	370439
86043	437046
86044	437047
86045	23263
86046	25719
86047	308892
86048	22518
86049	22519
86050	27301
86051	83089
86052	15170
86053	153123
86054	73378
86055	22452
86059	11910
86060	83045
86061	83046
86062	226426
86063	32049
86064	26564
86065	25473
86066	19797
86067	21149
86068	18047
86069	22386
86070	308976
86071	308977
86072	15116
86073	15117
86074	24294
86075	153183
86076	153184
86077	446279
86078	469887
86079	469888
86080	166770
86081	166771
86082	166772
86083	166773
86084	308851
86085	308852
86086	308853
86087	178141
86088	178142
86089	198695
86090	308885
86091	308886
86092	65372
86093	65373
86094	515022
86095	515023
86096	515024
86097	515025
86098	128650
86099	22510
86100	447784
86101	19480
86102	19487
86103	21130
86104	18838
86105	19026
86106	128793
86107	128794
86108	308828
86109	308829
86110	308830
86111	24354
86112	17133
86113	17136
86114	346946
86115	346947
86116	469724
86117	469725
86118	153175
86119	370215
86120	370216
86121	346702
86122	366205
86123	19402
86124	22112
86125	515037
86127	24831
86128	24836
86129	25439
86130	382841
86131	411703
86132	417087
86133	417088
86134	153153
86135	153144
86136	128858
86137	501229
86138	19979
86139	26234
86140	26236
86141	178134
86142	178135
86143	178136
86144	153178
86145	166330
86146	241758
86147	244939
86148	241760
86149	241761
86150	78965
86151	78966
86152	308893
86153	308894
86154	8107
86155	367827
86156	380092
86157	382828
86158	83063
86159	83064
86160	128595
86161	209548
86162	184627
86163	184630
86164	9888
86165	241908
86166	501256
86167	21845
86168	22219
86169	8191
86170	184609
86171	178133
86172	346710
86173	346711
86174	22398
86175	515057
86176	515102
86177	515103
86186	65130
86187	22101
86188	19927
86189	198653
86190	19934
86191	198654
86192	8120
86193	8122
86194	184615
86195	184616
86196	65195
86197	65196
86198	209542
86199	209543
86200	209544
86201	209545
86202	24893
86203	83008
86204	128783
86205	128750
86206	128751
86207	128752
86208	128753
86209	73381
86210	65173
86211	73382
86216	346815
86217	366206
86218	346817
86219	346818
86220	83016
86221	83017
86222	65340
86223	65360
86224	15433
86225	447857
86226	447858
86227	209651
86228	83092
86229	83093
86230	83094
86231	83060
86232	128867
86233	346695
86234	346696
86235	346697
86236	198698
86237	198699
86238	198700
86239	198701
86240	446905
86241	469686
86242	469687
86243	14122
86244	14124
86245	83085
86246	83086
86247	448176
86248	448177
86249	469666
86250	469667
86251	128710
86252	128711
86253	14286
86254	14287
86255	209633
86256	209634
86257	515080
86258	515081
86265	437028
86266	437029
86267	437030
86268	437031
86269	437032
86270	437033
86271	437034
86272	437037
86273	437038
86274	437039
86275	437040
86276	128860
86277	19982
86278	226378
86279	128663
86280	209628
86281	199144
86282	72280
86283	128908
86284	308831
86285	308832
86286	346853
86287	23576
86288	447797
86289	514967
86290	514968
86291	227260
86292	227261
86293	512988
86294	22449
86297	83022
86298	83023
86299	83024
86300	426452
86301	426453
86302	72299
86303	16674
86304	16677
86305	18769
86306	18772
86307	411717
86308	437197
86309	346839
86310	244929
86311	244930
86312	382856
86313	382857
86314	370385
86315	370386
86316	370387
86317	501266
86318	501267
86319	8138
86320	8139
86321	158458
86322	8141
86323	447710
86324	448188
86325	447712
86326	447713
86327	78846
86328	78847
86329	78848
86330	78849
86331	78850
86332	178178
86333	184600
86334	178207
86335	78781
86336	184601
86337	184602
86338	83050
86339	83051
86340	153163
86341	128825
86342	241909
86343	241910
86344	241911
86345	241912
86346	244837
86347	244838
86348	244839
86349	244840
86350	244841
86351	244842
86352	244964
86353	244965
86354	370548
86355	370549
86356	501221
86357	501222
86358	18101
86359	18102
86360	308814
86361	308815
86362	308816
86363	166346
86364	166347
86365	382913
86366	447724
86367	447725
86368	346963
86369	447744
86370	447745
86371	308840
86372	308841
86373	72316
86374	73403
86375	492712
86376	492713
86377	515026
86379	469732
86380	25346
86381	469781
86382	469782
86383	469783
86384	469784
86385	469692
86386	469693
86387	469694
86388	469695
86389	469696
86390	469697
86391	469698
86392	469699
86393	515013
86394	515014
86395	515015
86396	515016
86397	515017
86398	515018
86399	515019
86400	515020
86401	128861
86405	21287
86406	21288
86407	75583
86408	75584
86409	24310
86410	25745
86411	25748
86412	14534
86413	14539
86414	13751
86415	22947
86416	241866
86417	241867
86418	469909
86419	469910
86420	469911
86421	72279
86422	73173
86423	73587
86424	244836
86427	166634
86428	16243
86429	16245
86430	24744
86431	24745
86432	72315
86433	128727
86434	128728
86435	367807
86436	367808
86437	367809
86438	367810
86439	367811
86440	367812
86441	367813
86442	367814
86443	367815
86444	367816
86445	209662
86446	346826
86447	346833
86448	366208
86449	346835
86450	346836
86451	447848
86452	128731
86453	426467
86454	426468
86455	308821
86456	308822
86457	308823
86458	128570
86459	244973
86460	244974
86461	382927
86462	382928
86463	14570
86464	14572
86465	14575
86466	14576
86467	14577
86468	14578
86469	447840
86470	447872
86471	128659
86472	128661
86473	369980
86474	369981
86475	345515
86476	345516
86477	226405
86478	411740
86479	411741
86480	308962
86481	308963
86482	382885
86483	382886
86484	382887
86485	382888
86486	128755
86487	153155
86488	128732
86489	153154
86490	411697
86491	411698
86492	65348
86493	78862
86494	14555
86495	83097
86496	83098
86497	241808
86498	241809
86499	241810
86500	83100
86501	19334
86502	198677
86503	153128
86504	411621
86505	411622
86506	21923
86507	21924
86508	18821
86509	346752
86510	346753
86511	346754
86512	308898
86513	370117
86514	370217
86515	128706
86516	128707
86517	469863
86518	469864
86519	469865
86520	346750
86521	346751
86522	26991
86523	382905
86524	469871
86525	469872
86527	14580
86528	26065
86531	426246
86532	426443
86533	22907
86534	22909
86536	426498
86538	349000
86539	426499
86540	346800
86541	346801
86542	225859
86543	448168
86544	349001
86545	349002
86547	346997
86548	349003
86549	349004
86550	346784
86551	346785
86552	349005
88680	155621
88685	244090
88687	242476
88691	10983
88698	225544
88702	208780
88703	208781
88704	225548
88707	225551
88710	242475
88711	208977
88715	18795
88717	425209
88719	8291
88721	425226
88726	242486
88729	242489
88732	242492
88735	500446
88736	500447
88737	500448
88738	500449
88739	500450
88744	18787
88748	184749
88751	184751
88753	184752
88755	184753
88757	184754
88759	184755
88761	469476
88763	469478
88767	254306
88769	345784
88771	22944
88773	403292
88780	369409
88781	75645
88782	345786
88784	345779
88785	345780
88788	425224
88790	425225
88792	426588
88793	62461
88794	23134
88795	62464
88796	23199
88797	23206
88798	131269
88799	501446
88800	501448
88801	501450
88802	501452
88803	501454
88804	501456
88805	501458
88806	345265
88807	370540
88808	370541
88809	29995
88810	370843
88811	345072
88812	67697
88813	30566
88814	72180
88815	72181
88816	65305
88817	72161
88818	72162
88820	10192
88821	72163
88822	72164
88823	72165
88824	72166
88825	72167
88826	370255
88827	370258
88828	370259
88830	370261
88831	370262
88832	370263
88833	166312
88834	436704
88835	32605
88836	72702
88837	32606
88838	25856
88839	72676
88840	72677
88842	25866
88843	72678
88844	71927
88845	450699
88846	450700
88847	450701
88848	450702
88849	450703
88850	450704
88851	131670
88852	72533
88853	72534
88854	32028
88855	32029
88856	29281
88857	209983
88858	209984
88859	24596
88860	209989
88861	209990
88862	209991
88863	209992
88864	68744
88865	72993
88866	72994
88868	68751
88869	72995
88870	72996
88871	72997
88872	68751
88873	83234
88874	131431
88875	83236
88876	83237
88877	83238
88878	83239
88879	83240
88880	83241
88881	83242
88882	29124
88883	29129
88884	29132
88885	29137
88886	29138
88887	29143
88888	514174
88889	514175
88890	514176
88891	412994
88892	32368
88893	72446
88894	72447
88895	367539
88896	412872
88897	367540
88898	225768
88899	493284
88900	493285
88901	493286
88903	493288
88904	493289
88905	493290
88906	493291
88907	470745
88908	470746
88909	470747
88910	470748
88911	470749
88912	470750
88913	470751
88914	12016
88915	25770
88916	25771
88917	12737
88918	29642
88919	29643
88920	29644
88921	370347
88922	370348
88923	370349
88924	131919
88925	131920
88926	26927
88927	26929
88928	26932
88929	21389
88930	21391
88931	21408
88932	413000
88933	413001
88934	413002
88935	413003
88936	413004
88937	413005
88938	413006
88939	413007
88940	413008
88943	31336
88944	73191
88945	73192
88946	412886
88947	412887
88948	30337
88949	30338
88950	245197
88951	245198
88952	245199
88954	245201
88955	245202
88956	245203
88957	471115
88958	471116
88959	471117
88960	471118
88961	471119
88962	471120
88963	471121
88964	26581
88965	72596
88966	72597
88967	184892
88968	216735
88969	32506
88970	32509
88971	32510
88972	345268
88973	345269
88974	345270
88975	6346
88976	25574
88977	131962
88978	165350
88979	131964
88980	177556
88981	177557
88982	177558
88983	30724
88984	30725
88985	30726
88986	30727
88987	18761
88988	28862
88989	83692
88990	83693
88991	28865
88992	370630
88993	345403
88994	370631
88995	370632
88996	345405
88997	514284
88998	471031
88999	514285
89000	32373
89001	32375
89002	345003
89003	345004
89004	345005
89005	345006
89006	23380
89007	23381
89008	29502
89009	29503
89010	131689
89011	29319
89012	29320
89013	345133
89014	413093
89015	413094
89016	72942
89017	72943
89018	24580
89019	450484
89020	450485
89021	450486
89022	245044
89023	245045
89024	245046
89026	245048
89027	245049
89028	245050
89029	199295
89032	153212
89033	177500
89034	153336
89035	153337
89036	153338
89038	184876
89039	131773
89040	184877
89041	184878
89042	184879
89043	184880
89044	184881
89045	184882
89046	184883
89047	199346
89048	436810
89049	436811
89050	436812
89051	83360
89052	426299
89053	426300
89054	426301
89056	426303
89057	426304
89058	426305
89059	426306
89060	426307
89061	426308
89062	426309
89063	385017
89064	30974
89065	71947
89066	71948
89067	71949
89068	24385
89069	24389
89070	24395
89071	24427
89072	24454
89073	24458
89074	24468
89075	24481
89076	24487
89077	470903
89078	470904
89079	470905
89080	83221
89081	83222
89082	83223
89083	22652
89084	22655
89085	22656
89086	24248
89087	71896
89088	71897
89089	24264
89090	71962
89091	71963
89092	31009
89093	28742
89094	426256
89095	28746
89096	72657
89097	72658
89098	384499
89099	384500
89100	384501
89111	67635
89113	310822
89114	310923
89115	209820
89116	26377
89117	73238
89118	73239
89119	32567
89120	32568
89121	32571
89122	13767
89123	72036
89124	72037
89125	225706
89126	225707
89127	225708
89128	384527
89129	384528
89130	20254
89131	131921
89132	131922
89133	131923
89134	131924
89135	131925
89136	131926
89137	345052
89138	370499
89139	370500
89140	370501
89141	370501
89142	370503
89143	370504
89144	370505
89145	370506
89146	370507
89147	370508
89148	370509
89149	370510
89150	370511
89151	370512
89152	514345
89153	155622
89154	155623
89155	155624
89156	155625
89157	155626
89158	342025
89159	198762
89160	198763
89161	198764
89162	198765
89163	198766
89181	450336
89182	450337
89183	515619
89188	184731
89190	184734
89192	184737
89194	184740
89196	184743
89198	184746
89201	469474
89203	469482
89204	244111
89206	469480
89207	403259
89210	403262
89213	403265
89216	369410
89218	369411
89220	369412
89222	369413
89224	369414
89226	369415
89228	369416
89230	369417
89237	349007
89244	152230
89245	152231
89246	152232
89247	152233
89248	152234
89249	152235
89250	152236
89251	152237
89252	152238
89253	167374
89254	159317
89256	159307
89258	159347
89260	159309
89262	394784
89264	394786
89265	27749
89267	27766
89268	76462
89270	76396
89271	76464
89272	76465
89273	76398
89274	76466
89281	32622
89293	210067
89296	16894
89298	16934
89299	16951
89300	16970
89301	87401
89302	16987
89303	17012
89304	82084
89305	82085
89306	82086
89307	82087
89308	82088
89309	82089
89310	82060
89311	82061
89312	82062
89313	82063
89324	27860
89326	27873
89327	29874
89328	29923
89329	21584
89331	450580
89337	82053
89338	82054
89339	82055
89340	82056
89341	82057
89342	82058
89343	82059
89344	82081
89345	82082
89346	82083
89347	167394
89349	167396
89353	151906
89355	151908
89356	151909
89357	151910
89358	151911
89359	178339
89360	178341
89626	27111
89627	241802
89628	241803
89629	426446
89630	426447
89631	78959
89632	226384
89633	226385
89634	382848
89635	128882
89636	128883
89637	437020
89638	437021
89639	447842
89640	447843
89641	447844
89642	447845
89643	447846
89644	447847
89645	82493
89646	346929
89647	25728
89648	25730
89649	8136
89650	8137
89651	128796
89652	514981
89653	514982
89654	514983
89655	514984
89656	514985
89657	514986
89658	514987
89659	514988
89660	514989
89661	514990
89662	514991
89663	514992
89664	14260
89665	14261
89666	23100
89669	18811
89670	18814
89671	19389
89672	153158
89673	308860
89674	308861
89675	82986
89676	82987
89677	244954
89678	244955
89679	469673
89684	412766
89685	244938
89686	178137
89687	178138
89688	13024
89689	469750
89690	22118
89691	346849
89692	411679
89693	167008
89694	167009
89696	382921
89697	382922
89698	382923
89699	382924
89700	382925
89701	382926
89702	346972
89703	346973
89704	178224
89705	447841
89706	411625
89707	126403
89708	153111
89709	166892
89710	166893
89711	166894
89712	20327
89713	20329
89714	307946
89715	307947
89716	307948
89717	515011
89718	308999
89719	309000
89720	492774
89721	492775
89722	198680
89723	198716
89724	65136
89725	65137
89726	20692
89727	20693
89730	24677
89731	24678
89732	18321
89733	18323
89734	515047
89735	515048
89736	515049
89737	515050
89738	411690
89739	128598
89740	128599
89741	447849
89742	469709
89743	469710
89744	437209
89745	437210
89746	345067
89747	345068
89748	178159
89749	469838
89750	469839
89751	166968
89752	24194
89753	24195
89754	20508
89755	20510
89756	20528
89757	417093
89758	370342
89759	370343
89762	345387
89763	346809
89764	346810
89767	382931
89768	382932
89769	426472
89770	426473
89771	426474
89772	426475
89773	426476
89774	426477
89775	65203
89776	83026
89777	178225
89778	178226
89779	178227
89780	244940
89781	244941
89782	346795
89783	244843
89784	380094
89785	128902
89786	128905
89787	22444
89788	184597
89789	515085
89790	369959
89791	346916
89792	346917
89793	346918
89794	346919
89795	198657
89796	308924
89797	308925
89798	24199
89799	24200
89800	22366
89801	346926
89802	346749
89803	209527
89804	411670
89805	411671
89806	24208
89807	370231
89808	370232
89809	26584
89810	492781
89813	244853
89814	244854
89815	436964
89816	436965
89817	23574
89818	8131
89819	72295
89820	72296
89821	8134
89822	20484
89823	369978
89824	369979
89825	24338
89826	24339
89827	512990
89828	19365
89829	166891
89830	128901
89831	370025
89832	30469
89833	308940
89834	27241
89835	73570
89836	23414
89837	241813
89838	153139
89839	244887
89840	308818
89841	308819
89842	308820
89843	469900
89844	469901
89845	308867
89846	241863
89847	14579
89848	346975
89849	198608
89850	209656
89851	447877
89852	469905
89853	308913
89854	308914
89855	346732
89856	346733
89857	83029
89858	83030
89859	83031
89860	83032
89861	128838
89862	128839
89863	83033
89864	469688
89865	469689
89866	469690
89867	469691
89868	382867
89871	346782
89872	346783
89873	346964
89874	346965
89875	346966
89876	346967
89877	346968
89878	346969
89879	346970
89880	346971
89881	346846
89882	426497
89883	227605
89884	469830
89885	241903
89886	322906
89887	411742
89888	411743
89889	411668
89890	411669
89891	128770
89892	128771
89893	128617
89894	128618
89895	257880
89896	257881
89897	515089
89900	366207
89901	469836
89902	469837
89903	72271
89904	78938
89905	25511
89906	19762
89907	26444
89908	26447
89909	24608
89910	8175
89911	501246
89912	382829
89913	426441
89914	382831
89915	426442
89916	382833
91047	20623
91048	158024
93152	349042
93153	64173
93154	64174
93155	64175
93156	349046
93157	64176
93158	242539
93160	257737
93162	310992
93164	370768
93166	349080
93168	349082
93170	370770
93172	493613
93174	394761
93176	394763
93178	311021
93180	311023
93181	349123
93183	349125
93185	394797
93187	394799
93189	427099
93191	427101
93192	471351
93194	27850
93196	32611
93197	151930
93199	14678
93200	151931
93201	151932
93202	151933
93203	151935
93204	151936
93205	190118
93207	190121
93209	190123
93217	257745
93218	257747
93231	16281
93234	16539
93236	16545
93238	20768
93240	20773
93241	20780
93242	20788
93243	20805
93244	20831
93245	28843
93248	28860
93249	28869
93250	28879
93251	28887
93252	167118
93253	29866
93255	29872
93256	29882
93257	29888
93258	29894
93264	26242
93265	26261
93266	70026
93267	70027
93268	70028
93269	70029
93270	70030
93271	28452
93272	28462
93273	28472
93274	28477
93275	28485
93285	370856
93286	308895
93287	241796
93288	178200
93289	178201
93290	73404
93291	73578
93292	198768
93293	21757
93294	23338
93296	23387
93297	23396
93298	23405
93299	23419
93300	23444
93301	23482
93302	23491
93304	413681
93306	413684
93309	450542
93310	450543
93311	450544
93312	471326
93313	471327
93314	471328
93315	471329
93316	20393
93317	20403
93318	20414
93319	20425
93320	20441
93321	20459
93322	69839
93324	69842
93325	69844
93327	69847
93328	69849
93330	69852
93331	370822
93333	370824
93335	370826
93337	370828
93341	370830
93342	413793
93344	413795
93346	413797
93347	413798
93349	413800
93350	413801
93352	192292
93353	257756
93354	311018
93355	349114
93356	349115
93357	349116
93358	349117
93359	349118
93360	242552
93361	349119
93362	349120
93364	198769
93365	198770
93366	426930
93367	445261
93368	426932
93369	426933
93370	426934
93371	426935
93372	426936
93373	445683
93374	426938
93375	426939
93376	468948
93378	130063
93379	227980
93380	130061
93381	156358
93382	157302
93383	227984
93384	227985
93385	19557
93386	26882
93387	27166
93388	27167
93389	27168
93390	27169
93391	166789
93392	27174
93393	177810
93394	27177
93395	469136
93396	469137
93397	469138
93398	469139
93399	469140
93400	469141
93401	469142
93402	469143
93403	469144
93404	469145
93405	341687
93406	437169
93407	437170
93408	437171
93409	368107
93410	437173
93411	243513
93412	79559
93413	156399
93414	208799
93415	156709
93416	20525
93417	166817
93418	20527
93419	14288
93420	20530
93421	426919
93422	426920
93423	445452
93424	426922
93425	426923
93426	426924
93427	445131
93428	469361
93429	166461
93430	445133
93431	196795
93432	310408
93433	341914
93434	156346
93435	156362
93436	345936
93437	345937
93438	27002
93439	157599
93440	27120
93443	386980
93445	367441
93447	244522
93449	243690
93450	243692
93451	469199
93452	469200
93453	469201
93454	469202
93455	469203
93456	469204
93457	445332
93458	445333
93459	469205
93460	469206
93461	310151
93462	310152
93463	310153
93464	310154
93465	310155
93466	310401
93467	18983
93468	310455
93469	310159
93470	310160
93472	27062
93477	155323
93478	158190
93479	155407
93480	158192
93481	155408
93482	155409
93483	155410
93484	158196
93485	156176
93486	156177
93487	20726
93488	20728
93489	20735
93490	20736
93491	20740
93492	20742
93493	20743
93494	20744
93495	20745
93496	20756
93497	27971
93498	27972
93499	156778
93500	27981
93501	158000
93502	27983
93503	386824
93504	157302
93505	177811
93506	27988
93508	157561
93509	157560
93510	24941
93511	156685
93512	342015
93513	17044
93514	16294
93515	16309
93516	16312
93517	16314
93518	16294
93519	16349
93520	16352
93521	16355
93522	16370
93523	16373
93524	386848
93525	21393
93526	386850
93527	386851
93528	386852
93529	386853
93530	386854
93531	386855
93532	208375
93533	386857
93534	342014
93535	342015
93536	469182
93537	166487
93538	157302
93539	310628
93540	342020
93541	342021
93542	14524
93543	342023
93544	157302
93545	155286
93546	155285
93547	26010
93548	26012
93549	26013
93550	26014
93551	26015
93552	26016
93553	26017
93554	25148
93555	158397
93556	25161
93557	156837
93558	158399
93559	157382
93560	25163
93561	25164
93562	25166
93563	156836
93564	310072
93565	310073
93566	310074
93567	310075
93568	310076
93569	20121
93570	158868
93571	23950
93572	23951
93573	23952
93574	23953
93575	23954
93576	23956
93577	23957
93578	23958
93579	157526
93580	24613
93581	24615
93582	24617
93583	24619
93584	24620
93585	24621
93586	156836
93587	24625
93588	25878
93589	155418
93590	157563
93592	25881
93594	16991
93595	469254
93596	157302
93597	25882
93598	156447
93599	26983
93600	26986
93601	15750
93602	26988
93603	154972
93604	154973
93605	156149
93606	158790
93607	158791
93608	158792
93611	158794
93612	158795
93613	14313
93614	241670
93615	241671
93616	156348
93617	156358
93618	469254
93619	157305
93620	155720
93621	25434
93622	227970
93623	158290
93624	156498
93625	14559
93626	157264
93627	14561
93628	14583
93629	14750
93630	13796
93631	3883
93632	14768
93633	158906
93634	158907
93635	493055
93636	156602
93637	156603
93638	158294
93639	156605
93640	156606
93641	156607
93642	156608
93643	156609
93644	155032
93645	156176
93646	155541
93647	11769
93648	155543
93649	156561
93650	155545
93651	155546
93653	155548
93654	155549
93655	445546
93656	426838
93657	79291
93658	426840
93659	310258
93660	445547
93661	445548
93662	445131
93663	426845
93664	445550
93665	342037
93666	342038
93667	342039
93668	342039
93669	342038
93670	341945
93671	208553
93672	342044
93673	243513
93674	342046
93675	121135
93676	468892
93677	468893
93678	468894
93679	468895
93680	468896
93681	468897
93682	468898
93683	468899
93684	468900
93685	469319
93687	445384
93688	166454
93689	445386
93690	445387
93691	166441
93692	514156
93694	445384
93695	158028
93696	26913
93697	26915
93698	157244
93699	208553
93700	156381
93701	24041
93702	26919
93703	26921
93704	26923
93705	155418
93706	157982
93707	24041
93708	24043
93709	24044
93710	157501
93711	157036
93712	24046
93713	24048
93714	24050
93715	25577
93716	166913
93717	243575
93718	25581
93719	157494
93720	25583
93721	155418
93722	70426
93723	157496
93724	310526
93725	17260
93726	367952
93727	445127
93728	26532
93732	445129
93733	445127
93734	342020
93735	157302
93736	426799
93737	513316
93738	513317
93739	156837
93740	156949
93741	17315
93742	513321
93743	513322
93744	513323
93745	513324
93746	445261
93748	243690
93749	243691
93750	243692
93751	243693
93752	243694
93754	243692
93756	402383
93757	345432
93758	177818
93759	21431
93760	21433
93761	21434
93762	21435
93763	21436
93764	21437
93765	21438
93766	156947
93767	21441
93768	156350
93773	25909
93776	310356
93779	310395
93780	342008
93781	342009
93782	322877
93783	310109
93784	310110
93785	310111
93786	310112
93788	310114
93789	368093
93790	26640
93791	156346
93792	412325
93793	156935
93794	412327
93795	412328
93796	412329
93797	412330
93798	412229
93799	412332
93800	412280
93801	412281
93802	68097
93803	130168
93804	130169
93805	130170
93806	130171
93807	157224
93808	155383
93809	157141
93810	130172
93811	469068
93812	82472
93813	445668
93814	157158
93815	4793
93816	157730
93817	157732
93818	4796
93819	198965
93821	156837
93822	156702
93823	156836
93824	182845
93825	155418
93826	27667
93827	157299
93828	156356
93829	198866
93830	342161
93831	342162
93832	342163
93833	341866
93834	130252
93835	341865
93836	342167
93837	342168
93838	367942
93839	130118
93841	130119
93842	156107
93843	158584
93844	130121
93845	156707
93846	157005
93847	241675
93848	156949
93849	156837
93850	156949
93851	156837
93855	156956
93856	75819
93857	79344
93858	161641
93859	161641
93860	87774
93861	83549
93862	226045
93863	157302
93864	87775
93865	87776
93866	87777
93867	161643
93868	341838
93869	341839
93870	412223
93871	341841
93872	412224
93873	412225
93874	412226
93875	412329
93876	412228
93877	412229
93878	367910
93879	26145
93880	157166
93881	157167
93882	157168
93883	157169
93884	157170
93885	26029
93886	227992
93887	64424
93888	158277
93889	26034
93890	68440
93891	157153
93892	23457
93893	23458
93894	157313
93895	23460
93896	23462
93897	157513
93898	157513
93899	134013
93900	157151
93901	156178
93902	155411
93903	155412
93904	156179
93905	156007
93906	155623
93907	156116
93908	166931
93909	156940
93910	154863
93911	367876
93912	367877
93914	367879
93915	367880
93917	283835
93918	367883
93919	367884
93920	367885
93921	310315
93922	310316
93923	22399
93924	9646
93925	310319
93926	310320
93927	310321
93928	227881
93929	310323
93930	28203
93931	28205
93932	158202
93933	158203
93934	157151
93935	8539
93936	158205
93937	28214
93938	28215
93939	28216
93940	83565
93941	83566
93942	157252
93943	83567
93944	22188
93945	22190
93946	30903
93947	155941
93948	83568
93949	83569
93950	158821
93951	66405
93952	23898
93953	310202
93954	310203
93955	23902
93956	243777
93957	23905
93958	156339
93959	23907
93960	129890
93961	166391
93962	227888
93964	227888
93965	17316
93966	166396
93968	227991
93970	156345
93971	412279
93972	23113
93973	157158
93974	208799
93975	79558
93976	79559
93977	79560
93978	198900
93979	166454
93981	166456
93982	166457
93983	166458
93984	166459
93985	166460
93986	166461
93987	166461
93988	166463
93989	310184
93990	310185
93991	196795
93992	184982
93993	310186
93994	22399
93995	310370
93996	27687
93997	310190
93998	341937
93999	341938
94000	341939
94001	341896
94003	341942
94004	208553
94005	341944
94006	341945
94007	157305
94008	17269
94009	17270
94010	17271
94011	23843
94012	17273
94013	17274
94014	17275
94015	17276
94016	17278
94017	17279
94018	341900
94019	157302
94020	157307
94021	156356
94022	341904
94023	341905
94024	341906
94025	341907
94026	341908
94027	341909
94028	25907
94029	25909
94030	22962
94031	25911
94032	25912
94033	25913
94034	25915
94035	25917
94036	25919
94037	156642
94038	24973
94039	24974
94040	156826
94041	24975
94042	24976
94043	24977
94044	24979
94045	24980
94046	24984
94047	24988
94049	167019
94051	386973
94052	166463
94053	158621
94055	227971
94056	227972
94057	227973
94058	310211
94059	227975
94060	227976
94061	227899
94062	227900
94063	227901
94064	166484
94065	227903
94066	227904
94067	227905
94068	227906
94069	227907
94071	559309
94072	559310
94073	558978
94074	559088
94075	558980
94076	558981
94077	558982
94078	558983
94080	558985
94081	157307
94083	158023
94084	129930
94085	161602
94086	161603
94087	157302
94088	158201
94089	130117
94090	130207
94091	445525
94092	445526
94093	445527
94094	445528
94097	445531
94098	445532
94099	445533
94100	445534
94101	310435
94102	157302
94103	310437
94104	157305
94105	310439
94106	310440
94107	310441
94108	310442
94109	310443
94110	310444
94112	310552
94113	310553
94114	166487
94115	185019
94116	412191
94117	130207
94118	158669
94119	158670
94120	155021
94121	156106
94122	158673
94123	158674
94124	158675
94125	158676
94126	158677
94127	158560
94129	23597
94130	64492
94131	23599
94132	16763
94133	23602
94134	23603
94135	23605
94136	156727
94137	559008
94138	559009
94144	559015
94145	559016
94146	559017
94147	156837
94148	156702
94150	161698
94151	158773
94152	161699
94153	130132
94154	83451
94155	166500
94156	83453
94157	310569
94158	310570
94159	310571
94160	310572
94161	341864
94162	310574
94163	310575
94164	310576
94165	310577
94166	310578
94167	341712
94168	341713
94169	127051
94170	341715
94171	341716
94172	341717
94174	341719
94175	341720
94176	469147
94177	469148
94178	469149
94179	445181
94180	469150
94181	469151
94182	445184
94183	469152
94184	469153
94185	469154
94186	75889
94187	22148
94188	22150
94190	130210
94191	22170
94192	22171
94193	22172
94194	184656
94197	17394
94198	17396
94199	17398
94200	17399
94201	17400
94202	158461
94203	158461
94205	166489
94206	243778
94207	130207
94208	156837
94209	232266
94210	232267
94211	156855
94212	156856
94213	156857
94214	156858
94215	156859
94216	21636
94218	21011
94219	445700
94220	14524
94221	83410
94222	14524
94223	158298
94224	87791
94225	161645
94226	156817
94227	161646
94228	87795
94229	87796
94230	379748
94234	367563
94235	492928
94236	492985
94237	492930
94238	492931
94239	492932
94240	492933
94241	492934
94242	492935
94243	492936
94244	492937
94245	23850
94246	23852
94247	23853
94248	23855
94251	70431
94252	70432
94253	310639
94254	25733
94255	341865
94256	310642
94257	310643
94258	310644
94259	310645
94260	310646
94261	157301
94262	310648
94263	157409
94264	75902
94265	79437
94266	157404
94267	157405
94268	157619
94269	342035
94270	75951
94271	75952
94273	469155
94274	445306
94275	158008
94276	13758
94277	469159
94278	469160
94279	158294
94280	469162
94281	469163
94291	9835
94292	9836
94293	9837
94294	9838
94295	9839
94296	9840
94297	9841
94298	9842
94299	9843
94300	9844
94301	157665
94302	23840
94303	23841
94304	23842
94305	23843
94306	23844
94307	23845
94308	23846
94309	23847
94310	158425
94311	158137
94312	154974
94313	155415
94314	24803
94315	24804
94316	157302
94317	157493
94318	158142
94319	158143
94320	158144
94321	79357
94322	129989
94324	198792
94325	158339
94326	198794
94327	368001
94328	157301
94329	166454
94330	166441
94332	445386
94333	166789
94334	310599
94335	208350
94336	310601
94337	310602
94338	129935
94339	310604
94340	310605
94341	310606
94342	445614
94343	310608
94344	310412
94345	310670
94346	310671
94347	310672
94349	310674
94350	310675
94351	310676
94352	310677
94353	226068
94354	27023
94355	27024
94356	156594
94357	158460
94358	27025
94359	27028
94360	27032
94361	27034
94362	158461
94363	158462
94364	18351
94365	18353
94366	18365
94367	18369
94368	18371
94369	18373
94370	18374
94371	18375
94372	18378
94373	18380
94374	18394
94375	18395
94376	18397
94377	18398
94378	23255
94379	157037
94380	18413
94381	18415
94382	18416
94383	157033
94384	130128
94385	130129
94387	157302
94388	157307
94389	156356
94390	130130
94391	130070
94392	227889
94393	157302
94394	157307
94395	227892
94396	227893
94397	227894
94398	227895
94399	227896
94400	227897
94401	227898
94402	198756
94403	380011
94404	380012
94405	155190
94406	386925
94407	380014
94408	341914
94409	412294
94410	156362
94411	412296
94412	27726
94413	27728
94414	27730
94415	27731
94416	27732
94417	27733
94418	27735
94419	27736
94420	27737
94421	26794
94422	26798
94423	26800
94424	166448
94425	26802
94426	158426
94427	158427
94428	156947
94429	26808
94430	156703
94431	130069
94432	130070
94433	130071
94434	130072
94436	2413
94437	2342
94438	156926
94439	130191
94440	130192
94441	130193
94442	130194
94443	130195
94444	130196
94445	184657
94446	184658
94447	198943
94448	20194
94449	23998
94450	158282
94451	226054
94452	198641
94453	24012
94454	24014
94455	24016
94456	24019
94457	24022
94458	17354
94459	17356
94460	17371
94461	17373
94462	17376
94463	17378
94464	17382
94465	17384
94466	17386
94467	17387
94468	157087
94469	158001
94470	26037
94471	11794
94473	9641
94474	25746
94475	345923
94476	25750
94477	157307
94478	157300
94479	25753
94480	368107
94481	166484
94482	208413
94483	426793
94484	426859
94485	426860
94486	445631
94487	445562
94491	445564
94492	166489
94493	445618
94494	426757
94495	445261
94496	445620
94497	156837
94499	445621
94500	426763
94501	426764
94502	513284
94503	185011
94504	426754
94505	156709
94506	83365
94507	83366
94508	129916
94509	182835
94510	157850
94511	83369
94512	166780
94513	166781
94514	166782
94515	166783
94516	166784
94517	166785
94518	166786
94519	166454
94521	166789
94522	156109
94523	177845
94524	158167
94525	158168
94526	158169
94527	158170
94528	307625
94529	22114
94530	22131
94531	22134
94532	22137
94533	27112
94534	158006
94536	18249
94537	157598
94538	157599
94539	27120
94540	27123
94541	22399
94542	27126
94544	156957
94545	25622
94546	25623
94547	25624
94548	25626
94550	25630
94551	25631
94552	25632
94553	17674
94554	17675
94555	17676
94556	17677
94557	17678
94558	342015
94559	17680
94560	17681
94561	17682
94562	17683
94563	27323
94564	27324
94565	27325
94567	27329
94568	156583
94569	27332
94570	27333
94571	27334
94572	156583
94573	68367
94574	130135
94575	68369
94576	68370
94577	68371
94578	68372
94579	68373
94580	68362
94581	156594
94582	68374
94583	79448
94584	79449
94585	156432
94586	79451
94587	79452
94588	79453
94589	79454
94590	83407
94591	83408
94592	157082
94593	445241
94594	243721
94595	341867
94596	445244
94597	445245
94598	445261
94599	445247
94600	445248
94601	445249
94602	445250
94603	469119
94604	469120
94605	155411
94606	469122
94607	469123
94608	469124
94609	469125
94610	469126
94611	469127
94612	468997
94613	492969
94614	492970
94615	342020
94616	130207
94617	492973
94618	157301
94619	492975
94620	492976
94621	492977
94622	492978
94623	26384
94624	26385
94625	26386
94626	26387
94627	26390
94628	26394
94629	412196
94630	341894
94631	26396
94632	157850
94634	243519
94635	19587
94636	19588
94637	19589
94638	19590
94639	19591
94640	19592
94641	19593
94642	19594
94643	155383
94644	130146
94645	130147
94646	130148
94647	158028
94648	130149
94650	156703
94651	130150
94652	130151
94653	156594
94654	158460
94655	157302
94656	70426
94662	559152
94663	559153
94665	559155
94666	243747
94667	24297
94669	166454
94670	185011
94671	156947
94672	157401
94673	24300
94674	177810
94675	158466
94676	21870
94678	158118
94679	79562
94680	158119
94681	227833
94682	227834
94683	227835
94684	23068
94685	75836
94686	75837
94687	25389
94688	25390
94689	25393
94690	157307
94691	157302
94692	445631
94693	427042
94695	427044
94696	157307
94697	469269
94698	445117
94699	76032
94700	445261
94701	426893
94702	469361
94703	445119
94704	198873
94705	445621
94706	426898
94707	26706
94708	26707
94709	158168
94710	158167
94711	26713
94712	26716
94713	26717
94714	26718
94715	26719
94716	26721
94717	13822
94718	13823
94719	157395
94720	185011
94721	185011
94722	13829
94723	13830
94724	13832
94725	13835
94726	13842
94727	310625
94728	310626
94729	310627
94730	310628
94731	341866
94732	445414
94733	342089
94734	367921
94735	156362
94736	310299
94737	310300
94738	310301
94739	367926
94740	367927
94741	367928
94742	5696
94743	347470
94747	347493
94748	347494
94749	347017
94750	227352
94751	227350
94752	25959
94753	83585
94754	310309
94755	25963
94756	156823
94757	157289
94758	83586
94759	18285
94760	18286
94761	83587
94762	513280
94763	513281
94764	513282
94765	513283
94766	513284
94767	17262
94768	445261
94769	513287
94770	157307
94771	157302
94772	158429
94773	77958
94774	79383
94775	79384
94776	75926
94777	341980
94778	79386
94779	310500
94780	466160
94781	466161
94783	466169
94784	367456
94785	466171
94786	367458
94787	501052
94790	310532
94791	367582
94792	13758
94793	310535
94794	310536
94795	310537
94796	437182
94797	310539
94798	310540
94799	310541
94800	158906
94801	158907
94802	158908
94803	20271
94804	20280
94805	158463
94806	20297
94807	20299
94808	156938
94809	20304
94810	426806
94811	426807
94812	426808
94813	198856
94814	426810
94815	445237
94816	445238
94817	445631
94818	426814
94819	445240
94820	166817
94821	83508
94822	157307
94823	87798
94824	157983
94825	87799
94826	87800
94827	87801
94828	157563
94829	87802
94830	367006
94832	341794
94833	341795
94834	341796
94835	367993
94837	367995
94838	367996
94839	341742
94840	367997
94841	157428
94842	341745
94843	341746
94844	469159
94845	28191
94846	28192
94847	158463
94848	28193
94849	28194
94850	158464
94851	156836
94852	28197
94853	28199
94854	28201
94855	28083
94856	19555
94857	28086
94858	28088
94859	156837
94860	156836
94861	28093
94862	157357
94863	28095
94864	28096
94865	156384
94866	75806
94867	157578
94868	157579
94869	155340
94870	157581
94871	157582
94872	75800
94873	75808
94874	75809
94875	68353
94876	23365
94877	68354
94878	68355
94879	68356
94880	11111
94881	68357
94882	23371
94883	68358
94884	130061
94885	23317
94886	130062
94887	130063
94888	130064
94889	130065
94890	130066
94891	130067
94892	130067
94893	130272
94894	130137
94895	161628
94896	79303
94897	155621
94898	155588
94899	83390
94900	83391
94901	156837
94902	156702
94903	469292
94904	469293
94905	469294
94906	469295
94907	469296
94908	469297
94909	469298
94910	469299
94911	469300
94912	469301
94913	341892
94914	158560
94915	158173
94916	158174
94917	157302
94918	155711
94919	155712
94920	156109
94921	155203
94922	156029
94924	26952
94925	26953
94926	26954
94927	157305
94928	157563
94929	26958
94930	26960
94931	26961
94932	26963
94933	379732
94934	161635
94935	158290
94936	379733
94937	379734
94938	380072
94939	379736
94940	161635
94952	310425
94953	310425
94954	310427
94955	310428
94956	310429
94957	368098
94958	368004
94959	185053
94960	310455
94961	310434
94962	445151
94963	445152
94964	469213
94966	445155
94967	166454
94968	445157
94969	445158
94970	445159
94971	445160
94972	156481
94973	27471
94974	27472
94975	27475
94976	27476
94977	27478
94978	158113
94979	27481
94980	157300
94981	27484
94982	155721
94983	9827
94984	158738
94985	158739
94986	158094
94987	9831
94988	9832
94989	9833
94990	158094
94991	5953
94992	83426
94993	83427
94994	83428
94995	83429
94996	28233
94997	243471
94998	243472
94999	243473
95000	243474
95001	243475
95002	243476
95003	177816
95004	158022
95006	243480
95007	426905
95010	130137
95013	426905
95014	426906
95015	426907
95016	445401
95017	157302
95018	23642
95019	23644
95020	23646
95021	23648
95022	23651
95023	23653
95027	19568
95028	241682
95029	157307
95030	157302
95031	157824
95032	157479
95033	19571
95034	157307
95035	17260
95036	157348
95037	366165
95038	366166
95039	366167
95040	366168
95041	366169
95042	366170
95043	366166
95044	366172
95045	366173
95046	366174
95047	226016
95048	226017
95049	226018
95050	14288
95052	156107
95053	83392
95054	157302
95055	83393
95056	83394
95057	158395
95058	83395
95059	83396
95060	83397
95061	83436
95062	83437
95063	83438
95064	83439
95065	83440
95066	83441
95067	83442
95068	83443
95069	412388
95070	412389
95071	412390
95072	412391
95073	61791
95074	412393
95075	412394
95076	130207
95077	412390
95078	412397
95080	9845
95081	22035
95082	22070
95083	22073
95084	22079
95085	157300
95086	157301
95087	22083
95088	22084
95089	22086
95091	368157
95092	368158
95093	368159
95094	368160
95095	368161
95096	368162
95097	368163
95098	368164
95099	402333
95100	27191
95101	27193
95102	513397
95103	26227
95104	513399
95105	513400
95106	513401
95107	513402
95108	513403
95109	469269
95110	156836
95111	513406
95112	156451
95113	156452
95114	27960
95116	156956
95117	27966
95119	156702
95120	27969
95121	27970
95122	445412
95123	27877
95124	27878
95125	27879
95126	27880
95127	27881
95128	27883
95129	20802
95130	27885
95131	21596
95132	21597
95133	158476
95134	158477
95135	21604
95136	21605
95137	21607
95138	21608
95139	21610
95140	158581
95141	130265
95142	130266
95143	130267
95144	130268
95145	130269
95146	130270
95147	130271
95148	28252
95149	28254
95150	28256
95151	28258
95152	28259
95153	28260
95154	28262
95155	28264
95156	28265
95157	156957
95158	66379
95159	22271
95160	158202
95161	134013
95162	158203
95163	22275
95164	22276
95165	157151
95166	22277
95167	75899
95169	75900
95171	157409
95172	75902
95173	157404
95174	79334
95176	27356
95177	310177
95178	242596
95179	345921
95182	242600
95183	158463
95184	24465
95185	24466
95186	368024
95187	368025
95188	368026
95189	368027
95190	368028
95191	368029
95192	157303
95193	368031
95194	368032
95195	386802
95196	157302
95197	155029
95198	426880
95199	426881
95200	426882
95201	198860
95202	426884
95203	309037
95204	156606
95205	447425
95206	83377
95207	83378
95208	166817
95209	83379
95210	120789
95211	158298
95212	83381
95213	83382
95214	158001
95215	468965
95216	367902
95217	367903
95218	367904
95219	367903
95220	367903
95221	367907
95222	367907
95223	367907
95224	367910
95230	468276
95236	18434
95237	158561
95238	158562
95239	24329
95240	157360
95241	18477
95242	18480
95243	156348
95244	156107
95245	26435
95246	26437
95247	26438
95248	26439
95249	83515
95250	26442
95251	26443
95252	26445
95253	26446
95254	26448
95255	75889
95256	158727
95257	156947
95258	9777
95259	9778
95260	158298
95261	9780
95262	158498
95263	310408
95264	196795
95265	26950
95266	198728
95267	198729
95268	198730
95269	198806
95270	198807
95271	198808
95272	198809
95273	82472
95275	157037
95276	158599
95277	27809
95278	27810
95279	157037
95280	27813
95281	27814
95282	27815
95283	27817
95284	27824
95285	156832
95286	156832
95287	156832
95288	26254
95289	26255
95290	26257
95291	26258
95292	26260
95293	156835
95294	26262
95295	242581
95297	166468
95298	198913
95299	198914
95300	345921
95302	19028
95303	13758
95304	445423
95305	445424
95306	445425
95307	513245
95308	513246
95309	367441
95310	447543
95311	513249
95312	447541
95313	208372
95314	208373
95315	208374
95316	208375
95317	177816
95318	412390
95319	208378
95320	208379
95321	208380
95322	208381
95323	341969
95324	26882
95325	26057
95326	24917
95327	385043
95328	26884
95329	26885
95330	26886
95331	26887
95332	177810
95333	26891
95334	386816
95335	386817
95336	27851
95337	27854
95338	27855
95339	27856
95340	27862
95341	27864
95342	27866
95343	27867
95344	25076
95345	27872
95346	185033
95347	208350
95348	185035
95349	341748
95350	341749
95351	341750
95352	341751
95353	198961
95354	198962
95355	341754
95356	156837
95357	156836
95359	243560
95360	243561
95361	243562
95362	243563
95363	243564
95364	243565
95365	227991
95366	19385
95368	19387
95369	19388
95370	19390
95371	19392
95372	19394
95373	19395
95374	19396
95375	19397
95376	83528
95377	158022
95378	157307
95379	157308
95380	83529
95381	83530
95382	83531
95383	157307
95384	157302
95385	87814
95387	386836
95388	386837
95389	386838
95390	386839
95391	157302
95392	25882
95393	386842
95394	386843
95395	386844
95396	198865
95398	198784
95399	198785
95400	198786
95401	156107
95402	198788
95403	198789
95404	198790
95405	198791
95406	228000
95407	130061
95408	228002
95409	228003
95410	228004
95411	156107
95412	228006
95413	228007
95414	341937
95415	228009
95416	197851
95417	342079
95418	178160
95419	342081
95420	342082
95421	342083
95422	158023
95423	184643
95424	342029
95425	342087
95426	21392
95427	21393
95428	21394
95429	21395
95430	157199
95431	156935
95432	157826
95433	157939
95434	156825
95435	21400
95436	243525
95437	156362
95438	26206
95439	157333
95440	341966
95441	341967
95442	341968
95443	22934
95444	22940
95445	22941
95446	22354
95447	22355
95448	22376
95449	22379
95450	22380
95451	22381
95452	22382
95453	22383
95454	22395
95455	22397
95456	16950
95457	16952
95458	16953
95459	16954
95460	16955
95461	157430
95462	16957
95463	16959
95464	16960
95465	386820
95466	386821
95467	425583
95468	469051
95469	425595
95470	425596
95471	425587
95472	425588
95473	425589
95474	425607
95475	559061
95476	559062
95477	559063
95478	157563
95479	68094
95480	158479
95481	14288
95482	157305
95483	154871
95484	68095
95485	469064
95486	68097
95487	386835
95488	386996
95489	386997
95490	386998
95491	386999
95492	387000
95493	386705
95494	387002
95495	387003
95496	387004
95497	387005
95498	368065
95500	157302
95501	157307
95502	156837
95504	412299
95505	368072
95506	156703
95507	16918
95508	16919
95509	16920
95510	16938
95511	16940
95512	16941
95513	16943
95514	16945
95515	16946
95516	156984
95517	26115
95518	26116
95519	26118
95520	26120
95521	26121
95522	26123
95523	26125
95524	26126
95525	26127
95526	26128
95527	26401
95528	310309
95529	26402
95530	158110
95531	26403
95532	26405
95533	26408
95535	26413
95536	26414
95537	16375
95538	19595
95539	368004
95540	68090
95541	19604
95542	68091
95543	14923
95544	19614
95545	19615
95546	227887
95547	156836
95548	156837
95549	156502
95550	156702
95551	25518
95552	25520
95553	25521
95554	157634
95555	156505
95556	156506
95557	130207
95558	184959
95559	22399
95560	184961
95561	184962
95562	184963
95563	184964
95564	184965
95565	184966
95566	368111
95567	184968
95568	18658
95569	18656
95570	18655
95571	198928
95572	22399
95574	27201
95575	156991
95576	27205
95577	27206
95578	157307
95579	157302
95580	469070
95581	469182
95583	310362
95584	310363
95585	310364
95586	310365
95587	310366
95588	79375
95589	156362
95590	79376
95591	79377
95592	79378
95593	79379
95594	156835
95595	79380
95596	79381
95597	79382
95598	386733
95599	386734
95600	386735
95601	158560
95602	386794
95603	130173
95604	386739
95605	386740
95606	17260
95607	341937
95608	198863
95609	158110
95610	196795
95611	83562
95612	83563
95613	25681
95614	79541
95615	79542
95616	158110
95617	157303
95618	198833
95619	198834
95622	185019
95623	198838
95624	198839
95625	155383
95626	198841
95627	198879
95628	367565
95629	367463
95630	157714
95631	367465
95635	466163
95636	466164
95637	367471
95638	341842
95639	341843
95640	367931
95641	366176
95642	366177
95643	367931
95644	412262
95645	412263
95646	412264
95647	412265
95648	155985
95649	155810
95650	16290
95651	156319
95652	16291
95653	16292
95654	15729
95655	26399
95656	9646
95657	79532
95658	79533
95659	15729
95660	157374
95661	79535
95662	79536
95663	19595
95664	23682
95665	227881
95666	227882
95667	227883
95668	227884
95669	227885
95670	227886
95671	227887
95672	21993
95673	21994
95674	21995
95675	21996
95676	21998
95677	21999
95678	22000
95679	22004
95680	22005
95681	16961
95682	16962
95683	16964
95684	156829
95685	156830
95686	156831
95687	16989
95688	16991
95689	21627
95690	25934
95691	156420
95692	23262
95694	156422
95695	156420
95696	156453
95697	156422
95698	156836
95699	23273
95700	158098
95701	17315
95703	366166
95704	366193
95705	366194
95706	366169
95707	366196
95708	366166
95709	366172
95710	13741
95711	25171
95712	25173
95713	18983
95714	25177
95715	25180
95716	25182
95717	25184
95718	25187
95719	157333
95720	9649
95721	155983
95722	155984
95723	155985
95724	155986
95725	155987
95726	9655
95727	155989
95728	156370
95729	156371
95730	310702
95731	158024
95732	310704
95733	310705
95734	130207
95735	157714
95736	310405
95737	158022
95738	310710
95739	310559
95740	155411
95741	310561
95743	310563
95744	310564
95745	310565
95746	310566
95747	368002
95748	283749
95749	157305
95750	157303
95751	155383
95752	156949
95753	156837
95754	198759
95757	386811
95758	196795
95759	75833
95760	226048
95761	243657
95762	243658
95763	243659
95764	243660
95765	243661
95766	243662
95767	243663
95768	243664
95769	27503
95770	156495
95771	157853
95772	27507
95773	27508
95774	156497
95775	27510
95776	27512
95777	27513
95778	27515
95779	208396
95781	25362
95782	25363
95783	19361
95784	25367
95785	25368
95786	25369
95787	25371
95788	25373
95789	25374
95790	25378
95791	158052
95792	26993
95793	26995
95794	198845
95795	26997
95796	157850
95797	155075
95798	158006
95799	27002
95800	27003
95801	241676
95802	241677
95803	241678
95804	241679
95805	79458
95806	79459
95807	79460
95808	79461
95809	79462
95810	79463
95811	79464
95812	79465
95813	79466
95815	342151
95817	492931
95818	342142
95819	342143
95820	342156
95821	342157
95822	342158
95823	342159
95824	342160
95826	310070
95827	310071
95828	22282
95829	22283
95830	22284
95831	22286
95832	22288
95833	368018
95834	412220
95835	412221
95836	412222
95837	445149
95839	24920
95840	241668
95841	386893
95842	386894
95843	386895
95844	386896
95845	386897
95846	386898
95847	386899
95848	70447
95849	386901
95850	26847
95851	21193
95852	26849
95853	26850
95854	26851
95855	26852
95856	26853
95857	26854
95858	158052
95859	157154
95860	166474
95861	157303
95862	198860
95863	166505
95864	412214
95865	157305
95866	157363
95867	166481
95870	182983
95871	226047
95872	310531
95873	184708
95874	184709
95875	341866
95876	184711
95877	341865
95878	184713
95879	25539
95880	157300
95881	157301
95882	158034
95883	25542
95884	25545
95885	25546
95886	25547
95887	129882
95888	68398
95889	68407
95890	68408
95891	70429
95892	68409
95893	19866
95894	70768
95895	70769
95896	70770
95897	23943
95898	130060
95899	24070
95900	24072
95901	24073
95902	24075
95903	24076
95904	24079
95905	24080
95906	24081
95907	166419
95908	310285
95909	310286
95910	310287
95911	310288
95912	310289
95913	310290
95915	310292
95916	310293
95917	310294
95918	22891
95919	158460
95920	22894
95921	22918
95922	19366
95923	22919
95924	22920
95925	24218
95926	130022
95927	22923
95928	14048
95929	14052
95930	14062
95931	14065
95932	14067
95933	14068
95934	14070
95935	14072
95936	14074
95937	14076
95938	310305
95939	130207
95940	310307
95941	310308
95942	310309
95943	310310
95944	310311
95945	310402
95946	310313
95947	310314
95949	23710
95950	157140
95951	23711
95952	23712
95953	23713
95954	23714
95955	23715
95956	23717
95957	23719
95958	158784
95959	27993
95960	156703
95961	27995
95962	27998
95963	426754
95964	28001
95965	28002
95966	70425
95967	28004
95968	243572
95969	198871
95970	243719
95971	243720
95972	243721
95973	243722
95975	243724
95976	243725
95977	243705
95978	310295
95979	310296
95980	310297
95981	156362
95982	310299
95983	310300
95984	310301
95985	310302
95986	310303
95987	310304
95988	310175
95989	310176
95990	412240
95991	412241
95992	445485
95993	513328
95994	513329
95997	130163
95998	16959
95999	157578
96000	158118
96001	157579
96002	341894
96003	157581
96004	158621
96005	20429
96006	20430
96007	130137
96010	227888
96011	130063
96012	130140
96013	130141
96014	130142
96015	130143
96016	158034
96018	310721
96019	310722
96020	310723
96021	310724
96022	368098
96023	310726
96024	22399
96025	492931
96026	158339
96027	157714
96028	156208
96029	493016
96030	493017
96031	493018
96032	10228
96033	493020
96034	493021
96035	157307
96036	493023
96037	493024
96038	79414
96041	445306
96042	367441
96043	380044
96044	412401
96045	445645
96046	445646
96047	466288
96048	25715
96049	157985
96050	158296
96051	25718
96052	157152
96053	9687
96054	9688
96055	9689
96056	9690
96057	9691
96058	9692
96059	9693
96060	9694
96061	9695
96062	155411
96063	243789
96064	243790
96065	243791
96066	243792
96067	243793
96068	310609
96069	243795
96070	370367
96073	158410
96074	130255
96075	130256
96076	130257
96077	130258
96078	130259
96079	130260
96080	130261
96081	130262
96082	130263
96083	368008
96084	368009
96085	368010
96086	368011
96087	412185
96088	412186
96089	412187
96090	412188
96091	468977
96092	468978
96093	426996
96094	426997
96096	310309
96097	78832
96098	427001
96099	427002
96100	427003
96101	427004
96102	427005
96103	161681
96104	446724
96105	161683
96106	130116
96107	161685
96108	198867
96109	198868
96110	161686
96111	161687
96112	25954
96113	25955
96114	156582
96115	156583
96116	158407
96117	25956
96118	156384
96119	156585
96120	25957
96121	25958
96123	157302
96124	156947
96125	157714
96126	310408
96127	310525
96128	310526
96129	310527
96130	310528
96131	310529
96132	310530
96133	367005
96134	367002
96135	23198
96136	514201
96137	514202
96138	514203
96141	130232
96142	370099
96143	130231
96144	370100
96145	416617
96147	242581
96149	469185
96150	243494
96151	386824
96152	156426
96153	445412
96154	310405
96155	310403
96156	310398
96157	310398
96158	310400
96159	310401
96161	310403
96162	310404
96163	310405
96164	25633
96165	25635
96166	177811
96167	25642
96168	25644
96169	25645
96170	25647
96171	25649
96172	25651
96173	25653
96175	25857
96176	25859
96177	25861
96178	25864
96179	25869
96180	25870
96181	25872
96182	25874
96183	25876
96184	341829
96185	341830
96186	341831
96187	468976
96188	466152
96189	226040
96190	177819
96191	341836
96192	341837
96193	226878
96194	166503
96195	166504
96196	166495
96197	198860
96198	166762
96199	166505
96200	155623
96201	166500
96202	26082
96203	26083
96204	26084
96205	26085
96206	26086
96207	26087
96208	26089
96209	64455
96210	26092
96211	26094
96212	445638
96213	445637
96214	10857
96215	412247
96216	10859
96217	10860
96218	10862
96219	10863
96220	10864
96221	21182
96222	21184
96223	21185
96224	425781
96225	156498
96226	19397
96227	21187
96228	21188
96229	21189
96230	83364
96231	9675
96232	9676
96233	9677
96234	9679
96235	9680
96236	9681
96237	9682
96238	9683
96239	9684
96240	9686
96241	158566
96242	158567
96243	158109
96244	157843
96245	157844
96246	19364
96247	20313
96248	20314
96249	20316
96250	20318
96251	243693
96252	380026
96253	243733
96254	243734
96255	243735
96256	243736
96257	243737
96258	243738
96259	243739
96260	243740
96261	166816
96262	468982
96263	513279
96264	468984
96265	468985
96266	468986
96267	468987
96268	468988
96269	468989
96270	468990
96272	22825
96273	22826
96274	22827
96275	22828
96276	22829
96277	22830
96278	22836
96279	22837
96280	22838
96281	22839
96282	130090
96283	130091
96284	130092
96285	130093
96292	412210
96293	412211
96294	412212
96295	157300
96296	412214
96297	412215
96298	412216
96299	412217
96300	412218
96301	412219
96302	436885
96303	341865
96304	437155
96305	437156
96306	437157
96307	198856
96308	437159
96309	157302
96310	156593
96311	177849
96312	26066
96313	26067
96314	26068
96315	26069
96316	26071
96317	26073
96318	158098
96319	26075
96320	157803
96321	26079
96322	198876
96323	130152
96325	130154
96326	130155
96327	130118
96328	157032
96329	157033
96330	130156
96331	9877
96332	9878
96333	157014
96334	386918
96335	158720
96336	158721
96337	158722
96338	129950
96339	386847
96340	156350
96341	445523
96342	208354
96343	17260
96344	243618
96345	243619
96346	243516
96347	243621
96348	243622
96349	243572
96350	243624
96351	243704
96352	243710
96354	387048
96355	387049
96356	310612
96359	310615
96360	157364
96361	157378
96362	23068
96363	28168
96364	28169
96365	28171
96366	28172
96368	28175
96369	28177
96370	28179
96371	157527
96372	157528
96373	157529
96375	155267
96376	155540
96377	156160
96378	27559
96379	155981
96380	155982
96381	155130
96382	155131
96383	155132
96384	155133
96386	155983
96387	155405
96388	155406
96389	156099
96390	156100
96391	129931
96392	129932
96393	129933
96394	128558
96395	129934
96397	157047
96398	129935
96399	196795
96400	447542
96401	426907
96403	559152
96404	467856
96405	449861
96406	449862
96407	467863
96408	445289
96409	445290
96410	426816
96412	426750
96413	426819
96414	445575
96415	445576
96416	469107
96417	75940
96418	426824
96419	513284
96420	412170
96421	412171
96422	412172
96423	226049
96424	468941
96425	202558
96426	158339
96427	492930
96428	157158
96429	6961
96430	466381
96431	466382
96432	492469
96433	492470
96434	492471
96435	157983
96436	157984
96437	157985
96440	17905
96441	157988
96443	157989
96444	21268
96445	75853
96446	9817
96447	23317
96448	9819
96449	156107
96450	9821
96451	9822
96452	158582
96453	157563
96454	9825
96455	75667
96456	75668
96457	158071
96458	75670
96464	158001
96465	513348
96466	166817
96467	513350
96468	513351
96470	513353
96471	513354
96472	513355
96473	513356
96474	513357
96475	166816
96476	198860
96477	198955
96478	198956
96480	198958
96481	24376
96482	24377
96483	24379
96484	24381
96485	157779
96486	24394
96487	24396
96488	513126
96489	24399
96490	24401
96491	157850
96492	22717
96493	22718
96494	22719
96495	22720
96496	157014
96497	158476
96498	158477
96499	386926
96500	158294
96501	386928
96502	386929
96503	386930
96504	156590
96505	386963
96506	386794
96507	129914
96508	386935
96509	79421
96510	79422
96511	79423
96512	79424
96513	79425
96514	79426
96515	79427
96516	79428
96517	79294
96518	79429
96519	161653
96520	161654
96521	161690
96522	161656
96523	161691
96524	161658
96525	161659
96526	161660
96527	161661
96528	161661
96529	166817
96530	156556
96531	469254
96532	157302
96533	156831
96534	156829
96535	156561
96536	155075
96537	157850
96538	156564
96539	14300
96540	157361
96541	166913
96542	9689
96543	70426
96544	157496
96545	14309
96546	14310
96547	27972
96548	83489
96549	243513
96550	21831
96551	156837
96552	156702
96554	345530
96555	130200
96556	161696
96557	83494
96558	21839
96559	158775
96560	15073
96561	75850
96562	75851
96563	75852
96564	64424
96565	367952
96566	22625
96567	22627
96568	341865
96570	22630
96571	22679
96572	22680
96573	156467
96574	25446
96576	156362
96577	177811
96578	157626
96579	25997
96580	64492
96581	177811
96582	157626
96583	26000
96584	157626
96585	26007
96586	445276
96587	445277
96588	445278
96589	445279
96590	501702
96591	501703
96592	15883
96593	15884
96594	15885
96595	15902
96596	15904
96597	15926
96598	15927
96599	15928
96600	15930
96601	15931
96602	20532
96603	20533
96604	20535
96605	158030
96606	20718
96607	20719
96608	157151
96609	20722
96610	20725
96611	156348
96612	445290
96613	386873
96616	386876
96617	341830
96618	386878
96619	468976
96620	447541
96621	21324
96622	21325
96623	13741
96624	21353
96625	21354
96627	21358
96628	21360
96629	21361
96630	21363
96631	26348
96632	24572
96633	158883
96634	158119
96635	227833
96636	227834
96637	227835
96638	158887
96639	75885
96640	426983
96641	445432
96642	445433
96643	426955
96644	157771
96645	341892
96646	75690
96647	426990
96648	445435
96649	445436
96650	196795
96651	370367
96652	157298
96653	24459
96657	158001
96658	342067
96659	466160
96660	466161
96662	466169
96665	466171
96666	466172
96669	24499
96670	24503
96671	24511
96672	24512
96673	24513
96674	24519
96675	24539
96676	24541
96677	24563
96678	24564
96679	23441
96680	21499
96681	23445
96682	157437
96683	23450
96684	23451
96685	23452
96686	155192
96687	20128
96688	27520
96689	27521
96690	27522
96691	27523
96692	27524
96693	158426
96694	158427
96695	156947
96696	27528
96697	27531
96698	26870
96699	26871
96700	26872
96701	492967
96702	26875
96703	16959
96704	26876
96705	26877
96706	26878
96707	158112
96708	17247
96709	158360
96710	17251
96711	17253
96712	17254
96713	17256
96714	17258
96715	17259
96716	17260
96717	17261
96718	310128
96719	310129
96720	156362
96721	26227
96722	156362
96723	310133
96724	310134
96725	492932
96726	310136
96727	310137
96728	75734
96729	130158
96730	130159
96731	130160
96732	341865
96733	130162
96734	130163
96735	130164
96736	341899
96737	17742
96738	17749
96739	17752
96740	17753
96741	17833
96742	17835
96743	17836
96744	17837
96746	17838
96747	426746
96748	445173
96749	445174
96750	445261
96751	426750
96752	426751
96753	445261
96754	445261
96755	426754
96756	156837
96757	341848
96758	341849
96759	341850
96760	341851
96761	23075
96762	341853
96767	75940
96768	79415
96769	75942
96770	79416
96771	79417
96772	79418
96773	79419
96774	156448
96775	79282
96776	79420
96777	156444
96778	79237
96779	79238
96780	79239
96781	79240
96782	79241
96783	79242
96784	156444
96785	79243
96786	161669
96787	198746
96788	130070
96790	198749
96791	198750
96792	198751
96793	198752
96794	198753
96795	310549
96796	310446
96797	310549
96799	310449
96800	310450
96801	310451
96802	310452
96803	310453
96804	469070
96805	21393
96806	21394
96807	23617
96808	158800
96809	23619
96810	23620
96811	158801
96812	23622
96813	158802
96814	23625
96815	394413
96816	63323
96819	27909
96820	158466
96821	27911
96822	158467
96823	27912
96824	27913
96825	27914
96826	27915
96827	158696
96828	27916
96829	23427
96830	23428
96831	23430
96832	70700
96833	23433
96834	23435
96835	23436
96836	23438
96837	447572
96838	68400
96840	24948
96841	156599
96842	24954
96843	23921
96844	24955
96845	412228
96846	368001
96847	24960
96848	24961
96849	26216
96850	26217
96852	26219
96853	26220
96854	26221
96855	26222
96856	26223
96857	26224
96858	26966
96859	26967
96860	157853
96861	158001
96862	26973
96863	83472
96864	83473
96865	26976
96866	26977
96867	26979
96868	15733
96869	15735
96870	15737
96871	15738
96872	27070
96873	15741
96874	158565
96875	15744
96876	158566
96877	158567
96878	468958
96879	468959
96880	468960
96881	468961
96882	468962
96883	155623
96884	468964
96885	468965
96886	157305
96887	468967
96888	68330
96889	469130
96890	26669
96891	158001
96892	26672
96893	26673
96894	184969
96895	513209
96896	469230
96897	513211
96898	387004
96899	513213
96900	513214
96901	513215
96902	513216
96903	513217
96904	513218
96905	21072
96907	25894
96908	25895
96909	25896
96910	25897
96911	25899
96912	25901
96913	25902
96914	25903
96915	25904
96916	243747
96917	156850
96919	243529
96920	243530
96921	243531
96922	243747
96923	156850
96925	243535
96926	386743
96927	492884
96928	386745
96929	386746
96930	386798
96931	129991
96932	386749
96933	158462
96934	386751
96935	386798
96936	79358
96937	2520
96938	2520
96939	79360
96940	79361
96941	79362
96942	79363
96943	79364
96944	243481
96945	79366
96946	208366
96947	208367
96948	208368
96949	208369
96950	226035
96951	25721
96952	158412
96953	226038
96954	226039
96955	513260
96956	513261
96957	513262
96958	513263
96959	513264
96960	513265
96961	513266
96962	513267
96963	513268
96964	445107
96965	445108
96966	445157
96967	445110
96968	445111
96969	226049
96970	468941
96971	468941
96972	445115
96973	445696
96974	177807
96975	158024
96976	177816
96977	177810
96978	177811
96979	177812
96980	177813
96981	177814
96982	177815
96983	177816
96984	492597
96985	492598
96987	559057
96988	559009
96989	559059
96990	559060
96991	155387
96992	154974
96993	154975
96994	157307
96995	157965
96996	154975
96997	156583
96998	157899
96999	18748
97000	154981
97001	156388
97002	156389
97003	156390
97004	156391
97005	155780
97006	155781
97007	155782
97008	155783
97009	155784
97010	155785
97012	310119
97013	310120
97014	310121
97015	310122
97016	310123
97017	310124
97018	156947
97019	310126
97020	310127
97021	83564
97022	157885
97023	23183
97024	23184
97025	157361
97026	23187
97027	23189
97028	23190
97029	23191
97030	23193
97031	17612
97032	243810
97033	196795
97034	370367
97035	243813
97036	243814
97037	243815
97038	243816
97039	243817
97040	513245
97041	243819
97042	501070
97046	500958
97047	501070
97051	402383
97052	156609
97057	25594
97058	25598
97059	25600
97060	25601
97062	184648
97063	184649
97064	182709
97065	156837
97066	156949
97068	184654
97069	310256
97070	156177
97071	155507
97072	155150
97073	24876
97074	155151
97075	155152
97076	155153
97077	155665
97078	155666
97079	24902
97080	155787
97081	156706
97082	155789
97083	158540
97084	156837
97085	156702
97087	158544
97088	426754
97089	158546
97091	445552
97092	155411
97093	469182
97095	445556
97096	445557
97097	445558
97098	445559
97099	445560
97100	243703
97101	243704
97102	243705
97103	243706
97104	243707
97105	243708
97106	243709
97107	243710
97108	156837
97109	243762
97110	342127
97111	412302
97112	177810
97113	412277
97114	342131
97115	342132
97116	342133
97117	342134
97118	157088
97119	23672
97120	9625
97121	9626
97122	9627
97123	157526
97124	9629
97125	9630
97126	9631
97127	9632
97128	9633
97129	9634
97130	21613
97132	283738
97133	21620
97134	158001
97135	21621
97136	21622
97137	156947
97139	21625
97140	23531
97143	23533
97144	158036
97145	23534
97146	158037
97147	158038
97148	412302
97149	177810
97159	161663
97160	161664
97161	130209
97162	161666
97163	161667
97164	130084
97165	156205
97166	130016
97167	161668
97168	26244
97169	120899
97170	120900
97171	445157
97172	445157
97173	19397
97174	445376
97175	469095
97176	469226
97177	445379
97178	310309
97179	445381
97180	27153
97181	11111
97182	157826
97183	27158
97184	27159
97185	27160
97186	27161
97187	27162
97188	9807
97189	25649
97190	27347
97191	27349
97192	27351
97193	27352
97194	27354
97195	156453
97196	27356
97197	27357
97198	27359
97199	27231
97200	27234
97201	27236
97202	21317
97203	21318
97204	27238
97205	27240
97206	27242
97207	27244
97208	445235
97209	158298
97210	342038
97211	426799
97212	426800
97213	426801
97214	445236
97215	157985
97216	426804
97217	157308
97218	198848
97219	198849
97220	155055
97221	198851
97222	198851
97223	198853
97224	198854
97225	226021
97226	226022
97227	226023
97228	466163
97229	310712
97230	310713
97231	310714
97232	310715
97233	310716
97234	386983
97235	310718
97236	310719
97237	310720
97238	445251
97239	445252
97240	469207
97241	445254
97242	469208
97243	469209
97244	469210
97245	310528
97246	26399
97247	469212
97248	469114
97249	445337
97250	75729
97251	469114
97252	445340
97253	445341
97254	445342
97255	158290
97256	445155
97258	26053
97259	19555
97260	26057
97261	26060
97262	14559
97263	158010
97264	157308
97265	26062
97266	16312
97267	16314
97268	24569
97269	166423
97270	24572
97271	156177
97272	24573
97273	13758
97274	22691
97275	22694
97277	157843
97278	157844
97279	19364
97280	22696
97281	22698
97282	158565
97283	22702
97284	469052
97285	493002
97286	493003
97287	445700
97288	513220
97289	513221
97290	513222
97291	155383
97292	166468
97293	513225
97294	469267
97295	469268
97296	469269
97297	28035
97298	28036
97299	28038
97300	28039
97301	28040
97302	28041
97303	28042
97304	28043
97305	28044
97306	28045
97307	130208
97308	158865
97309	130209
97310	130210
97311	161669
97312	130212
97313	130213
97314	130214
97315	130215
97316	161670
97317	26348
97318	158883
97319	26356
97320	157428
97321	26359
97322	26361
97323	26362
97324	156384
97325	26365
97326	26366
97327	166451
97328	158298
97329	130004
97330	130011
97331	130012
97332	158295
97333	130013
97334	130014
97335	130015
97336	412266
97338	412268
97339	412323
97340	412270
97341	412271
97342	412272
97343	412273
97345	412275
97346	26039
97347	26041
97348	26043
97349	26044
97350	26045
97351	26046
97352	26047
97353	26049
97354	155588
97355	26052
97366	26265
97367	130085
97368	156949
97369	367022
97370	379738
97371	367024
97372	367025
97373	380071
97374	367027
97375	380074
97376	379740
97377	379741
97378	243698
97379	345921
97383	196795
97384	196795
97385	129913
97386	156823
97387	17260
97388	129914
97389	129915
97390	157348
97391	157302
97392	68384
97393	68385
97394	68386
97395	425771
97396	425772
97397	425773
97398	437189
97399	492463
97400	342183
97401	184959
97402	466387
97403	412248
97404	492930
97405	156348
97406	25250
97407	25251
97408	25252
97409	25254
97410	227943
97411	227906
97412	25256
97413	25257
97414	25258
97415	368141
97416	25453
97417	25454
97418	25456
97419	156835
97421	25460
97422	157361
97423	70428
97424	75690
97425	79314
97426	158621
97427	75692
97428	75693
97429	75694
97430	75695
97431	75696
97432	75697
97433	469178
97434	469179
97435	469180
97436	469181
97437	469182
97438	469183
97439	157302
97440	469185
97441	156837
97442	469187
97443	26675
97444	157433
97445	26677
97446	24399
97447	26690
97448	26694
97449	26695
97450	26697
97451	26699
97453	184836
97455	196795
97456	184839
97457	226062
97458	184841
97459	310563
97460	25921
97461	25923
97462	25926
97463	25927
97464	17680
97465	25929
97466	25931
97467	16962
97468	25933
97469	25934
97470	198772
97471	320423
97472	320424
97474	367587
97475	367587
97477	345921
97478	14773
97479	14775
97480	14776
97481	14777
97482	14793
97483	14795
97484	157342
97486	184262
97487	17025
97488	28494
97490	28502
97491	28506
97493	28517
97494	471449
97495	471450
97496	471451
97497	471452
97498	471453
97499	502075
97500	502076
97501	502077
97502	516423
97503	516424
97504	31607
97505	437332
97507	437334
97508	437335
97509	437336
97510	437337
97518	21459
97519	157342
97520	157344
97521	157344
97522	26231
97523	26232
97524	157140
97525	26233
97526	17479
97527	68127
97529	157085
97530	70458
97531	157456
97532	157457
97533	157458
97534	157459
97535	471350
97539	82094
97540	82095
97541	82096
97542	82097
97543	82098
97544	82099
97545	82100
97546	82101
97547	82102
97548	82103
97551	2938
97552	2940
97553	167114
97554	167116
97555	167117
97557	87515
97558	471455
97559	394787
97560	394788
97561	311019
97562	231869
97563	152004
97565	152006
97566	152007
97567	152008
97569	152010
97570	152011
97576	31593
97577	19868
97579	19874
97580	19893
97581	19925
97582	19941
97583	19944
97594	209585
97595	209586
97596	382878
97597	154996
97598	382879
97599	241785
97600	241786
97601	241787
97602	241788
97603	20060
97604	447734
97605	447735
97606	447736
97607	209564
97608	209565
97609	178156
97610	178149
97611	128619
97612	128620
97613	244946
97614	308965
97615	244948
97616	308966
97617	244950
97618	308967
97619	25321
97620	25323
97621	241797
97622	241798
97623	345230
97624	345231
97625	346693
97626	15115
97627	346847
97631	346920
97632	346921
97635	209608
97636	209609
97637	27109
97638	308986
97639	308987
97640	25949
97641	417079
97642	417080
97643	417081
97644	346689
97645	346690
97646	346691
97647	346692
97648	26652
97649	369974
97650	369975
97651	492771
97652	492772
97653	492773
97654	78944
97655	78945
97656	469816
97657	469817
97658	21693
97659	21694
97660	346900
97661	346901
97662	346827
97663	346898
97664	65143
97665	447878
97666	72321
97667	73405
97670	25281
97671	25282
97672	244904
97673	244905
97674	492707
97675	492708
97676	492709
97677	24604
97678	65141
97679	65142
97680	515032
97681	515033
97682	345558
97683	345559
97684	411736
97685	411737
97686	209546
97687	209547
97688	370093
97689	370271
97690	244865
97691	197892
97692	178187
97693	72286
97694	75616
97695	411718
97696	411719
97697	346830
97698	346831
97699	346956
97700	346957
97701	78782
97702	78783
97703	411688
97704	411689
97705	447832
97706	447833
97707	447834
97708	447835
97709	447836
97710	447837
97711	469853
97712	469854
97713	128579
97714	128889
97715	308847
97716	308848
97717	67282
97718	19060
97719	128688
97720	153145
97721	226429
97722	226430
97723	128610
97724	128611
97725	19047
97726	19048
97727	512994
97728	209604
97729	411693
97730	411694
97731	308888
97732	308889
97733	25150
97734	72314
97735	411651
97736	411652
97737	14568
97738	241870
97739	23634
97740	23635
97741	26570
97742	382884
97744	24182
97745	24183
97746	18077
97747	22547
97748	128903
97749	128904
97750	514147
97751	515034
97752	447787
97753	447788
97754	447789
97755	447790
97756	447791
97757	447792
97758	447793
97759	447794
97760	447795
97761	447796
97762	21863
97763	21874
97764	22606
97765	514964
97766	514965
97767	514966
97768	128682
97769	128683
97770	346962
97771	241783
97772	241784
97773	25077
97774	447801
97775	501217
97776	501218
97777	382895
97778	382896
97779	382897
97780	382898
97781	382899
97782	166632
97783	166633
97784	370101
97785	154911
97787	244994
97788	501225
97789	501226
97790	19470
97791	83087
97792	83088
97793	241852
97794	241853
97795	241854
97796	241855
97797	241856
97798	241857
97799	128604
97800	128605
97801	308970
97802	241869
97803	308922
97804	128804
97805	128805
97806	382870
97807	382871
97810	178176
97811	514993
97812	514994
97813	514995
97814	514996
97815	514997
97816	514998
97817	226368
97818	346909
97819	346910
97820	346911
97821	244985
97822	26104
97823	22057
97824	22060
97825	20307
97826	20309
97827	20317
97828	426500
97829	426501
97830	128739
97831	128740
97832	209614
97833	209615
97834	15179
97835	209661
97836	19984
97837	128892
97838	128893
97839	78784
97840	78785
97841	64517
97842	72119
97843	65826
97844	65344
97845	22615
97846	198674
97847	198675
97848	128909
97849	18596
97850	22571
97851	437219
97852	437220
97853	437221
97854	437222
97855	73361
97856	73362
97857	73363
97858	493338
97859	492785
97860	32181
97861	22651
97862	501223
97863	501224
97864	128779
97865	128780
97866	26397
97867	73365
97868	411711
97869	411712
97870	198705
97871	198706
97872	346858
97873	8190
97874	24525
97875	128798
97876	153131
97877	178180
97878	178148
97879	308947
97880	308949
97881	346984
97882	437036
97883	346986
97884	469706
97885	469707
97886	492748
97887	469708
97888	67548
97889	72503
97890	65204
97891	22474
97892	14289
97893	14290
97894	20677
97895	20679
97896	447711
97897	346812
97900	244979
97901	370524
97902	370525
97903	198719
97904	198720
97905	198721
97906	244957
97907	244958
97908	244959
97909	244960
97910	78834
97911	515078
97912	515079
97913	469680
97914	469715
97916	309006
97917	309007
97918	308805
97919	308806
97920	153106
97921	153107
97922	308826
97923	308827
97924	515075
97925	515076
97926	411632
97927	411633
97928	16682
97929	346877
97930	19059
97931	469785
97932	469786
97933	8115
97934	308811
97935	308812
97936	308813
97937	27307
97938	166319
97939	166320
97940	346772
97941	346773
97942	178144
97943	128708
97944	128709
97945	426243
97946	426470
97947	345389
97948	346819
97949	346820
97950	21449
97951	21450
97952	21451
97953	21452
97954	32056
97955	198709
97956	198710
97957	447776
97958	8117
97959	8118
97960	128808
97961	437218
97962	19949
97963	19950
97964	25160
97965	24313
97966	25168
97967	25172
97968	25175
97969	155278
97970	411643
97971	411644
97972	209645
97973	209646
97974	436500
97975	437036
97976	382941
97977	370441
97978	73371
97979	73372
97980	24967
97981	73380
97982	198601
97983	198602
97984	26518
97985	26519
97986	411645
97987	417075
97988	23421
97989	73384
97990	346791
97991	346792
97992	346793
97993	346794
97994	469790
97995	469791
97996	78840
97997	26744
97998	26747
97999	346976
98000	346977
98001	82998
98002	241845
98003	367150
98004	209584
98005	128654
98006	153159
98007	72292
98008	72293
98009	25306
98010	73586
98011	8142
98012	8143
98013	307657
98014	307658
98015	307659
98016	307660
98017	307661
98018	307662
98019	346905
98020	346906
98021	346907
98022	346908
98023	178170
98024	178171
98025	11903
98026	11904
98027	382876
98028	382877
98029	469831
98030	469832
98031	411713
98032	411714
98034	209657
98035	209658
98036	209659
98037	209660
98040	501251
98041	501252
98042	72297
98043	72306
98045	241847
98046	241848
98047	385043
98048	241850
98049	426149
98050	426150
98051	19747
98052	19748
98053	72285
98054	26251
98055	244952
98056	244953
98057	20583
98058	346728
98059	346729
98060	244961
98061	244962
98062	515005
98063	515006
98064	515007
98069	447782
98070	447783
98072	27221
98073	257886
98074	257887
98075	515058
98076	515059
98077	25850
98078	14284
98079	22465
98080	244908
98081	244909
98082	244910
98083	244911
98084	244912
98085	469665
98086	436970
98087	436971
98088	436972
98089	436973
98090	447714
98091	436974
98092	346724
98093	65170
98094	65171
98095	308983
98096	308984
98097	308985
98098	16434
98099	308854
98100	308856
98101	21141
98102	166735
98103	178210
98104	178211
98105	128565
98106	128566
98107	128567
98108	128568
98109	23687
98110	23688
98111	82985
98112	128715
98113	153168
98114	14304
98115	14306
98116	346931
98117	24378
98118	24380
98119	308943
98120	308944
98121	153105
98122	382904
98123	128616
98124	73369
98125	78828
98126	437213
98127	178216
98128	178217
98129	178218
98130	178219
98131	24373
98132	73359
98133	447768
98134	447769
98135	13034
98136	73575
98137	73388
98139	469719
98140	469720
98141	128890
98142	153119
98143	346734
98144	346735
98145	469859
98146	469860
98148	78837
98149	78838
98150	78839
98151	501203
98152	501204
98153	501205
98154	501206
98155	501207
98156	501208
98157	308862
98158	308863
98159	308864
98160	14279
98161	513137
98162	26364
98163	65302
98164	65303
98165	501249
98166	515101
98167	166729
98168	166730
98169	166731
98170	346953
98171	346954
98172	346955
98173	382907
98174	367825
98175	367823
98176	13437
98177	13439
98178	22598
98179	209643
98180	209644
98181	447854
98182	447855
98183	447856
98184	241762
98185	241763
98186	166711
98187	166712
98188	166713
98189	166714
98190	15125
98191	24283
98194	72307
98195	23731
98196	72308
98197	65193
98198	65194
98199	166323
98200	166324
98201	166325
98202	166327
98203	166328
98204	166329
98205	411649
98206	417086
98207	22503
98208	22504
98209	22506
98210	60636
98211	18049
98212	244906
98213	380090
98214	346998
98215	446282
98216	469722
98217	469723
98218	24606
98219	72322
98220	370272
98221	370324
98222	346808
98223	18036
98224	447774
98225	447775
98226	244832
98227	244833
98228	344986
98229	244835
98230	75598
98231	75599
98232	75600
98233	437041
98234	346848
98235	198641
98236	227311
98237	227312
98238	73358
98239	515010
98240	515072
98241	515073
98243	65365
98244	65366
98245	469674
98246	469675
98247	382970
98248	78972
98249	469768
98250	22339
98251	22342
98252	22343
98253	21258
98254	226381
98255	226382
98256	226383
98257	308908
98258	198707
98259	198708
98260	128897
98261	21453
98262	18723
98263	128772
98264	128773
98265	128774
98266	128775
98267	197605
98268	198724
98269	198725
98270	32642
98271	26513
98272	345271
98273	345272
98274	227309
98275	83079
98276	83080
98277	83081
98278	83082
98279	382844
98280	382845
98281	22641
98282	22642
98283	346912
98284	346913
98285	346914
98286	346915
98287	227334
98288	24128
98289	370213
98290	370214
98291	226406
98292	226407
98293	8195
98294	8197
98295	8198
98296	8199
98297	26947
98298	73576
98299	26962
98300	73577
98301	26970
98302	26972
98303	198661
98304	198662
98305	209683
98306	209683
98307	78950
98308	78951
98309	78952
98310	184595
98311	184596
98312	14285
98313	367822
98314	128784
98315	370273
98316	18584
98317	198722
98318	426491
98319	514978
98321	241814
98322	241815
98323	241816
98324	241817
98325	241818
98326	241819
98327	241820
98328	241821
98329	241822
98330	241823
98331	514976
98332	514977
98333	369977
98334	370001
98335	370002
98336	370003
98337	370004
98338	382849
98339	447739
98340	447740
98341	23108
98342	82996
98343	308929
98344	308930
98345	308931
98346	128603
98347	26315
98348	447719
98349	447721
98350	447723
98351	209667
98352	153100
98353	21133
98354	21134
98355	24296
98356	73392
98357	73393
98358	24304
98359	128907
98360	26278
98361	386898
98362	20203
98363	469779
98364	469780
98365	244956
98366	209580
98367	14164
98368	14180
98369	14189
98370	14247
98371	209627
98373	308896
98374	308897
98375	437035
98376	153150
98377	72312
98378	73573
98379	226397
98380	78967
98381	78968
98382	83101
98383	83102
98384	22753
98385	22755
98386	22757
98387	27268
98388	166737
98389	411722
98390	411723
98391	166305
98392	166306
98393	166307
98394	166308
98395	166309
98396	166310
98397	166311
98398	469827
98399	469828
98400	382853
98401	382956
98402	382957
98403	23990
98404	23995
98405	24009
98406	24018
98407	24431
98408	198696
98409	198697
98410	346832
98411	128582
98412	128583
98413	83059
98414	244872
98415	244873
98416	346958
98417	346959
98418	346960
98419	346961
98420	345136
98421	345137
98422	18716
98423	18717
98424	492767
98425	492768
98426	492769
98427	492770
98428	346842
98429	346843
98430	198876
98431	346845
98432	78842
98435	346759
98436	346760
98437	72272
98438	16343
98439	16393
98440	8108
98441	8109
98442	19158
98443	19197
98444	370558
98445	370559
98446	417076
98448	198682
98449	198683
98450	198684
98451	346763
98452	346764
98453	346765
98454	346766
98455	226364
98456	226365
98457	226366
98458	27176
98459	178164
98460	25863
98461	308923
98462	370382
98463	370383
98464	370384
98465	426471
98466	26287
98467	226380
98469	12447
98470	12448
98471	25398
98472	83070
98473	83071
98474	227299
98475	227300
98476	469851
98477	469852
98478	60521
98479	65313
98480	60523
98481	65314
98482	65315
98483	60526
98484	65316
98485	65317
98486	60529
98487	65318
98488	60531
98489	65319
98490	60533
98491	65320
98492	60535
98493	8171
98494	18194
98495	26472
98496	26473
98497	26478
98498	26481
98499	128635
98500	227290
98501	227291
98502	370221
98503	437198
98504	346712
98505	346713
98506	346714
98507	446275
98508	469751
98509	469752
98510	198681
98511	227335
98512	227336
98513	227337
98514	515071
98516	128906
98517	411657
98518	417082
98519	411659
98520	417083
98521	411661
98522	417084
98523	166314
98524	166315
98525	244866
98526	308988
98527	209679
98528	209638
98529	209680
98530	26920
98531	24047
98532	24049
98533	8098
98534	8099
98535	11921
98536	73355
98537	469716
98538	469717
98539	83104
98540	83105
98541	241791
98542	241792
98543	241793
98544	241794
98545	17141
98546	17143
98547	22390
98548	22391
98549	447705
98550	447706
98551	75622
98552	75623
98553	382986
98554	382987
98555	512982
98556	184631
98557	308824
98558	308825
98559	24594
98560	24595
98561	244858
98562	244859
98563	244860
98564	226400
98565	244861
98566	244862
98567	244863
98568	244864
98569	20101
98570	73571
98571	14128
98572	14131
98573	73402
98574	308989
98575	308990
98576	308991
98577	515027
98579	501193
98580	501194
98581	501195
98582	501196
98583	501197
98584	501198
98585	128873
98586	447828
98587	128875
98588	153125
98589	241751
98590	346922
98591	346923
98592	24985
98593	24987
98594	437044
98595	437045
98596	198678
98597	426444
98598	78845
98599	469755
98600	469756
98601	24180
98602	82982
98603	82983
98604	22388
98605	72290
98606	21858
98607	241770
98608	241771
98609	467798
98610	346951
98611	447852
98612	447853
98614	22291
98615	184613
98616	184614
98617	26054
98618	244874
98619	244875
98620	128703
98621	128704
98622	469681
98623	27037
98624	21685
98625	209625
98626	128810
98627	128811
98628	166728
98629	244944
98630	308804
98631	153109
98632	153110
98633	370419
98634	369945
98635	369946
98636	437048
98637	437049
98638	437050
98639	128684
98640	16686
98641	16687
98642	166581
98643	166582
98644	166583
98645	166584
98646	166585
98647	166586
98648	209639
98649	209640
98650	209641
98651	8126
98652	8127
98653	8128
98654	382842
98655	382843
98656	226369
98657	26294
98658	209637
98659	345388
98660	347002
98661	347003
98662	8095
98663	22208
98664	515090
98666	26906
98667	128765
98668	209647
98669	19257
98670	78830
98671	78831
98672	78832
98673	78833
98674	128622
98675	65181
98676	65182
98677	184628
98678	64902
98679	22603
98680	22605
98681	469739
98682	469740
98683	447873
98684	492723
98685	447875
98686	447876
98687	370211
98688	370205
98689	370206
98690	25353
98691	436953
98692	436954
98693	153169
98694	241847
98695	128786
98697	417092
98698	501227
98699	128768
98700	153177
98701	347001
98702	8187
98703	72302
98704	73583
98705	198641
98706	426459
98707	21111
98708	21113
98709	21117
98712	515051
98713	515052
98714	18133
98715	18167
98716	198670
98717	198671
98718	198672
98719	198673
98720	469684
98721	469685
98722	22453
98723	308809
98724	469866
98725	469867
98726	469868
98727	73394
98728	469721
98729	307655
98730	307656
98731	153104
98732	411706
98733	198012
98734	209656
98735	469795
98736	469796
98737	426460
98738	426461
98739	382914
98740	83078
98741	128868
98742	128869
98743	492720
98744	447785
98745	447786
98746	308957
98747	308958
98748	308959
98749	72304
98750	72305
98751	244983
98752	244984
98753	346715
98754	346718
98755	366209
98756	346720
98757	366211
98758	346722
98759	346723
98760	417085
98761	345513
98762	346942
98763	346943
98764	411707
98765	411708
98766	411709
98767	411710
98768	426485
98769	426486
98770	426487
98771	426488
98772	426489
98773	426490
98774	308992
98775	308993
98776	308994
98777	308995
98778	308938
98779	308939
98780	512988
98781	83062
98782	25701
98783	26567
98784	26568
98785	369943
98786	369944
98787	369847
98788	369848
98789	198655
98790	198656
98791	8192
98792	198658
98793	72298
98794	26005
98795	26006
98796	209669
98797	209670
98798	209671
98799	19947
98800	209574
98801	22662
98802	22666
98803	12098
98804	65156
98805	12442
98806	65157
98807	12445
98808	65158
98809	241807
98810	22937
98811	209623
98812	209624
98813	9398
98814	26691
98815	226394
98816	244881
98817	198679
98818	22227
98819	22228
98820	128580
98821	308870
98822	308871
98823	308872
98824	346925
98825	23275
98826	21227
98827	21228
98828	308878
98829	198643
98830	198644
98831	198645
98832	198646
98833	198647
98834	198648
98835	198649
98836	198650
98837	73354
98838	27049
98839	24186
98840	72301
98841	184637
98842	178154
98843	244934
98844	244935
98845	244936
98846	22523
98847	22524
98848	75607
98849	128776
98850	25998
98851	25999
98852	178147
98853	346884
98854	346885
98855	346886
98856	346887
98857	73585
98858	78858
98859	128741
98860	128742
98861	128743
98862	492738
98863	492739
98864	25512
98865	25513
98866	426450
98867	426451
98868	515008
98869	515009
98870	515010
98872	128744
98873	128745
98874	15174
98875	209540
98876	209541
98877	346706
98878	346707
98879	346708
98880	346709
98881	198685
98882	241836
98883	241837
98884	241838
98885	241839
98886	241840
98887	241841
98888	241842
98889	241843
98890	241844
98892	184633
98893	178177
98894	370450
98895	346993
98896	14533
98897	346995
98898	73574
98899	469711
98900	469712
98901	469713
98902	469714
98903	492759
98904	492760
98905	492761
98906	492762
98907	492763
98908	492764
98909	75610
98910	75611
98911	515000
98912	515001
98913	515028
98915	82984
98916	426455
98917	426456
98918	8111
98919	22559
98920	12562
98921	128830
98922	72291
98923	128656
98924	128657
98925	308971
98926	308972
98927	308973
98928	411675
98929	436961
98930	446906
98931	469676
98932	469677
98933	26205
98934	75589
98935	75590
98936	75591
98937	382858
98938	382859
98939	382860
98940	83065
98941	83066
98942	83067
98943	83068
98944	469855
98945	469856
98946	469857
98947	469858
98948	226398
98949	155073
98950	19502
98953	446280
98954	469922
98955	469923
98956	78937
98959	25409
98960	25410
98961	83052
98962	83053
98963	469891
98964	227301
98965	227302
98966	209629
98967	209630
98968	209631
98969	209632
98970	447777
98971	447778
98972	447779
98973	447780
98974	346888
98975	346889
98976	166313
98977	32052
98978	178157
98979	227313
98980	227314
98981	227315
98982	227316
98983	446283
98984	469799
98985	469800
98986	244995
98987	244996
98988	447859
98989	447860
98990	447861
98994	26623
98995	345107
98996	166919
98997	369423
98998	23385
99000	130431
99002	227757
99007	22725
99011	8313
99013	14803
99015	130435
99021	177469
99023	177472
99026	515616
99030	345840
99032	345844
99034	345846
99046	345888
99047	386700
99050	369424
99051	284531
99052	501329
99053	501330
99054	501331
99055	437274
99056	437275
99058	345108
99059	345109
99060	23643
99061	366223
99062	72578
99063	72579
99064	72580
99065	72581
99066	26350
99067	72582
99068	26360
99069	167360
99071	450170
99072	450171
99073	450172
99075	27379
99076	450174
99077	450175
99078	450176
99079	426244
99080	426245
99081	83615
99082	83616
99083	310774
99084	310775
99085	310776
99086	310777
99087	310778
99088	310779
99089	310780
99091	27046
99092	27051
99093	83201
99094	83202
99095	22672
99096	22674
99097	29210
99098	73004
99099	29212
99100	29215
99101	73005
99102	73006
99103	27825
99104	27834
99105	27835
99106	514229
99109	413073
99110	413074
99111	413075
99112	512986
99113	345158
99114	245194
99115	245195
99116	245196
99117	71912
99118	71913
99119	71914
99120	71915
99121	71916
99122	71917
99123	30316
99124	30317
99125	83205
99126	83206
99127	83207
99128	83208
99129	28993
99130	72753
99131	72754
99133	72755
99134	470719
99135	470720
99136	470721
99137	470722
99138	470723
99139	470724
99140	470725
99141	18005
99142	18006
99143	18007
99144	412860
99145	413009
99146	345391
99147	76323
99148	73172
99149	76324
99150	76325
99151	76326
99152	76327
99153	76328
99154	76329
99155	76330
99156	76331
99157	67576
99158	83320
99159	67578
99160	29219
99161	29144
99162	72002
99163	72003
99164	28662
99165	23370
99166	23374
99167	23375
99168	23378
99169	76517
99171	26093
99172	72967
99173	72968
99175	72969
99176	72970
99177	72971
99178	26114
99179	501461
99180	166672
99181	166673
99182	83594
99183	31528
99184	32235
99185	32236
99186	32237
99187	413044
99188	413045
99189	345127
99190	366251
99191	345129
99192	345130
99193	345175
99194	345364
99195	345365
99196	345366
99198	345368
99199	345366
99200	345370
99212	199143
99213	68056
99214	72402
99215	72403
99216	68059
99217	24549
99218	24560
99219	68060
99220	68061
99221	68062
99222	72404
99223	199159
99224	83284
99225	131311
99226	131312
99227	83287
99228	345576
99229	345577
99230	30421
99231	370513
99232	30423
99233	370514
99234	30377
99235	370515
99236	31656
99237	31657
99238	31658
99239	72224
99240	72225
99241	72226
99242	384658
99243	384660
99244	384662
99245	384664
99246	384666
99247	384668
99248	384670
99251	450289
99252	450290
99253	450291
99254	450292
99255	450293
99256	450294
99257	470830
99258	470831
99259	470832
99260	470833
99261	470834
99262	470835
99263	470836
99264	25783
99265	72805
99266	72806
99267	199304
99268	209914
99269	209915
99270	83117
99271	83118
99272	83119
99273	384707
99274	177506
99275	166828
99276	166829
99277	166830
99278	166831
99279	166832
99280	370842
99281	426221
99282	426222
99284	30386
99285	30387
99286	30388
99287	30389
99288	131686
99289	131687
99290	131688
99291	10186
99292	73197
99293	73198
99295	73199
99296	73200
99297	10199
99298	73201
99299	72640
99300	72641
99301	370133
99302	370134
99303	30787
99304	30788
99305	30789
99306	30793
99307	30794
99308	30795
99309	30796
99310	30800
99311	30801
99312	30805
99313	67862
99314	72687
99315	22622
99316	22626
99317	28266
99318	28267
99319	28268
99320	12737
99321	29822
99322	29823
99323	29824
99324	72602
99325	72603
99326	72604
99327	72605
99328	225840
99329	73261
99330	73262
99331	131529
99332	30264
99333	72200
99334	72201
99335	29853
99336	26664
99337	72359
99338	72360
99341	131560
99342	21295
99343	167364
99344	177532
99345	167366
99347	177533
99348	167369
99349	167370
99350	177534
99351	167372
99352	167373
99353	245367
99354	245368
99355	245369
99356	245370
99357	245371
99358	245372
99359	245373
99360	245031
99361	245032
99362	245033
99363	514107
99364	514108
99372	23978
99373	73236
99374	73237
99375	345232
99376	241958
99377	17076
99378	17077
99379	60542
99380	345177
99381	412910
99382	471130
99383	471131
99384	471132
99385	471133
99386	471134
99387	471135
99388	471136
99389	23971
99390	23973
99391	23976
99392	131540
99393	153408
99394	153409
99395	245009
99396	245010
99397	345073
99398	366250
99399	76512
99400	199119
99401	199120
99402	199121
99403	27636
99404	199122
99405	67411
99406	73096
99407	73097
99408	384613
99409	26843
99410	384614
99411	384615
99412	28817
99413	21530
99414	345504
99415	345505
99418	514480
99420	514482
99421	32799
99422	131383
99423	131384
99424	153365
99426	153367
99427	153368
99428	245309
99429	245310
99430	245311
99432	20933
99433	245313
99434	245314
99435	245315
99436	245316
99437	384644
99438	199275
99439	225776
99440	225777
99441	177527
99442	177528
99443	177530
99444	413082
99445	422758
99446	422759
99448	422760
99449	422761
99450	422762
99451	422763
99452	422764
99453	369719
99454	369720
99455	369721
99456	29051
99457	29802
99458	29805
99459	153245
99460	153246
99461	153247
99462	345363
99463	72086
99464	514369
99465	514370
99466	514371
99467	514372
99468	514373
99469	514374
99470	514375
99471	514376
99472	514377
99473	514378
99474	13777
99475	73090
99476	73091
99477	32490
99478	32493
99479	32494
99480	245181
99481	245182
99482	245183
99483	72038
99484	24000
99485	24003
99486	24007
99487	24021
99488	24027
99489	24037
99490	184866
99495	29767
99502	225732
99503	225733
99504	29856
99505	29857
99506	29863
99507	157213
99508	29868
99509	29869
99510	29875
99511	29876
99512	29878
99513	29879
99514	29884
99515	29886
99516	29890
99517	29892
99518	426271
99520	76276
99521	76277
99522	72940
99523	72941
99524	10278
99526	26452
99527	72434
99528	72435
99530	72436
99531	72437
99532	26468
99533	384455
99534	384456
99535	384457
99537	384459
99538	384460
99539	384461
99540	384462
99541	384463
99542	384464
99543	177553
99544	177554
99545	177555
99546	450262
99547	450263
99548	450264
99549	32475
99553	513965
99554	513966
99555	227446
99556	10279
99558	32219
99559	32220
99560	32221
99561	32223
99562	32225
99563	32226
99564	32229
99565	67441
99566	72256
99567	67443
99568	67444
99569	28737
99570	32097
99571	32098
99572	32099
99573	242000
99577	25710
99578	310785
99579	310786
99580	22749
99581	22751
99582	22754
99583	31776
99584	67688
99585	166824
99586	166825
99587	199186
99588	167383
99589	167384
99590	32722
99591	32723
99592	32724
99593	32725
99594	32726
99595	32727
99596	32730
99597	32731
99598	32732
99599	32733
99600	32734
99601	32736
99602	32739
99603	32740
99604	32741
99605	32742
99606	132049
99607	514456
99608	30272
99609	72911
99610	72912
99611	72501
99612	72502
99613	241993
99614	241994
99615	241995
99617	241997
99618	367085
99619	241999
99620	384796
99621	384797
99622	384798
99623	199190
99624	199191
99625	29527
99626	29529
99627	29531
99628	83166
99629	83167
99630	83167
99631	450224
99632	131205
99633	450225
99634	450226
99635	450227
99636	67391
99638	199354
99639	245079
99640	245080
99641	245081
99642	31880
99643	131413
99644	131414
99645	345159
99646	345160
99647	29565
99648	72531
99649	72532
99650	29571
99651	29572
99652	21753
99653	310801
99654	310802
99655	310803
99656	310804
99657	310805
99658	310806
99659	209947
99660	209948
99661	209949
99662	209950
99663	209951
99664	209952
99665	209953
99666	209954
99667	209955
99668	32650
99669	72877
99670	72878
99671	166748
99672	166749
99673	166750
99674	167149
99675	31581
99676	83136
99677	83137
99678	9406
99679	72741
99680	72742
99681	166670
99682	166671
99683	23812
99684	26475
99685	73016
99686	73017
99687	83209
99688	83210
99689	83211
99690	131974
99691	245365
99692	245366
99693	177602
99694	177603
99695	177604
99696	177605
99697	177606
99698	177607
99699	177608
99700	471323
99701	471324
99702	471325
99703	184945
99704	514134
99705	514135
99706	72054
99707	83623
99708	83624
99709	83625
99711	83627
99712	83628
99713	83629
99714	450673
99715	450674
99716	471034
99717	471035
99718	514457
99719	471025
99720	184846
99721	471097
99722	471098
99723	471099
99724	471100
99725	471101
99726	471102
99727	471103
99728	345053
99729	345054
99730	412935
99731	73171
99732	73174
99733	73175
99734	73176
99735	73177
99736	73178
99737	73179
99738	72149
99739	72150
99740	67695
99741	67696
99742	245083
99743	245084
99744	67635
99745	79915
99748	514077
99750	514079
99751	344995
99752	413055
99753	413056
99754	28290
99755	72732
99758	28296
99759	72222
99760	28299
99761	22889
99762	22890
99763	22892
99764	22906
99765	72399
99766	72400
99767	22914
99768	22916
99769	21192
99770	21206
99771	227449
99772	227450
99773	227451
99774	227452
99775	227453
99776	227454
99777	426262
99778	22302
99779	22303
99780	22316
99781	184953
99782	209799
99783	209800
99784	209801
99785	209802
99786	209803
99787	209804
99788	209805
99789	30171
99790	30172
99791	30173
100165	446367
100595	69396
100596	69399
100597	69401
100598	69403
100599	69405
100605	14911
100611	437340
100614	152165
100616	152167
100617	152168
100618	152169
100619	152170
100625	516473
100627	516475
100628	516476
100629	516477
100630	516478
100631	28198
100632	28212
100633	28223
100634	28237
100635	28246
100636	28263
100637	28270
100638	28274
100639	28281
100640	502119
100642	502121
100643	502122
100644	502123
100645	502124
100646	152029
100648	152031
100649	152032
100651	152034
100652	152036
100657	152090
100659	152092
100660	152093
100661	152094
100662	152095
100670	245184
100671	245185
100672	245186
100673	30340
100674	73018
100675	73019
100676	32636
100677	32639
100679	157199
100680	26244
100681	154990
100682	79299
100683	75933
100684	75934
100685	75935
100686	75936
100687	75937
100688	158001
100689	75938
100692	156383
100693	75366
100694	156383
100697	156867
100698	156868
100699	157405
100700	156869
100701	198756
100702	310099
100703	310100
100704	310101
100705	310102
100706	310103
100707	310104
100708	310105
100709	310106
100710	310107
100711	310108
100712	157302
100713	21443
100714	157825
100715	155418
100716	21445
100717	21463
100718	21464
100719	21465
100720	341865
100721	227911
100722	227912
100723	241669
100724	227914
100725	469182
100726	227916
100727	227917
100728	227918
100729	227919
100730	22399
100731	9646
100732	445155
100733	208553
100735	310697
100736	310698
100737	310699
100738	157302
100739	310701
100740	367943
100741	367944
100742	367945
100743	367946
100745	367948
100746	367949
100747	367950
100748	367951
100749	368089
100750	368090
100751	368091
100752	368092
100753	283737
100755	468954
100756	445454
100757	445455
100758	156442
100762	445458
100763	23113
100764	82472
100765	412307
100770	412312
100771	412313
100773	469055
100774	469056
100775	469057
100776	469058
100777	469059
100778	469060
100779	469061
100780	469062
100781	469063
100782	469064
100783	157297
100784	243837
100785	7930
100786	6445
100787	26170
100788	150941
100789	368026
100790	26174
100791	26176
100792	26177
100793	156442
100794	17408
100795	17411
100796	17413
100797	17416
100798	17479
100799	17480
100800	17482
100801	17483
100802	17485
100803	157885
100804	157885
100805	64453
100806	20194
100807	158474
100808	20196
100809	155417
100811	157890
100812	20204
100813	25694
100814	25696
100815	25697
100816	17331
100817	25699
100818	25700
100819	25703
100820	25706
100821	25707
100822	25709
100823	198933
100824	157303
100825	198935
100826	14288
100827	157305
100828	158034
100829	198939
100830	198940
100831	198941
100832	157307
100833	25635
100834	309508
100835	309509
100836	309510
100837	466160
100838	156362
100839	310472
100840	386983
100841	310474
100842	341797
100843	341798
100844	469182
100845	341800
100846	341801
100847	341802
100849	367024
100850	341805
100851	341760
100852	17262
100853	17263
100854	17265
100855	17266
100856	17267
100857	17268
100858	17266
100859	17268
100860	10865
100861	157302
100862	158560
100863	10868
100864	10869
100865	342106
100866	24753
100867	24754
100868	157384
100869	24760
100870	24763
100871	24766
100872	24768
100873	24770
100874	24771
100878	23468
100879	23469
100880	23471
100881	23472
100882	23473
100883	23474
100884	155418
100885	23476
100886	23477
100887	23478
100888	226006
100889	226007
100890	226008
100891	226009
100892	226010
100893	226011
100894	445460
100895	155941
100896	157568
100897	157569
100898	154880
100899	154880
100900	155712
100901	154882
100902	155306
100903	155307
100904	157159
100905	155093
100906	155414
100907	155095
100908	426754
100910	155098
100911	155099
100912	155760
100913	156109
100914	21565
100924	166859
100925	166860
100926	166861
100927	166862
100928	166863
100929	166864
100930	166865
100931	166864
100932	166867
100933	23929
100934	23930
100935	23931
100936	23932
100937	23933
100938	23934
100939	23936
100940	23937
100941	158412
100942	9727
100943	9728
100944	157409
100945	158022
100946	9731
100947	342020
100948	9733
100949	9734
100950	9735
100951	9736
100954	367952
100958	25318
100959	158580
100960	25324
100961	25325
100962	25326
100963	158580
100964	61796
100966	25331
100967	25332
100968	445565
100969	445566
100971	445568
100972	445569
100973	445570
100974	445571
100975	445572
100976	445573
100977	445574
100978	9737
100979	9738
100980	9739
100981	9740
100982	9741
100983	9742
100984	9743
100985	9744
100986	9745
100987	9746
100988	156319
100989	9798
100990	9799
100991	514627
100992	9801
100993	158628
100994	514627
100995	158478
100996	514627
100997	9807
100998	157151
100999	9698
101000	156177
101001	9700
101002	9701
101003	9702
101005	9704
101006	157036
101007	492975
101008	11824
101009	13733
101010	13737
101011	13739
101012	13741
101013	13742
101014	13743
101015	196795
101016	13746
101017	13747
101018	155206
101019	155052
101021	155207
101022	155208
101023	155209
101024	22984
101025	445657
101026	445658
101027	445659
101028	79414
101029	445661
101030	469049
101031	445663
101032	445664
101033	445665
101035	310511
101036	367926
101037	310513
101038	341920
101039	310405
101040	310516
101041	310517
101042	310518
101043	310519
101044	310520
101045	158887
101046	20153
101047	20162
101048	157810
101049	20164
101050	20165
101051	20166
101052	20168
101053	157850
101054	208392
101055	198856
101056	155720
101057	208395
101058	208396
101059	208397
101060	208398
101061	208399
101062	208400
101063	157255
101064	157256
101065	130079
101067	130079
101068	156379
101069	130207
101070	130081
101073	83414
101074	161596
101075	161597
101076	87805
101077	87806
101078	161598
101079	161599
101080	157303
101081	161600
101082	161601
101083	310140
101084	310141
101085	155411
101086	310143
101087	310144
101088	310145
101089	310146
101090	310147
101091	157302
101092	310149
101093	166460
101096	368131
101097	445402
101098	16377
101099	16378
101100	16383
101101	158156
101102	166461
101103	16395
101104	16396
101105	158003
101106	16592
101107	16593
101108	513242
101109	513243
101110	513244
101111	513245
101112	513246
101113	513247
101114	513248
101115	513249
101116	243748
101117	367983
101118	367984
101119	367985
101120	367984
101121	367987
101122	17270
101123	367984
101124	367990
101125	367991
101126	386860
101127	445647
101128	445648
101129	445649
101130	445650
101131	445651
101132	445652
101133	445653
101134	445654
101135	445655
101136	445656
101137	156468
101138	26520
101139	26521
101140	26522
101141	26523
101143	156823
101144	26524
101145	17260
101146	130206
101147	22840
101148	157996
101149	22842
101150	22843
101152	22846
101153	22847
101154	22849
101155	243481
101156	243481
101157	68126
101158	208352
101159	157714
101160	208354
101161	208355
101162	208356
101163	208357
101164	208358
101165	208359
101166	208360
101167	126873
101168	158039
101169	130206
101170	26593
101171	467007
101172	158041
101173	26596
101174	26597
101175	26599
101176	26600
101177	26602
101178	61797
101179	157395
101180	23665
101181	425729
101182	156348
101183	70424
101184	156949
101185	156350
101187	156352
101188	70425
101189	155621
101190	70426
101191	70427
101192	492990
101193	492952
101194	492953
101195	492954
101196	492955
101198	492957
101199	492958
101200	158678
101201	128094
101202	157365
101203	177818
101206	130231
101207	130232
101209	185036
101210	185037
101211	185038
101212	185039
101213	185040
101214	185041
101215	185042
101216	26950
101217	157494
101219	166468
101220	17728
101221	17729
101222	17730
101223	17732
101224	17733
101225	227838
101226	227839
101227	227953
101228	227841
101229	227838
101230	227843
101231	156108
101232	227845
101233	196795
101234	28008
101235	28010
101236	28011
101237	28013
101238	28014
101239	28016
101240	28017
101241	28018
101242	28019
101243	28020
101244	23882
101245	23883
101246	23885
101247	23886
101248	23887
101249	23888
101250	23889
101251	23890
101252	23891
101253	23892
101254	61798
101255	24134
101256	158484
101257	24136
101258	24137
101259	24138
101260	20573
101261	24140
101262	24141
101263	61799
101264	17607
101265	17608
101266	17387
101267	17609
101268	17610
101269	17611
101270	17612
101271	156362
101272	17613
101273	17614
101274	155729
101275	155730
101276	155731
101277	156139
101278	156837
101279	155342
101280	155343
101281	155344
101282	21680
101283	21696
101284	368065
101285	68349
101286	158327
101287	156837
101288	156702
101289	129993
101290	158330
101291	68352
101295	156981
101296	156982
101297	75707
101298	79403
101299	79404
101300	156983
101301	156984
101302	158029
101306	226028
101307	226029
101308	226030
101309	158581
101310	156442
101311	226033
101312	227957
101313	198927
101314	198933
101315	445356
101316	445357
101317	445358
101318	445359
101319	445360
101320	445361
101321	445362
101322	469064
101323	27686
101324	22399
101325	27687
101326	27689
101327	156362
101328	27691
101329	492931
101330	158339
101331	226049
101332	468941
101333	341683
101334	341684
101335	341685
101336	341686
101337	341687
101338	436885
101339	437178
101340	437179
101341	437180
101342	466160
101343	466161
101345	466169
101346	466170
101347	466171
101348	466172
101349	385546
101350	513249
101352	157364
101353	157364
101354	83370
101355	492930
101356	158282
101357	83370
101358	156837
101359	156949
101360	83371
101362	367412
101364	367414
101365	501070
101369	5696
101370	501070
101371	242585
101372	242586
101376	242590
101377	242591
101378	242592
101379	242601
101380	242642
101381	379994
101382	367443
101383	367444
101384	513245
101385	367446
101388	367449
101389	367450
101390	367451
101391	28124
101392	158207
101393	28130
101394	28131
101395	155371
101396	155948
101397	156934
101398	155374
101399	155375
101400	155376
101401	155377
101402	155277
101403	155278
101404	155279
101405	161614
101406	130108
101407	161615
101408	161616
101409	130111
101410	130112
101411	161629
101412	163326
101413	130115
101414	130116
101415	156347
101416	161619
101417	161620
101418	161621
101419	161622
101420	161623
101421	161624
101422	161625
101423	161626
101424	161627
101425	243675
101426	243676
101427	243677
101429	243679
101430	243680
101431	243681
101432	243682
101433	243683
101434	243684
101436	501082
101437	386755
101438	157854
101439	559145
101440	166468
101443	25111
101444	158113
101445	5929
101446	25118
101447	25119
101448	25122
101449	25124
101450	25126
101451	25128
101452	158115
101453	70456
101454	122362
101457	166487
101458	9855
101459	9856
101460	9857
101461	227906
101462	21613
101463	9860
101464	9861
101465	155418
101466	9863
101467	9864
101468	310413
101469	184996
101470	184997
101471	184998
101472	184999
101473	241672
101474	232269
101475	232270
101476	25623
101477	386819
101478	28053
101479	28055
101480	158295
101481	23939
101482	492930
101483	158282
101485	23943
101486	23946
101487	23947
101488	70446
101489	24626
101490	24632
101491	24634
101492	24636
101493	24643
101494	24647
101495	24649
101496	24650
101497	24652
101498	158636
101499	157416
101500	157417
101501	158639
101502	156064
101503	155233
101504	155234
101505	426754
101506	155590
101507	155495
101509	130100
101510	130101
101513	157059
101514	157060
101515	157298
101516	157062
101517	157063
101518	445266
101519	18623
101520	445268
101522	445270
101523	445271
101524	445272
101525	26532
101528	243577
101529	243578
101530	243579
101531	158022
101532	157307
101533	157302
101534	243583
101535	243584
101536	243585
101537	243586
101538	157808
101539	75182
101540	157810
101541	158001
101542	6573
101543	26532
101544	19633
101545	156839
101546	368004
101547	157494
101548	20834
101549	158298
101550	20836
101551	156106
101552	156105
101553	20841
101554	64260
101555	16962
101556	20845
101557	20846
101558	157396
101559	24305
101560	24306
101561	310563
101564	156837
101565	156702
101566	68325
101567	232223
101568	243550
101569	367952
101570	243552
101571	232260
101572	232261
101573	243553
101574	243554
101575	310413
101576	243556
101577	341755
101578	341756
101579	344958
101580	341758
101581	412169
101582	341760
101583	341761
101584	341762
101585	166504
101586	26810
101587	26812
101588	26813
101589	26815
101590	26818
101591	26819
101592	26820
101593	156596
101594	26821
101595	26823
101596	27937
101597	27939
101598	27941
101599	27942
101600	27945
101601	27949
101602	68326
101603	157289
101604	158860
101605	158860
101606	24445
101607	24447
101608	155207
101609	24448
101610	24450
101611	83471
101612	158730
101613	198944
101614	177819
101615	158678
101616	242577
101619	198950
101620	197728
101622	383003
101623	402383
101624	387008
101625	387009
101626	387010
101627	387011
101628	380161
101629	380162
101630	387014
101631	130038
101632	157719
101633	130039
101634	20802
101635	130040
101636	156362
101637	310133
101638	310134
101639	492932
101640	130043
101641	468991
101642	468992
101643	469086
101645	468995
101646	468996
101647	468997
101648	468998
101649	243745
101650	469000
101651	367401
101652	367402
101654	380023
101655	367405
101656	367406
101657	367407
101661	158903
101662	155417
101663	158295
101664	9765
101665	9767
101666	9768
101667	469307
101668	158008
101669	341864
101670	156835
101671	130235
101672	130236
101673	130237
101674	166409
101675	75723
101676	166411
101677	166412
101678	166413
101679	166414
101680	157330
101681	166416
101682	166417
101684	76032
101685	426869
101686	426870
101687	426963
101688	445562
101689	426873
101690	426874
101691	426875
101692	426876
101693	426877
101694	198871
101695	445631
101696	426751
101697	445636
101698	445637
101699	445638
101700	445639
101701	445640
101702	445641
101703	157360
101704	28234
101705	28236
101706	28238
101707	28239
101708	28240
101709	75886
101710	75887
101711	198772
101712	75889
101713	75890
101715	558934
101716	558935
101717	558936
101719	558938
101720	558939
101721	558940
101723	75756
101724	79314
101725	75757
101726	166861
101727	75759
101728	158001
101729	79315
101730	75761
101731	75762
101733	412354
101734	412355
101735	412356
101736	412357
101737	412358
101738	412359
101739	412360
101741	412362
101742	310159
101743	425747
101744	425748
101745	412379
101746	29360
101748	425751
101750	425752
101751	425753
101752	23568
101753	23569
101754	23570
101755	83406
101756	23572
101757	23573
101758	23575
101759	23577
101760	24922
101761	24924
101762	24925
101763	412196
101764	24927
101765	24928
101766	24929
101767	24930
101768	24943
101769	24944
101770	241673
101771	241674
101772	28241
101773	28242
101774	157348
101775	28245
101776	28247
101777	28248
101778	28249
101779	28250
101780	156836
101781	28251
101782	157817
101783	284168
101784	156881
101785	75780
101787	75781
101788	75782
101789	177849
101790	166454
101791	155941
101792	368107
101793	157360
101794	161638
101797	161639
101798	156347
101799	87824
101800	87825
101801	208605
101802	243609
101805	243612
101806	243613
101808	9798
101809	243616
101810	468895
101811	501706
101812	501707
101813	11271
101814	501709
101817	166422
101818	158030
101819	27790
101820	27792
101821	27793
101822	27794
101823	27795
101824	27797
101825	27799
101826	27801
101827	469074
101828	469075
101829	469076
101830	469077
101831	469078
101832	469079
101833	492979
101834	166511
101835	166512
101836	227909
101837	166514
101838	166515
101839	166516
101840	226814
101842	158085
101843	158086
101844	158087
101845	156836
101846	87713
101850	386880
101851	386881
101852	386882
101853	386883
101854	386884
101855	386885
101856	386886
101857	310667
101858	310668
101859	386936
101860	158292
101861	24163
101862	24164
101863	158152
101864	366992
101865	24166
101866	24169
101867	157151
101868	24172
101869	24174
101870	20114
101871	20116
101872	445743
101873	5369
101874	158865
101875	158169
101876	20121
101877	20128
101878	158868
101879	20131
101880	196795
101881	196795
101882	25568
101883	25569
101884	386751
101885	386751
101886	386751
101887	386751
101888	25575
101889	25576
101890	14522
101891	156642
101892	14524
101893	14525
101894	60620
101895	14533
101896	14535
101897	156384
101898	156836
101899	156837
101900	310475
101901	310476
101902	310477
101903	310478
101904	310479
101905	310480
101906	310481
101907	310482
101908	310483
101910	68330
101911	68331
101912	68332
101913	68333
101914	68334
101915	68335
101916	68336
101917	68337
101918	68338
101921	227934
101922	227935
101923	227936
101924	166461
101925	227938
101926	227939
101927	227940
101928	227941
101929	156837
101930	342007
101931	558968
101932	558969
101933	558970
101934	558971
101935	558972
101936	558973
101937	558974
101938	342007
101939	19373
101940	19374
101941	19375
101942	342025
101943	19378
101944	17142
101945	19381
101946	17058
101947	19383
101948	19384
101949	341891
101950	198856
101951	198856
101952	412233
101953	341937
101954	412235
101955	412236
101956	412237
101957	158048
101958	158048
101959	367973
101960	367974
101961	367975
101962	367976
101963	9768
101964	469307
101965	367979
101966	367980
101967	367981
101968	367982
101970	26858
101971	26859
101972	26861
101973	26863
101974	26864
101975	26865
101976	26866
101977	26867
101978	26868
101980	366162
101981	366180
101982	366164
101983	366182
101984	366183
101985	366184
101986	366185
101987	366140
101988	366141
101989	87975
101990	156947
101991	10851
101992	27098
101993	158036
101994	27101
101995	27102
101996	27105
101997	27106
101998	27107
101999	243741
102000	243742
102001	243742
102002	243744
102003	243745
102004	243746
102005	310272
102006	310273
102007	342099
102008	342099
102009	310403
102010	310335
102011	283740
102012	310337
102013	310338
102014	310339
102015	310340
102016	310341
102017	310342
102018	310343
102019	310556
102020	310557
102021	310558
102022	368132
102023	368133
102024	368134
102025	368135
102026	387056
102027	387057
102028	426836
102029	310655
102030	310656
102031	26532
102033	157879
102035	185011
102037	26541
102039	157437
102041	342058
102042	342059
102043	177807
102044	342061
102045	342062
102046	310547
102047	342064
102048	75729
102049	469182
102050	469174
102051	501698
102052	469176
102053	492918
102056	380019
102057	387065
102058	380021
102059	379731
102060	367558
102061	367512
102062	387067
102063	513245
102064	387069
102065	21032
102066	21033
102067	21034
102068	469187
102069	21037
102070	21038
102071	492931
102072	426943
102073	128094
102074	243519
102075	242842
102076	386751
102077	243522
102078	341807
102079	68330
102080	341809
102081	341810
102082	341811
102083	341812
102084	341813
102085	68337
102086	178168
102087	310531
102088	310410
102089	68356
102090	157714
102091	412189
102092	386729
102093	158295
102094	157305
102095	367970
102096	155720
102097	367972
102098	368175
102099	368176
102100	368177
102101	368178
102102	368179
102103	445155
102104	368181
102105	228014
102106	341892
102107	412184
102108	9695
102109	426968
102110	20358
102111	21870
102112	21870
102113	21871
102114	21873
102115	156642
102117	412300
102118	412301
102119	468968
102120	468969
102121	468970
102123	468972
102126	468975
102127	68430
102128	68431
102129	155618
102130	68432
102131	68433
102132	75741
102133	243481
102135	157885
102136	23163
102137	23164
102138	23165
102139	61791
102140	158423
102141	23178
102142	23179
102143	157080
102144	157289
102145	310367
102146	310368
102147	310369
102148	310370
102149	412322
102150	310372
102151	310373
102152	310374
102153	310375
102154	310376
102155	156381
102156	156348
102157	27337
102158	11117
102159	19219
102160	27341
102161	158596
102162	21839
102163	21897
102164	157678
102165	157300
102166	27775
102167	27776
102168	27777
102169	27778
102170	157307
102171	156837
102172	157634
102173	27779
102174	155383
102175	155561
102176	155562
102177	155563
102178	155564
102179	155565
102180	155562
102181	155567
102182	27187
102184	155585
102185	23328
102186	155587
102187	155588
102188	14524
102189	157140
102190	158628
102191	158629
102192	23341
102193	310252
102194	310253
102195	310254
102196	310255
102197	310256
102198	310257
102199	310258
102200	310259
102201	310260
102202	130259
102203	15211
102204	15212
102205	15214
102206	15215
102207	15216
102208	15219
102209	198875
102210	15223
102211	15227
102212	155414
102213	157348
102215	155623
102216	155427
102217	155428
102218	155429
102219	155430
102220	158250
102221	158251
102222	75820
102223	157448
102224	157200
102225	156597
102226	157450
102227	226049
102229	226051
102230	226052
102231	345921
102232	226054
102234	226056
102235	226057
102236	226058
102237	27632
102238	27633
102240	157965
102241	155417
102242	27641
102243	27644
102244	27656
102245	27661
102246	22399
102247	559028
102248	155161
102249	27567
102250	155388
102251	155389
102252	155565
102253	157491
102254	157492
102255	157493
102256	386825
102257	386826
102258	384761
102259	412278
102260	386829
102261	386830
102263	386832
102264	386833
102265	386834
102266	14102
102267	14186
102269	14193
102270	14195
102271	14198
102272	156837
102275	156648
102276	23150
102277	156703
102278	23151
102279	23155
102280	158463
102281	13810
102282	157824
102283	157825
102284	157826
102285	13814
102286	13815
102287	13816
102288	13817
102289	13818
102290	13820
102291	155270
102292	155271
102293	155272
102294	155273
102295	155272
102296	157527
102297	155276
102298	154873
102299	154874
102300	158202
102301	469302
102302	469303
102303	469304
102304	469305
102305	9768
102306	469307
102307	469308
102311	79448
102312	75794
102313	75795
102314	20800
102315	75796
102316	75797
102317	75798
102318	75799
102319	24572
102320	75800
102321	156991
102322	79291
102323	157711
102324	156384
102325	156823
102326	157714
102327	157715
102328	137439
102329	79430
102331	198736
102332	198737
102333	198738
102334	310307
102335	158560
102336	157302
102337	198742
102338	198743
102339	177810
102340	368065
102341	227958
102342	227959
102343	227960
102344	227852
102345	227962
102346	70770
102347	70769
102348	70768
102349	227966
102350	227967
102351	158205
102352	21403
102353	21404
102354	9617
102355	21419
102356	21420
102357	21421
102358	166422
102359	21423
102360	21424
102361	501160
102362	501161
102363	20815
102364	20816
102365	20817
102366	20818
102367	20819
102368	20821
102369	70433
102370	20824
102371	20826
102372	20827
102373	14533
102374	75878
102375	75879
102376	75850
102377	158621
102378	75880
102379	75881
102380	75882
102381	75883
102382	425781
102383	242575
102384	242576
102385	242577
102386	177819
102387	157365
102388	226040
102389	242581
102391	157361
102392	242584
102393	22021
102394	22023
102395	22024
102396	155020
102397	22026
102398	22029
102399	158061
102400	22031
102401	22032
102402	79356
102403	16640
102404	16642
102405	156774
102406	156837
102407	156702
102408	16645
102409	16647
102410	16648
102411	16649
102413	70447
102414	158207
102415	156837
102417	79392
102418	79393
102419	216619
102420	216620
102421	232268
102422	158213
102423	24700
102424	24701
102425	24725
102426	156816
102427	24726
102428	24732
102429	24734
102430	24735
102431	27158
102432	24738
102433	25417
102434	25419
102435	25420
102436	25421
102437	156108
102438	156108
102439	25425
102440	25428
102441	25429
102442	25430
102443	310064
102444	341858
102445	341859
102446	341860
102447	341861
102448	341862
102449	341863
102450	341864
102451	341865
102452	341866
102453	469117
102454	469118
102455	166454
102456	469270
102457	514156
102458	469271
102459	469272
102460	469273
102461	469273
102462	469275
102463	445193
102464	469276
102465	70435
102466	307609
102467	19685
102468	380029
102469	157522
102470	130505
102471	386769
102472	207323
102473	513392
102474	70444
102475	157771
102476	156585
102477	157151
102478	19356
102479	158425
102480	19358
102481	19359
102482	19360
102483	19361
102484	198883
102485	198884
102486	198885
102487	198886
102488	198887
102489	198888
102491	198890
102492	198891
102493	20743
102494	14324
102495	243519
102496	158095
102497	158096
102498	158097
102499	158098
102500	19106
102501	19107
102502	19108
102503	19109
102504	19111
102505	157158
102506	155688
102507	23766
102508	158471
102509	155690
102510	156640
102511	130207
102512	156640
102513	156641
102514	156642
102515	342090
102516	342091
102517	310531
102518	342093
102519	310531
102520	342095
102521	342096
102522	342097
102523	157308
102524	25243
102525	25244
102526	25243
102527	25244
102528	25245
102529	25246
102530	25247
102531	25248
102532	25249
102533	25248
102534	27933
102535	24422
102536	155162
102537	156837
102538	155164
102539	155165
102540	155166
102541	155120
102542	155121
102543	155122
102544	157302
102545	155170
102546	129957
102547	129958
102548	157789
102549	166861
102550	157791
102551	157792
102552	24906
102554	345921
102555	310652
102556	310653
102557	310654
102558	437163
102559	437164
102560	437165
102561	156707
102563	310485
102564	283748
102565	310487
102566	412322
102567	342108
102568	367954
102569	367955
102571	367957
102574	226069
102575	27246
102576	27247
102577	157820
102578	27251
102579	27247
102580	27254
102581	27256
102582	27257
102583	61791
102584	27262
102585	27827
102586	27829
102587	27836
102588	27838
102589	27841
102590	27842
102591	27844
102592	27845
102593	27846
102594	27847
102595	157267
102596	366140
102597	26746
102599	26748
102600	26749
102601	26750
102602	26752
102603	26754
102604	412266
102605	26779
102606	157105
102607	157313
102608	26782
102609	158239
102610	158239
102611	26787
102612	26792
102613	158291
102614	25462
102615	25463
102616	25465
102617	25466
102618	25469
102619	157295
102620	156465
102621	25474
102622	157224
102623	25476
102624	156811
102625	87815
102626	161649
102627	161679
102628	161651
102629	158298
102630	130018
102631	161652
102632	130020
102633	130021
102634	27075
102635	27076
102636	27077
102637	514627
102638	514627
102639	27080
102640	27081
102641	27082
102642	27083
102643	27084
102644	469332
102645	469213
102646	445137
102647	445138
102648	445139
102649	445140
102650	445141
102651	445142
102652	445143
102653	445144
102654	26152
102655	130252
102656	26153
102657	26154
102658	26155
102659	156806
102660	26157
102661	26161
102662	26162
102663	26164
102664	158519
102667	158522
102668	158523
102669	158524
102670	155340
102671	155341
102672	155033
102673	158528
102674	75776
102675	156778
102676	20026
102677	185033
102678	156837
102679	156949
102681	17315
102682	158119
102683	79439
102684	558952
102685	558953
102686	130729
102687	152416
102688	559313
102689	157290
102690	83503
102691	83504
102692	83505
102693	157290
102694	79582
102695	156107
102696	83506
102698	155070
102699	157302
102700	198727
102701	198728
102702	198729
102703	198730
102705	198860
102706	158294
102707	198734
102708	157302
102709	25884
102710	25885
102711	25886
102712	25888
102713	8645
102714	83376
102715	386994
102716	380233
102717	380024
102718	380025
102719	184970
102720	184971
102721	184972
102722	184973
102723	157494
102724	198867
102725	198868
102726	184685
102727	243681
102728	83558
102729	83559
102730	156817
102731	156817
102732	20026
102733	185033
102734	156821
102735	161669
102736	130083
102737	156822
102738	310416
102739	310417
102740	310418
102741	310419
102742	29372
102743	310421
102744	310422
102745	310408
102746	310424
102747	493025
102748	342007
102749	156837
102751	493029
102752	493030
102753	500954
102754	493032
102755	493033
102756	493034
102757	17839
102758	17840
102759	17841
102760	17842
102761	17843
102762	17844
102763	368098
102764	156498
102765	17848
102767	27019
102768	157302
102769	157307
102770	9845
102772	307623
102773	9848
102774	9849
102775	9850
102776	307603
102777	307605
102778	9853
102779	158412
102780	27085
102781	158395
102782	157563
102783	157718
102784	158582
102785	158156
102786	158047
102787	27091
102788	158007
102789	27092
102790	341785
102791	75264
102792	341787
102793	75369
102794	22717
102795	156949
102797	28100
102798	156722
102799	28105
102800	28108
102802	158061
102803	68346
102804	156381
102805	129936
102806	129937
102807	156325
102808	292864
102809	129940
102810	156326
102811	157302
102812	158001
102813	129942
102814	157307
102816	17263
102820	468965
102821	513368
102825	23317
102826	20947
102827	20948
102828	161635
102829	156443
102830	368107
102831	13775
102832	13776
102833	13778
102834	13780
102835	13782
102836	380024
102837	13784
102838	310554
102839	283745
102840	157204
102841	130051
102842	130052
102843	157204
102846	386781
102847	386782
102848	501054
102849	501053
102851	513294
102852	386787
102853	386788
102855	161669
102856	155208
102857	25284
102858	412313
102859	158290
102860	25286
102861	25287
102862	25288
102863	25289
102864	425608
102865	425609
102866	425578
102867	425579
102868	445643
102869	445644
102870	513239
102871	513240
102872	501163
102873	501164
102874	412242
102875	412243
102876	22399
102877	427006
102878	466290
102879	426601
102880	469291
102881	367936
102882	427011
102883	427012
102884	492959
102885	492960
102886	492961
102887	492962
102888	158298
102889	492964
102890	87826
102891	492966
102892	492967
102895	493046
102896	493047
102897	493048
102898	493049
102899	493050
102900	493051
102901	493052
102902	493053
102903	493054
102904	158115
102905	26642
102906	157664
102907	26647
102908	157665
102909	156640
102910	25247
102911	26648
102915	19329
102916	345923
102917	19332
102918	19335
102919	19336
102920	161696
102921	157363
102922	156712
102923	197291
102924	156643
102925	14084
102926	156644
102927	17302
102928	17304
102929	17305
102930	425592
102931	425593
102932	68406
102933	83372
102934	310089
102935	310090
102936	310091
102937	310092
102938	310093
102939	341865
102940	310095
102941	157151
102942	157526
102943	310098
102944	341889
102945	341890
102946	341891
102947	341892
102949	341894
102950	341895
102951	341896
102953	341898
102954	386887
102955	386888
102956	386889
102957	386890
102958	386891
102959	386892
102960	368093
102961	368094
102962	367934
102963	310307
102964	310413
102965	386764
102966	386765
102967	386766
102968	386767
102969	386764
102970	343630
102971	412403
102972	412404
102973	227883
102974	445487
102975	445488
102976	445489
102977	228017
102978	445491
102979	445492
102980	445493
102981	445494
102982	445495
102983	226068
102984	226069
102985	226070
102986	130215
102987	341996
102988	341997
102989	341998
102990	368074
102991	367564
102992	386732
102993	469323
102994	513290
102995	156350
102996	130070
102997	198814
102999	198816
103000	198817
103001	208899
103002	209027
103003	198820
103004	198879
103005	79414
103006	130032
103007	130033
103009	130034
103010	196795
103011	130036
103012	156913
103013	156914
103014	156915
103015	310204
103016	21307
103017	21310
103018	21311
103019	21312
103020	21313
103021	21317
103022	21318
103023	21320
103024	341867
103025	157302
103026	129927
103027	79346
103028	79347
103029	26950
103030	469254
103031	157637
103032	166817
103033	129929
103034	412398
103035	367585
103036	342110
103038	342112
103039	342113
103040	345937
103041	342115
103042	198961
103043	198962
103044	156586
103045	156587
103046	310309
103047	156589
103048	156590
103050	156592
103051	156593
103052	156594
103053	158460
103054	75721
103056	75723
103057	75724
103058	79537
103059	75725
103060	155020
103062	158201
103063	75727
103064	468979
103065	368107
103066	368108
103067	368109
103068	341865
103069	368111
103070	368112
103071	368113
103072	368114
103073	368115
103074	368116
103075	513251
103076	310713
103078	310712
103084	9664
103085	9665
103086	157140
103087	157140
103088	9668
103089	9669
103090	9670
103091	9671
103092	9673
103094	157141
103095	157142
103096	157143
103097	157144
103098	157145
103099	157146
103100	157147
103101	157148
103102	157149
103103	157150
103104	130187
103105	130188
103106	130189
103107	130190
103108	243747
103109	243748
103111	244522
103112	243751
103113	243690
103114	243692
103115	208605
103116	166468
103117	513246
103118	558986
103119	559244
103120	14524
103121	412243
103122	156585
103123	558991
103125	558993
103126	558994
103127	155411
103129	513332
103130	386755
103131	157854
103132	513335
103133	243747
103134	130074
103135	130075
103136	157302
103137	130076
103138	177811
103139	158821
103141	130077
103142	130078
103143	342137
103144	342138
103145	342139
103146	342140
103147	386953
103148	412255
103149	412256
103150	412257
103151	412258
103152	412259
103153	412260
103154	412261
103155	310628
103156	426994
103157	426995
103158	130207
103159	157853
103160	26405
103161	26582
103162	26585
103163	469066
103164	129881
103165	155418
103166	15493
103167	157365
103168	427027
103169	158427
103170	427029
103171	427030
103172	427031
103173	158427
103174	427029
103175	427030
103176	425798
103177	25656
103178	25657
103179	158003
103180	157080
103181	25661
103182	197291
103183	158274
103184	25666
103185	158034
103186	25667
103187	166489
103188	368118
103189	368119
103190	368120
103191	368121
103192	368122
103193	368123
103194	386791
103195	368125
103196	386824
103197	25380
103198	25382
103199	25383
103200	156837
103201	25385
103202	25389
103203	25390
103204	25393
103205	156465
103206	156832
103207	466160
103208	386955
103209	386956
103210	466169
103211	386958
103212	386959
103214	386961
103216	166877
103217	156381
103218	198860
103219	166880
103224	166817
103225	198860
103226	129943
103227	157403
103228	129944
103229	157305
103230	129946
103231	158034
103232	129947
103233	158034
103234	129948
103235	129949
103236	129992
103237	387071
103238	387072
103239	384286
103240	387071
103241	387075
103242	387076
103243	387077
103244	64757
103245	387079
103246	156703
103247	83527
103248	157298
103249	156722
103250	130133
103251	156837
103253	156949
103254	156836
103255	130134
103256	310275
103257	310276
103258	227943
103259	227906
103260	469333
103261	310280
103262	368160
103263	310282
103264	310283
103265	368155
103266	27048
103267	27050
103268	156336
103269	27052
103270	27053
103271	158429
103272	27059
103273	27060
103274	27061
103275	27062
103276	166504
103277	416708
103278	467855
103279	197107
103281	468965
103282	61791
103283	157080
103285	14288
103286	501060
103287	243748
103288	501062
103290	243747
103291	501065
103292	501066
103293	492480
103296	283738
103297	25802
103298	25803
103299	25804
103300	25805
103303	25807
103304	158294
103305	130207
103306	154991
103307	154992
103308	154993
103309	156837
103310	156702
103311	154996
103312	156935
103313	158164
103314	177811
103315	156107
103316	157538
103317	157539
103318	157540
103319	157541
103320	157542
103321	157543
103322	12601
103324	155129
103325	157985
103326	445449
103327	445450
103328	426954
103329	426955
103330	426956
103331	445451
103332	426958
103333	445452
103334	445453
103335	426961
103336	310145
103337	161634
103338	161635
103339	157264
103340	130264
103341	156709
103342	83574
103343	87769
103344	161670
103345	161607
103346	157312
103347	157313
103348	83422
103349	158693
103350	156345
103351	156345
103352	83424
103353	158022
103354	158693
103356	158547
103357	158548
103358	20988
103359	155627
103360	155628
103361	155629
103362	155580
103363	155581
103364	20995
103365	20996
103367	445594
103368	445595
103369	445596
103370	445597
103371	445598
103374	445601
103376	310413
103377	185049
103378	198458
103379	185051
103380	368004
103381	185053
103382	185054
103383	158294
103384	185056
103385	185057
103386	13758
103388	310408
103389	310409
103390	310410
103391	310411
103392	310412
103393	310413
103394	310414
103395	310415
103396	25711
103397	25712
103398	23068
103399	196795
103400	23070
103401	23071
103402	16916
103403	23072
103404	130207
103405	156467
103406	23074
103407	23075
103408	156381
103409	16633
103410	16634
103411	16635
103412	16636
103413	16637
103414	157612
103415	156837
103416	156949
103417	13753
103418	445437
103419	466169
103420	445439
103421	466171
103422	386955
103423	386755
103424	157854
103425	559155
103426	513249
103427	447542
103428	227970
103429	158119
103430	75698
103431	227835
103434	75699
103435	75700
103436	79305
103437	156360
103438	367577
103439	367577
103440	198878
103441	130116
103442	198878
103443	367582
103444	367024
103445	367584
103446	367585
103447	367586
103448	426776
103449	426777
103450	426778
103451	426779
103452	426780
103453	426781
103454	426782
103455	426783
103456	426784
103457	426785
103458	196795
103459	15958
103460	61795
103461	158727
103462	157302
103463	156384
103464	15966
103465	368001
103466	15969
103467	158730
103469	155541
103470	28111
103471	25411
103472	156855
103475	28116
103477	156823
103478	386824
103479	367913
103480	166400
103481	367915
103482	367916
103483	367917
103484	367918
103485	367919
103486	367896
103487	426786
103488	158298
103489	426788
103490	157494
103491	513338
103492	426791
103493	445463
103494	426793
103495	445464
103496	445465
103497	469335
103498	469336
103499	469337
103501	469339
103502	158582
103503	469341
103504	469342
103505	469343
103507	341775
103508	341776
103509	341777
103510	341778
103511	469064
103512	341780
103513	341781
103514	341782
103515	155720
103516	157305
103517	445346
103518	469324
103519	166454
103520	469325
103521	469326
103522	469327
103523	445352
103525	469328
103526	469329
103527	156350
103529	68387
103530	157298
103531	68388
103532	68389
103533	68390
103534	68391
103535	129992
103536	130217
103537	130218
103538	156362
103539	68119
103540	380024
103541	68120
103542	68121
103543	68122
103544	68123
103545	75785
103546	75786
103547	79369
103548	75788
103549	75699
103550	21589
103551	75790
103552	75700
103553	75700
103554	75792
103555	559018
103556	559023
103557	345921
103558	20573
103559	559243
103560	559023
103561	26532
103562	345921
103565	155881
103566	155761
103567	155825
103568	27713
103569	177820
103570	27716
103571	156384
103574	155728
103575	156837
103576	156702
103577	27971
103578	9638
103579	9639
103580	386861
103581	386862
103582	386863
103583	386864
103584	386865
103585	386837
103586	386867
103587	386868
103588	227825
103589	386870
103590	501704
103591	513259
103592	208553
103593	26018
103594	445405
103595	469090
103596	445407
103597	469091
103598	469092
103599	469093
103600	469094
103601	445412
103602	21626
103603	21627
103604	157305
103605	130144
103606	21635
103607	21636
103608	21637
103609	21638
103610	21639
103611	21642
103612	20960
103613	156716
103614	156716
103615	20972
103616	20973
103618	157361
103619	166741
103620	20975
103621	158112
103622	156339
103623	26235
103624	26237
103625	26239
103626	26241
103627	26244
103628	26246
103629	26248
103630	157820
103631	155411
103632	23959
103633	23961
103634	23963
103635	23964
103636	23965
103637	23967
103638	23968
103639	23969
103640	23994
103641	23996
103643	515708
103644	515709
103648	513393
103649	243747
103650	513395
103651	513396
103652	158678
103653	226812
103654	70768
103655	70769
103656	70770
103657	23943
103658	23946
103659	157952
103660	157953
103661	157954
103662	79546
103663	79547
103664	79548
103665	79549
103666	79550
103667	79551
103668	79552
103669	79553
103670	26399
103671	79554
103672	158022
103673	310223
103674	310224
103675	310225
103676	310226
103677	130207
103678	309509
103679	309510
103680	310230
103681	310231
103682	283742
103684	310684
103685	310685
103686	310686
103687	310687
103688	386913
103689	310689
103690	310690
103691	23376
103692	23377
103693	23410
103694	23411
103695	23412
103696	83412
103697	23420
103698	23425
103699	154871
103700	514627
103701	156362
103702	19577
103703	19578
103704	19579
103705	19580
103706	19581
103707	19582
103708	19583
103709	19584
103710	20028
103711	20029
103712	20030
103713	20028
103714	20032
103715	20033
103716	20034
103717	20035
103718	20042
103719	20071
103720	310324
103721	310324
103722	310324
103723	310327
103724	310328
103726	469067
103727	284161
103728	310332
103729	310333
103730	380071
103731	379745
103732	379746
103733	379732
103734	367039
103735	367040
103736	17315
103737	158290
103738	79350
103739	155588
103740	368004
103741	79353
103742	157305
103743	166451
103744	158034
103745	130037
103746	83375
103747	157307
103748	158821
103749	27311
103750	27312
103751	27313
103752	27316
103753	27318
103754	27320
103757	23075
103758	412297
103759	412298
103760	513252
103761	513253
103762	513254
103765	367949
103768	157450
103769	18309
103770	18310
103771	157300
103772	18313
103773	158366
103774	18315
103775	18316
103776	18317
103777	18319
103778	157312
103779	158083
103780	83432
103781	83433
103782	158708
103783	158708
103784	83434
103785	158022
103786	83433
103788	14524
103789	83532
103790	157307
103791	130207
103792	83533
103793	83534
103794	83535
103795	83536
103796	386983
103797	157982
103798	310077
103799	310078
103800	19399
103801	166817
103803	19403
103804	19404
103805	19405
103806	19406
103807	19407
103808	19408
103809	19409
103810	26190
103811	26192
103812	26194
103813	157826
103814	155418
103815	130207
103816	155349
103817	26199
103818	155204
103819	155205
103820	198944
103821	128094
103822	158678
103823	177819
103824	244474
103825	244475
103826	244483
103827	243543
103828	243544
103829	445700
103830	445701
103831	445702
103832	445703
103833	445704
103834	445705
103835	445706
103838	445709
103839	166489
103840	166490
103841	166491
103842	310544
103843	310545
103844	310546
103845	310547
103846	310548
103847	310549
103848	310550
103849	469038
103850	469039
103851	469040
103852	469041
103853	469042
103854	469043
103855	469044
103856	469045
103857	469046
103858	469047
103859	25259
103860	25261
103861	157298
103862	25262
103863	158467
103864	25265
103865	157299
103866	25267
103867	25268
103868	25269
103870	157361
103872	445700
103873	492930
103874	158282
103875	68114
103876	68115
103879	157614
103881	158546
103882	158763
103883	158764
103884	156345
103886	155760
103887	157494
103888	75860
103889	79411
103890	75862
103891	156107
103892	75863
103893	156345
103894	75864
103895	75865
103896	75866
103897	75867
103898	156948
103899	184683
103900	184684
103901	184685
103902	310616
103903	155387
103904	185033
103905	26950
103906	492930
103907	18277
103908	82749
103909	208384
103910	208385
103911	157853
103912	208386
103913	208387
103914	208388
103915	208389
103918	23918
103919	156599
103920	23920
103921	23921
103922	23922
103923	23924
103924	23926
103926	23927
103927	23928
103931	157826
103932	341931
103933	341932
103934	341933
103935	138543
103936	341935
103937	341936
103938	156836
103939	79254
103940	79255
103941	155411
103942	79256
103943	79257
103944	425582
103945	79259
103946	79260
103947	79261
103948	166838
103949	166839
103950	166840
103951	166841
103952	166867
103953	310542
103954	157302
103955	166845
103956	166846
103957	177810
103958	198844
103959	198845
103960	368004
103967	367381
103968	225528
103969	466167
103971	386755
103972	158693
103973	158086
103974	158087
103975	380098
103976	367518
103977	387051
103978	387052
103979	387053
103980	27064
103981	15729
103982	27066
103983	27068
103984	27070
103985	27071
103986	27072
103990	469834
103991	469835
103992	18709
103993	29896
103994	24866
103995	346780
103996	346781
103999	83044
104000	128662
104001	73579
104002	17184
104003	17186
104004	17188
104005	17190
104006	17218
104007	17656
104008	17658
104009	17660
104010	17662
104011	17823
104012	17824
104013	17825
104014	17827
104015	17829
104016	24178
104017	469662
104018	515074
104019	345185
104020	345186
104021	346790
104022	346725
104023	346726
104024	346727
104025	227292
104026	14582
104027	411628
104028	411629
104029	24317
104030	24319
104031	241834
104032	241835
104033	23102
104034	128807
104035	128809
104036	128864
104037	128865
104038	128866
104039	83040
104040	83041
104041	308842
104042	308843
104043	469760
104044	469761
104045	178220
104046	178221
104047	178222
104048	436955
104049	436956
104050	436957
104051	436958
104052	382971
104053	382972
104054	382973
104055	382974
104056	382975
104057	382976
104058	382977
104059	24462
104060	11911
104061	11912
104062	73398
104063	15111
104064	65144
104065	16958
104066	16974
104067	25887
104068	198711
104069	198712
104070	198713
104071	198714
104072	198715
104073	15108
104074	19151
104075	73370
104076	346978
104077	370266
104078	178143
104080	21717
104081	309008
104082	309009
104083	411647
104084	411648
104085	73571
104086	23113
104087	23120
104088	128761
104089	153137
104092	426445
104093	367821
104094	382854
104095	382855
104096	24692
104097	26022
104098	14748
104099	14749
104100	346874
104101	227256
104102	382929
104103	382930
104104	75592
104105	75593
104106	18710
104107	18711
104108	29904
104109	18714
104110	25441
104111	308920
104112	308921
104113	153103
104114	369966
104115	369967
104116	369968
104117	369969
104118	369970
104119	369971
104120	369972
104121	369973
104122	382836
104123	382837
104124	15452
104125	437216
104126	437217
104127	515012
104129	209594
104130	209595
104131	370222
104132	370223
104133	382838
104134	382839
104135	382840
104136	241768
104137	367152
104138	23680
104139	23683
104140	436962
104141	436963
104142	469914
104143	469915
104144	469916
104145	469917
104146	469918
104147	469919
104148	469920
104149	469921
104150	73390
104151	26935
104152	153134
104153	382835
104154	492699
104155	492700
104156	65184
104157	65185
104163	78939
104164	16213
104165	16214
104166	25384
104167	437022
104168	437023
104169	177560
104170	346850
104171	241865
104172	153165
104173	153166
104174	346980
104175	346981
104176	65135
104177	26338
104178	178204
104179	178205
104180	166303
104181	166304
104182	447692
104183	492714
104184	447694
104185	492715
104186	209530
104187	153176
104188	153157
104189	382893
104190	22092
104191	26994
104192	26998
104193	26999
104194	209681
104195	166580
104196	153121
104197	469906
104198	447707
104199	23808
104200	23809
104201	23388
104202	23389
104203	75586
104204	411691
104205	411692
104206	8129
104207	8130
104208	83054
104209	83055
104210	346747
104212	367824
104213	184624
104214	184625
104215	184626
104216	198651
104217	128666
104218	346894
104220	244913
104221	244914
104222	448171
104223	128736
104224	153160
104225	446740
104226	469762
104227	469763
104228	411638
104229	209593
104230	166119
104231	166635
104232	20752
104233	20761
104236	128749
104237	72311
104238	18704
104239	308836
104240	308837
104243	14301
104244	128630
104245	128631
104246	128632
104247	128633
104248	346789
104249	436975
104250	436976
104251	436977
104252	436978
104253	436979
104254	436980
104255	436981
104256	436982
104257	436983
104258	436984
104259	411641
104260	417091
104261	515042
104263	209620
104264	308974
104265	308975
104266	184603
104267	227317
104268	184605
104269	184606
104270	501244
104271	469814
104272	469815
104273	411720
104274	411721
104275	469733
104276	469734
104277	469735
104278	469736
104279	469737
104280	469738
104281	382949
104282	382950
104283	226399
104284	226401
104285	226402
104286	469663
104287	469664
104288	22472
104289	25452
104290	370388
104291	370389
104292	227338
104293	227339
104294	227340
104295	227341
104296	227342
104297	227343
104298	370267
104299	370269
104300	370270
104301	308899
104302	308900
104303	65178
104304	65179
104305	166577
104306	153133
104307	448189
104308	448190
104309	448191
104310	382933
104311	18606
104312	18607
104313	308844
104314	308845
104315	308846
104316	492736
104317	492783
104318	469873
104319	469874
104320	75587
104321	75588
104322	447994
104323	447995
104324	369960
104325	369961
104326	19350
104327	469869
104328	469870
104329	225758
104330	226388
104331	166587
104332	128747
104333	153170
104335	469806
104336	469807
104337	469808
104338	198610
104339	198611
104340	65304
104341	65306
104342	308876
104343	308877
104344	501215
104345	501216
104346	515060
104347	515061
104348	515062
104349	515063
104350	83091
104351	209654
104352	244871
104353	346948
104354	346949
104355	25134
104356	25138
104357	73351
104358	469787
104359	469788
104360	209577
104361	209579
104362	209648
104363	209649
104364	209650
104365	370333
104366	346745
104367	21130
104368	308960
104369	308961
104370	308849
104371	308850
104372	8176
104373	128647
104374	128648
104375	128649
104376	345356
104377	346704
104378	346705
104379	26711
104380	26715
104381	413717
104382	346762
104383	24358
104384	8193
104385	209575
104386	153172
104387	370325
104388	447781
104389	370327
104390	370328
104391	21963
104392	21964
104393	25422
104394	25427
104395	22913
104396	73373
104397	24453
104398	24455
104400	128612
104401	128613
104402	447997
104403	447998
104404	426495
104405	426496
104406	469875
104407	469876
104408	426209
104409	426466
104410	346824
104411	346825
104412	308857
104413	308858
104414	308859
104415	72275
104417	23046
104418	23048
104419	370344
104420	346873
104421	21343
104422	21764
104423	21765
104434	151839
104436	151841
104437	151898
104439	151900
104440	151901
104441	151902
104442	151903
104443	151904
104444	152156
104446	152158
104447	152159
104449	152161
104450	152162
104452	152164
104454	152213
104455	152214
104456	152215
104457	152216
104458	152217
104459	152218
104460	152219
104461	152220
104462	120802
104463	120803
104464	231925
104465	349111
104468	159315
104471	471424
104473	471426
104474	471427
104475	471428
104477	27452
104479	27469
104480	27485
104481	27501
104482	27517
104490	73857
104492	73860
104493	73862
104494	73864
104495	73867
104496	73869
104497	231921
104514	73887
104515	29291
104516	516440
104517	516441
104518	69964
104520	69965
104521	69966
104522	159321
104524	159323
104536	394796
104537	151873
104539	151875
104540	151876
104541	151877
104542	151878
104543	151879
104544	167266
104546	167268
104547	167269
104548	167270
104549	167271
104556	493583
104559	493586
104563	493590
104565	167325
104566	167326
104567	167327
104568	167333
104569	167338
104570	257757
104572	27192
104574	27210
104575	27229
104576	27249
104577	27261
104589	152037
104590	152039
104591	152040
104592	152041
104593	152042
104595	427134
104599	167375
104600	167376
104601	167379
104602	167380
104603	167381
104604	178367
104605	178368
104606	178369
104607	178370
104608	178371
104610	501046
104618	31616
104619	413690
104621	370811
104622	370812
104623	370813
104624	493571
104625	493572
104626	30344
104627	73020
104628	30346
104629	73021
104630	30348
104631	32511
104632	32514
104633	32515
104634	32519
104635	32521
104636	32522
104637	32526
104638	32527
104639	32530
104640	32533
104641	32534
104642	32537
104643	32538
104644	32542
104645	32543
104646	32547
104647	29621
104648	29623
104649	26303
104650	513971
104651	19783
104652	167096
104653	167097
104654	30376
104655	30378
104656	72824
104657	72825
104659	72826
104660	72827
104661	72828
104662	72826
104663	72830
104664	241977
104665	241978
104666	241979
104668	76512
104669	241982
104670	241983
104671	241984
104672	241985
104673	241986
104674	30418
104675	345484
104676	30420
104677	22423
104678	68270
104679	22426
104680	209973
104681	209974
104682	209975
104683	209976
104684	209977
104685	209978
104686	209979
104687	209980
104688	209981
104689	471314
104690	471315
104691	471316
104692	72708
104693	72709
104694	27967
104695	27968
104696	67838
104697	68682
104698	199079
104699	199316
104700	199081
104701	310764
104702	310835
104703	310836
104705	226049
104706	310838
104707	310839
104708	310840
104709	245162
104710	245163
104711	245164
104712	245165
104713	241828
104714	241829
104715	227467
104716	25496
104717	199284
104718	155277
104719	72759
104720	367532
104721	367533
104722	367534
104723	345512
104724	13674
104725	370619
104726	370620
104727	370621
104728	166650
104729	166651
104730	166652
104731	344959
104732	344960
104733	131157
104734	131158
104735	199382
104736	426314
104737	184894
104738	153256
104739	153257
104740	153258
104741	153259
104742	153260
104743	153261
104744	225678
104745	345207
104746	345208
104747	345209
104748	245334
104749	245335
104750	413058
104751	413059
104752	413060
104753	514177
104756	83193
104757	83194
104758	83195
104759	153230
104760	153231
104761	153232
104762	153233
104763	153234
104764	153235
104765	153236
104766	153237
104767	153238
104768	153239
104769	28867
104770	166678
104771	61723
104772	245343
104773	245344
104774	245345
104775	245144
104776	245145
104777	245146
104778	245147
104779	245148
104780	245149
104781	245150
104782	245036
104783	245037
104784	245038
104786	245040
104787	245041
104788	245042
104789	245043
104790	345179
104791	366224
104792	366225
104793	177646
104794	177647
104795	177648
104796	83285
104797	83286
104798	310912
104799	310913
104800	412921
104801	412922
104802	412923
104804	422323
104805	177625
104806	177626
104807	177627
104808	177628
104809	166989
104810	166990
104811	166991
104812	30184
104813	30185
104814	30186
104815	30187
104816	30188
104817	30189
104818	30190
104819	30191
104820	30192
104821	30193
104822	30194
104823	30195
104824	30196
104825	72984
104826	30260
104827	72136
104828	72137
104829	31058
104830	22616
104831	72760
104832	72761
104833	83146
104834	83346
104835	83347
104836	345182
104837	413049
104838	345184
104839	413050
104840	153225
104841	153226
104842	367542
104843	131447
104844	131448
104845	131449
104846	67817
104847	131652
104848	131653
104849	131583
104850	131584
104851	131584
104853	131587
104854	131588
104866	514225
104867	514226
104868	83694
104869	29813
104870	153188
104871	72192
104873	514347
104875	514350
104877	471146
104878	471147
104879	471148
104880	471149
104881	471150
104882	471151
104883	471152
104884	27525
104885	27526
104886	27527
104887	131590
104888	131591
104889	131592
104891	131594
104892	131595
104893	5889
104894	470966
104895	470967
104896	470968
104897	470969
104898	470970
104899	470971
104900	470972
104901	470973
104902	470974
104903	470975
104904	470976
104905	436521
104906	436522
104907	436523
104908	10335
104909	166677
104910	62806
104911	29011
104912	29017
104913	29018
104914	29020
104915	370840
104916	370841
104917	132022
104918	132023
104919	132024
104920	132025
104921	132026
104922	132027
104923	31987
104924	30950
104925	73204
104926	73205
104928	30955
104929	73206
104930	73207
104931	73208
104932	73209
104933	30965
104934	199273
104935	216727
104936	225720
104937	225721
104939	402434
104940	402435
104941	514131
104942	29238
104943	29238
104944	199220
104945	184858
104946	184859
104947	199221
104948	199222
104949	199223
104950	199224
104951	199225
104952	83215
104953	83216
104954	83217
104955	513007
104956	471319
104957	471320
104958	471321
104959	471322
104960	153390
104961	153391
104962	153392
104963	153393
104964	166798
104965	153395
104966	153396
104967	28930
104968	72511
104969	72512
104970	30268
104971	450718
104972	450719
104973	345437
104974	83307
104975	83308
104976	23104
104977	227577
104978	225686
104979	30390
104980	72207
104981	72208
104982	177609
104983	177610
104984	177611
104985	166636
104986	470780
104987	470781
104988	470782
104989	345413
104990	345414
104991	345415
104993	514143
104994	514144
104995	514145
104996	514146
104997	24719
104998	413051
104999	153298
105000	153299
105001	232259
105002	199321
105003	493303
105004	493304
105005	493305
105006	493306
105007	493307
105008	493308
105009	493309
105010	493310
105011	493311
105012	493312
105013	22545
105014	22546
105015	22548
105016	73230
105017	73231
105018	73232
105019	73233
105020	73234
105021	73235
105022	22611
105023	30456
105024	83125
105025	83126
105026	23097
105027	72186
105028	245229
105029	245230
105030	245231
105031	199157
105032	10328
105033	83114
105034	10330
105035	30352
105036	72052
105037	72053
105038	72054
105039	436705
105040	436706
105041	436707
105042	436708
105043	166887
105044	166888
105045	23866
105046	23408
105047	131706
105048	23426
105049	23429
105050	131707
105051	23434
105052	26119
105053	131511
105054	131512
105055	131486
105056	131487
105057	131488
105059	131490
105060	131491
105061	131492
105062	131493
105063	131494
105064	131495
105065	199287
105066	413070
105067	436709
105068	413072
105069	26282
105070	26283
105071	32897
105072	72739
105073	72740
105074	514433
105076	225701
105077	225702
105078	225703
105079	9374
105081	72986
105082	30001
105083	158034
105084	184869
105085	184870
105086	184871
105087	184872
105088	131410
105089	83218
105090	83219
105091	83220
105092	412888
105093	412889
105094	412890
105095	412891
105096	412892
105097	450513
105098	450514
105099	450515
105100	370591
105101	370592
105102	345244
105103	366245
105105	345441
105106	345442
105107	345443
105108	167361
105109	167362
105110	167363
105111	32112
105112	72807
105113	72808
105114	131589
105116	513182
105120	450394
105121	514423
105122	514424
105123	514425
105124	30197
105125	30198
105126	72720
105127	72825
105129	68692
105130	72722
105131	72723
105132	79963
105133	72724
105134	76516
105135	32063
105136	32065
105137	32070
105138	71959
105139	32081
105140	62821
105141	177645
105142	18874
105143	18884
105144	18885
105145	30425
105146	73242
105147	73243
105149	73244
105150	73087
105151	470791
105152	470792
105153	470794
105154	470795
105155	470796
105156	470797
105157	470798
105158	470799
105159	83182
105160	83183
105161	83184
105162	83185
105163	29180
105164	29182
105165	29183
105166	29187
105167	30451
105168	471282
105169	471283
105170	199175
105171	199176
105172	80013
105173	80014
105174	80015
105176	132029
105177	132030
105178	80022
105179	80020
105180	132031
105181	80022
105182	345530
105184	199353
105185	470734
105186	470735
105187	470736
105188	470737
105189	470738
105190	470739
105191	470740
105192	177566
105193	177567
105194	83147
105195	83148
105196	370464
105197	370465
105198	245170
105199	245171
105200	245172
105201	245173
105202	245174
105203	245175
105204	245176
105205	245177
105206	30535
105207	208800
105208	72243
105209	72244
105210	72538
105211	72539
105212	72540
105213	28357
105214	72738
105215	131878
105216	245268
105217	68159
105218	72438
105219	72439
105220	471138
105221	384479
105222	167099
105223	167100
105224	370804
105225	470743
105226	470744
105227	370149
105228	412960
105229	412961
105230	131286
105231	31547
105232	72477
105233	72478
105234	30304
105235	72363
105236	72364
105237	29188
105238	345264
105239	412858
105240	412859
105241	76352
105242	76354
105243	76356
105244	76358
105245	76360
105246	76362
105247	245106
105248	245107
105249	245108
105250	245109
105251	245110
105252	245111
105253	166660
105254	166661
105255	166662
105256	166663
105257	166664
105258	166665
105259	166666
105260	22712
105261	72365
105262	72366
105263	27502
105265	76479
105266	76480
105268	76482
105269	76483
105270	76484
105271	76485
105272	76486
105273	76487
105274	131728
105275	131729
105276	131730
105278	131732
105279	131733
105280	131734
105281	131735
105282	370102
105283	370103
105284	370104
105285	413091
105286	413092
105287	514148
105288	514149
105290	514151
105291	413010
105292	422737
105293	413012
105295	31263
105296	31265
105297	31268
105298	412939
105299	426175
105300	426176
105301	310928
105302	310929
105303	310820
105304	216731
105305	225808
105306	225809
105308	345353
105309	166752
105310	166753
105311	72409
105312	72048
105313	72049
105315	72050
105316	72051
105317	67475
105318	470926
105319	29023
105320	22971
105321	72621
105322	72622
105323	30923
105324	72897
105325	31269
105326	199216
105327	199217
105328	199218
105329	345438
105330	345439
105331	345440
105332	16080
105333	73106
105334	73107
105336	16092
105337	73108
105338	16096
105339	73109
105340	16101
105341	30967
105342	30971
105343	83669
105344	422992
105345	412968
105346	209985
105347	209986
105348	209987
105349	209988
105350	402414
105351	402415
105352	402416
105353	384609
105354	384610
105355	402417
105356	30357
105357	18134
105358	13763
105359	32660
105360	32661
105361	32662
105362	27868
105363	72388
105364	72389
105365	72390
105366	72391
105367	72392
105368	72393
105369	76368
105370	131156
105371	209780
105372	209781
105373	209782
105374	209783
105375	209784
105376	209785
105377	209786
105378	177524
105379	199376
105380	199377
105381	199378
105382	199379
105383	209812
105384	209813
105385	32802
105386	21109
105387	21114
105388	131551
105389	131232
105390	257815
105391	257816
105392	257817
105393	257818
105394	257819
105395	257820
105396	30230
105397	30231
105398	30232
105399	83161
105402	72591
105403	72592
105404	310873
105405	412945
105406	412946
105407	412947
105408	20058
105409	20059
105410	18915
105411	18919
105412	18920
105413	515978
105414	28187
105415	28190
105416	28195
105417	28210
105418	28217
105419	28221
105420	199308
105421	209817
105422	209818
105423	209819
105424	29481
105425	29482
105426	29483
105427	225841
105428	225842
105429	225843
105430	27605
105431	72898
105432	27609
105433	32858
105434	79921
105435	79922
105436	79923
105437	79924
105438	79925
105439	79926
105440	79927
105441	79928
105442	366221
105443	366222
105444	384823
105452	345539
105453	384514
105454	384515
105455	25031
105456	25033
105457	166640
105458	166641
105459	166642
105460	131484
105461	131572
105462	131573
105464	131575
105465	131576
105466	225788
105467	225789
105468	225790
105469	225791
105470	225792
105471	225793
105472	225794
105473	225795
105474	225796
105475	413052
105478	450432
105479	450433
105480	450434
105481	450435
105482	31251
105483	83617
105484	83618
105485	31256
105486	32900
105487	72659
105488	72568
105489	72569
105490	72570
105491	72571
105492	76291
105493	76292
105494	76293
105495	384739
105496	384740
105497	384741
105498	384742
105499	384743
105500	384744
105501	384745
105502	384746
105503	384747
105504	384748
105505	384386
105506	384387
105507	384388
105508	384389
105509	25489
105510	153241
105511	153242
105512	153243
105513	153244
105514	209871
105515	209872
105516	209873
105517	209874
105518	209875
105519	209876
105520	436897
105521	436898
105522	225781
105523	225782
105524	225783
105525	225784
105526	225785
105527	225786
105528	225787
105529	29195
105530	29196
105531	13943
105532	72840
105533	72841
105535	12007
105536	72842
105537	72843
105538	13955
105539	471231
105540	132014
105541	132015
105543	132017
105544	450151
105545	450154
105546	471252
105547	471253
105548	514352
105549	514353
105550	412997
105551	412998
105552	412999
105553	345273
105554	131959
105555	131960
105556	131961
105557	245063
105558	245064
105559	426153
105560	426154
105561	72075
105562	72076
105563	131289
105564	132005
105565	132006
105566	79934
105567	79935
105568	79936
105569	514141
105570	514142
105571	450659
105572	450660
105574	157215
105575	450663
105576	450664
105577	450665
105578	450666
105579	72547
105580	72548
105581	28926
105582	28927
105583	345470
105584	345471
105585	345472
105586	345473
105587	345474
105588	345475
105589	345476
105590	345477
105591	67331
105592	67332
105593	67333
105594	67334
105595	21474
105596	21476
105597	21478
105598	25595
105599	72626
105600	72627
105602	72628
105603	131671
105604	131672
105605	131673
105606	131674
105607	32047
105608	32048
105609	32051
105610	21878
105611	72688
105612	72689
105613	30403
105614	72566
105615	72567
105616	26611
105617	27436
105618	27444
105619	27448
105620	27450
105621	27453
105622	27458
105623	27460
105624	27462
105625	27468
105626	27477
105627	27486
105628	28695
105629	71994
105630	71995
105631	131675
105632	131676
105633	25127
105634	25130
105635	153399
105636	153400
105637	493573
105638	493563
105639	493564
105642	502098
105644	502100
105645	502101
105646	502102
105647	502103
105648	502104
105649	31572
105651	32657
105653	32664
105654	32668
105655	31437
105656	31444
105661	27803
105663	27828
105664	27840
105665	152115
105666	70014
105668	70017
105670	70020
105672	70023
105674	21632
105675	21682
105681	122667
105682	122668
105696	151955
105697	152239
105698	31632
105699	31636
105700	21847
105701	31789
105706	31673
105719	76454
105721	76456
105723	76458
105725	76460
105727	210070
105729	210072
105730	210073
105731	210074
105732	153401
105733	18117
105734	198642
105735	469902
105736	469903
105737	417089
105738	382981
105739	244975
105740	244976
105741	346890
105742	366212
105743	346892
105744	346893
105745	515003
105746	22155
105747	22156
105748	22158
105749	22164
105750	22175
105751	22176
105752	22180
105753	22181
105754	22182
105755	22183
105756	22185
105757	22187
105758	22191
105759	22192
105760	22195
105761	22196
105762	22199
105763	22200
105764	128628
105765	417090
105766	244986
105767	244933
105768	411674
105769	127331
105770	73396
105771	24406
105772	241851
105773	128895
105774	209601
105775	128834
105776	128835
105777	128836
105778	227308
105779	166736
105780	209642
105781	21794
105782	21795
105783	512993
105784	72323
105785	78843
105786	78844
105787	209587
105788	178213
105789	346777
105790	244903
105791	128787
105792	128788
105793	128590
105794	128591
105795	25388
105796	25392
105797	492677
105798	492678
105799	447758
105800	515010
105801	447760
105802	447761
105803	447762
105804	447763
105805	447764
105806	447765
105807	447766
105808	447767
105809	128614
105810	153162
105811	19393
105812	8095
105813	8096
105814	207301
105815	207302
105816	207303
105817	346770
105818	346771
105819	128880
105820	153113
105821	153122
105822	166715
105823	166716
105824	166717
105825	166718
105826	166719
105827	166720
105828	166721
105829	166722
105830	346694
105831	241859
105832	22869
105833	241861
105834	515029
105835	209672
105836	24840
105837	15123
105838	469825
105839	469826
105840	17034
105841	17035
105842	78936
105843	370225
105844	370226
105845	370227
105846	370228
105847	308932
105848	308933
105849	23109
105850	22657
105851	75594
105852	65817
105853	73397
105854	308875
105855	25922
105856	25924
105857	308909
105858	308910
105859	128713
105860	128714
105861	128759
105862	153156
105863	128637
105864	21145
105865	72300
105866	25193
105867	25196
105868	25203
105869	25205
105870	25209
105871	25212
105872	25220
105873	25221
105874	25226
105875	25227
105876	25231
105877	25237
105878	370408
105879	370409
105880	25300
105881	25302
105882	226417
105883	346854
105884	346855
105885	346856
105886	153108
105887	128899
105888	153141
105889	244972
105890	24664
105891	469718
105892	25983
105895	411724
105896	411725
105897	209685
105898	209686
105899	209687
105900	209688
105901	448169
105902	448170
105903	514979
105904	514980
105905	24823
105906	241864
105907	128831
105908	73566
105909	16229
105910	73567
105911	345524
105912	345525
105913	346941
105917	26571
105918	83103
105921	447703
105922	447704
105923	75617
105924	75618
105927	515056
105929	26701
105930	5427
105931	346811
105933	226395
105934	346716
105935	308906
105936	346717
105937	469700
105938	469701
105939	515045
105940	411634
105941	411635
105942	346788
105943	515087
105944	515088
105945	492737
105946	244943
105947	346864
105948	346865
105949	346866
105950	346867
105951	346868
105952	346869
105953	346870
105954	346871
105955	447741
105956	446904
105957	469753
105958	469754
105959	83049
105960	128734
105961	128735
105962	128671
105965	27093
105966	436786
105967	469809
105968	469810
105969	437204
105970	437205
105971	437206
105972	446277
105973	469818
105974	469819
105975	128781
105976	128782
105977	22346
105978	72319
105979	72276
105980	72277
105981	241799
105982	241800
105983	436951
105984	346839
105985	8150
105989	308955
105990	308956
105991	72313
105992	19055
105993	19056
105994	515035
105995	515036
105997	244989
105998	469811
105999	469812
106000	469813
106001	515055
106003	178196
106004	178197
106005	166895
106006	166896
106007	166897
106008	166898
106009	26163
106010	26165
106011	25838
106012	25840
106013	25844
106014	447756
106015	447757
106016	209673
106017	209674
106018	447696
106019	166898
106020	227326
106021	227327
106022	244928
106023	128606
106024	128607
106025	24640
106026	24642
106027	226412
106028	226413
106029	226414
106030	226415
106031	241775
106032	241776
106033	241777
106034	241778
106035	22478
106036	197923
106037	128686
106039	166774
106040	515082
106041	515083
106042	19068
106043	8145
106044	366210
106045	447850
106046	447851
106047	22278
106048	22279
106049	19353
106050	19355
106051	209621
106052	209622
106053	244926
106054	447778
106055	15196
106056	15197
106057	380091
106058	469668
106059	411636
106060	469892
106061	469893
106062	469894
106063	469895
106064	469896
106065	469897
106066	469898
106067	244845
106068	244846
106069	244847
106070	244848
106071	22687
106072	72324
106073	369994
106074	369995
106075	26577
106078	23201
106079	23202
106080	22877
106081	22878
106082	22882
106083	22685
106084	22686
106085	166768
106086	166769
106087	469758
106088	24692
106089	24693
106090	166328
106091	309010
106092	309011
106093	209591
106094	209592
106095	128722
106096	128723
106097	346924
106098	382967
106099	411738
106100	411739
106101	19938
106102	19939
106103	227303
106104	227304
106105	227305
106106	227306
106107	227307
106108	11908
106109	469889
106110	227254
106111	227255
106112	128757
106113	128758
106114	448178
106115	448179
106116	448180
106117	448181
106118	448182
106119	448183
106120	448184
106121	448185
106122	469759
106123	448186
106124	426502
106125	411677
106126	426503
106127	78942
106128	78943
106129	241894
106130	241895
106133	128817
106134	128818
106135	209635
106136	209636
106141	153112
106142	469899
106143	307663
106144	307664
106145	128571
106146	128572
106147	22726
106148	73367
106149	244927
106150	346863
106151	27188
106152	27190
106153	65103
106154	209563
106155	11914
106156	382882
106157	382883
106158	513072
106159	60635
106160	22460
106161	22461
106162	370329
106163	308964
106164	241755
106165	411672
106166	411673
106167	346939
106168	346940
106169	308952
106170	308953
106171	308954
106172	166727
106173	22128
106174	78962
106175	178190
106176	178191
106177	178192
106178	178193
106179	128846
106180	25337
106181	25338
106182	307953
106183	307954
106184	307955
106185	370420
106186	370421
106187	370422
106188	370423
106189	25036
106190	25037
106191	153102
106192	369976
106193	11953
106194	178188
106195	178189
106196	128645
106197	178160
106198	178161
106199	501242
106200	501243
106201	346796
106202	346797
106203	153126
106204	153127
106205	244997
106206	469702
106207	469703
106208	65311
106209	65312
106212	82035
106213	83011
106214	82037
106215	83012
106216	82039
106217	83013
106218	82041
106219	83014
106220	82045
106221	83015
106222	447868
106223	447869
106224	153182
106225	73385
106226	411735
106227	515077
106228	514970
106230	15888
106231	15890
106232	83018
106233	370426
106234	370427
106235	19093
106236	382939
106237	20294
106238	20295
106239	121521
106240	209617
106241	209618
106242	209619
106243	73349
106244	73350
106245	244931
106246	244932
106247	382846
106248	382847
106249	369998
106250	369999
106251	369948
106252	369949
106253	370557
106254	445420
106255	128667
106256	128668
106257	128669
106258	128670
106259	209675
106260	209676
106261	11893
106262	128813
106263	501265
106264	153152
106265	308817
106266	241906
106267	16420
106268	73399
106271	346880
106272	346881
106273	346882
106274	346883
106275	25873
106276	25875
106277	73356
106278	209531
106279	244987
106280	22761
106281	22835
106282	14959
106283	72278
106284	25662
106285	25664
106516	210075
106517	210076
106518	311010
106519	242553
106520	311011
106521	311012
106522	311013
106523	311014
106524	311015
106525	311016
106526	167107
106527	167109
106528	32646
106529	32654
106530	152262
106532	152264
106533	152330
106537	28896
106538	28909
106539	28913
106540	28919
106546	242519
106550	493592
106551	21492
106552	21504
106560	31768
106561	471334
106562	31740
106564	159336
106566	159339
106568	159341
106570	159343
106572	450611
106573	450612
106574	450613
106575	25780
106576	151833
106577	151834
106582	413692
106584	413694
106585	413695
106586	413696
106587	413697
106588	413698
106589	159349
106591	159351
106601	493566
106602	493567
106603	493568
106604	493569
106605	493570
106606	69995
106608	69997
106609	69998
106610	69999
106612	70001
106613	70002
106614	70003
106616	70005
106617	70006
106618	27992
106619	31763
106620	167104
106621	167106
106622	413699
106624	413701
106625	413702
106626	413703
106627	413704
106631	122657
106633	122659
106634	28149
106635	122660
106636	122661
106637	122662
106638	394710
106639	394781
106640	394765
106642	413771
106644	413773
106646	426505
106648	437304
106650	450598
106652	450600
106654	471330
106656	471332
106658	502125
106669	70052
106671	70054
106672	70056
106673	70057
106674	70059
106675	70060
106676	70062
106677	70063
106678	70065
106679	70066
106680	70068
106681	70069
106682	70071
106683	516451
106684	516452
106685	516453
106686	516454
106687	516455
106688	516456
106689	516457
106690	29379
106692	29386
106694	29392
106696	29402
106697	29412
106698	29420
106699	29429
106700	29435
106701	29440
106702	29447
106703	178347
106705	178349
106707	178351
106709	178353
106710	178354
106712	178356
106713	21163
106715	21177
106716	21223
106717	21235
106718	21242
106724	349121
106726	159325
106728	159327
106736	30658
106738	69915
106740	69918
106742	73892
106744	76248
106746	80344
106748	87465
106750	152202
106752	152204
106754	152206
106761	31662
106774	152208
106776	152210
106778	167356
106780	167358
106782	178365
106784	190104
106786	197634
106788	225529
106790	226665
106792	231916
106794	311000
106795	311001
106796	370808
106797	370809
106798	370810
106799	349087
106800	349088
106801	349089
106802	349090
106803	349091
106804	31775
106805	31781
106806	31785
106808	199420
106821	26038
106823	26058
106824	29456
106825	29465
106826	29480
106827	29487
106828	29492
106829	29499
106830	29507
106831	29516
106832	29519
106833	29524
106837	5027
106838	76076
106840	310965
106841	159353
106843	159355
106845	159357
106847	159359
106849	159361
106854	310951
106858	31352
106859	31357
106860	31362
106861	31369
106862	31372
106863	31378
106864	31383
106865	31386
106866	31392
106867	31398
106870	21735
106871	21534
106872	190182
106873	190183
106874	190184
106875	199458
106876	199459
106877	199460
106878	199461
106879	199462
106880	199463
106881	210088
106882	68539
106883	68539
106884	83186
106885	83187
106886	245218
106887	245219
106888	199068
106889	199069
106890	199071
106891	199072
106892	199073
106893	199074
106894	514180
106895	514181
106896	514182
106897	345426
106898	345427
106899	345428
106900	80026
106901	450242
106902	450243
106904	450245
106905	450246
106907	514042
106908	514043
106909	131758
106910	131759
106911	131760
106912	24822
106913	24825
106914	24827
106915	22389
106916	22392
106917	384709
106918	384711
106919	513937
106920	513938
106921	513939
106922	242019
106923	345395
106924	345396
106925	345397
106926	345083
106927	345084
106928	345085
106929	83149
106930	83150
106931	83151
106932	345582
106933	345583
106934	345393
106935	72771
106936	32424
106937	72772
106938	32428
106939	72773
106940	32429
106941	72774
106942	32432
106943	72775
106944	32433
106945	72776
106946	32436
106947	72777
106948	32437
106949	131932
106950	131933
106951	131934
106952	72450
106953	13906
106954	72451
106955	72452
106956	13922
106957	72453
106958	72454
106959	199152
106960	67779
106962	72998
106963	67783
106964	67785
106965	72999
106966	67789
106967	131332
106968	384940
106969	384941
106970	184895
106971	384575
106972	384576
106973	384577
106974	131654
106975	21511
106977	470783
106978	470784
106979	470785
106980	470786
106981	470787
106982	470788
106983	470789
106984	16217
106985	83673
106986	83674
106987	83675
106988	413120
106989	413121
106990	413122
106991	131930
106992	153407
106993	131931
106994	257870
106995	257871
106996	257872
106998	257874
106999	257875
107000	257876
107001	257877
107002	257878
107003	257879
107004	29172
107005	31159
107006	28414
107007	413013
107008	413014
107009	413015
107011	413017
107012	413018
107013	413019
107014	413020
107015	413021
107016	413022
107017	345112
107018	345113
107019	345114
107020	345062
107021	32035
107022	32036
107023	32037
107024	29493
107025	29494
107026	29495
107027	28814
107028	28815
107029	209886
107030	209887
107031	209888
107032	209889
107033	28871
107034	72692
107035	72693
107036	199358
107037	199359
107038	199360
107040	199362
107041	199363
107042	199364
107043	131497
107044	131498
107045	131499
107046	76512
107047	413150
107048	426197
107049	199325
107050	199326
107051	79893
107052	80008
107053	80009
107055	80010
107056	80011
107057	80012
107058	131427
107059	470773
107060	470774
107061	470775
107062	470776
107063	470777
107064	470778
107065	470779
107066	26880
107067	384799
107068	384800
107069	384801
107070	242009
107071	242010
107072	242011
107073	242012
107074	242013
107075	242014
107076	242015
107077	310810
107078	310811
107079	310812
107080	310813
107081	310814
107082	310815
107083	310816
107084	167144
107085	167145
107086	167146
107087	426181
107088	426182
107089	31515
107090	31723
107091	76306
107092	76307
107093	26074
107094	26076
107095	26078
107096	471030
107097	471033
107098	384886
107099	384887
107100	384888
107101	384889
107102	384890
107103	384891
107104	30324
107105	30325
107106	30326
107107	30327
107108	30328
107109	30329
107110	153321
107111	131607
107112	131608
107113	131609
107114	131610
107115	72218
107116	72219
107117	72220
107118	72221
107119	471139
107120	471140
107121	471141
107122	471142
107123	471143
107124	471144
107125	471145
107126	32328
107127	131977
107128	131978
107129	131979
107130	28471
107131	28473
107132	29472
107133	29473
107134	514090
107135	514091
107136	514092
107137	514093
107138	310767
107139	514476
107140	13957
107141	13973
107142	13991
107143	13992
107144	225820
107146	514017
107148	514019
107153	345330
107154	196909
107155	196910
107156	32647
107157	72778
107158	72779
107159	13706
107160	436813
107161	436814
107162	436815
107164	436817
107165	436818
107166	436819
107167	436820
107168	436821
107169	436822
107170	402427
107171	199148
107172	225862
107173	225863
107174	167377
107175	167378
107176	177571
107177	166739
107178	413053
107179	423127
107180	450498
107181	450499
107182	450500
107183	72474
107184	72475
107185	72476
107186	30034
107187	71902
107188	71903
107190	71904
107191	71905
107192	27662
107193	71906
107194	71907
107195	71908
107196	310833
107197	436501
107198	436502
107199	436503
107200	436504
107201	436505
107202	436506
107203	28374
107204	73065
107205	73065
107206	28377
107207	153326
107208	153327
107209	153328
107210	153329
107211	153330
107212	153331
107213	153332
107214	153333
107215	153334
107216	153335
107217	384825
107218	384826
107219	384827
107220	31893
107221	31894
107222	30733
107223	412948
107224	370844
107225	225676
107226	225677
107227	245322
107228	245323
107229	245324
107230	436477
107231	436478
107232	436479
107233	436480
107234	436481
107235	436482
107236	436483
107237	436484
107238	436485
107239	436486
107240	30332
107241	386729
107242	30333
107243	30334
107244	30335
107245	470879
107247	514460
107248	514461
107249	514462
107251	514464
107252	514465
107253	514466
107254	514467
107255	412928
107256	412929
107257	512981
107258	184941
107259	184942
107260	184943
107261	184944
107262	30809
107263	83273
107264	83274
107265	83275
107266	31053
107267	131501
107268	131502
107269	131503
107270	131505
107271	131506
107272	29847
107273	370593
107274	370594
107275	370595
107276	370596
107277	370597
107278	370598
107279	370599
107280	184890
107281	184891
107284	493456
107288	199209
107289	426291
107290	426292
107291	27121
107292	27125
107293	27127
107295	27133
107296	27142
107297	27147
107298	370096
107299	370097
107300	370098
107301	245151
107302	384877
107303	384878
107304	384879
107305	384880
107306	384881
107307	384882
107308	384883
107309	72412
107310	67632
107311	72159
107312	72160
107313	131935
107314	131936
107315	131937
107316	131939
107317	131941
107318	384432
107319	384433
107320	384435
107321	384437
107322	384438
107323	384439
107324	384440
107325	384442
107328	69953
107330	69955
107331	69956
107332	69957
107333	69958
107334	69959
107335	69960
107336	69962
107337	69963
107338	178372
107339	190106
107340	190107
107341	190108
107342	190109
107343	190110
107344	190111
107345	190112
107346	190113
107347	190114
107354	394702
107356	394704
107357	394705
107358	394706
107359	394707
107360	394709
107365	310957
107369	26546
107371	26560
107373	26575
107375	26589
107377	26608
107379	26637
107381	26650
107383	26666
107385	199428
107387	199430
107388	199431
107389	199432
107390	199433
107391	199434
107394	14933
107396	14711
107399	348977
107413	384443
107414	384444
107415	24103
107416	167252
107418	167254
107420	167256
107422	167258
107424	167260
107426	167262
107427	80359
107428	80360
107429	80361
107430	87467
107431	87468
107432	87469
107433	87470
107434	87471
107435	87472
107436	152212
107437	471435
107439	471437
107440	471438
107441	471439
107442	471440
107443	471441
107449	31558
107450	31564
107454	471478
107455	69884
107456	80349
107457	80351
107458	80352
107459	80353
107460	80354
107461	80355
107462	80356
107463	80357
107464	80358
107465	152068
107478	226657
107480	226659
107481	226660
107482	226661
107483	226662
107484	226663
107485	226664
107486	167110
107487	167112
107488	167113
107492	76267
107493	76268
107494	76269
107495	76270
107496	76271
107497	76272
107498	76273
107499	31190
107500	31190
107501	245255
107502	245348
107503	245349
107507	413079
107508	422736
107509	413081
107510	514397
107511	131333
107512	153469
107513	153470
107515	153472
107516	153473
107517	153474
107519	153476
107520	153477
107521	166972
107522	131242
107523	131343
107524	131344
107526	131345
107527	131346
107528	131248
107529	131739
107530	131740
107531	131741
107532	131742
107533	131743
107534	131744
107535	131745
107536	245342
107537	26676
107538	26679
107539	26680
107541	384962
107542	153372
107543	153373
107544	131885
107545	131886
107546	131887
107554	514477
107557	30983
107558	10274
107559	83253
107560	83254
107561	426295
107562	426296
107563	426297
107564	426298
107565	14477
107566	61754
107567	31272
107568	184847
107569	184852
107570	184853
107572	345080
107573	412915
107574	412916
107575	412917
107576	412918
107577	412919
107578	412920
107580	384848
107582	402410
107583	402411
107584	402412
107585	402413
107586	32700
107587	32830
107588	71930
107589	71931
107590	32833
107591	128768
107592	83612
107593	370576
107594	27264
107595	131580
107596	131581
107597	27277
107598	131582
107599	27282
107603	199138
107604	412902
107605	412903
107606	412904
107607	412905
107608	412906
107609	199139
107610	227437
107611	227438
107612	26565
107613	26566
107614	22929
107615	32666
107616	32669
107617	32670
107618	32674
107619	32675
107620	32676
107621	32679
107622	32680
107623	32681
107624	32682
107625	23627
107626	23628
107627	23640
107628	72481
107629	72482
107630	153306
107631	131851
107632	153307
107633	153308
107634	153309
107635	153310
107636	153311
107637	153312
107638	131858
107639	13011
107640	72795
107641	72796
107643	72797
107644	72798
107645	72799
107646	72800
107647	72801
107648	514446
107649	514447
107650	514448
107652	225873
107653	514450
107655	412895
107656	412896
107657	412897
107658	412898
107659	412899
107660	412900
107661	412901
107662	23105
107663	23106
107664	30499
107665	199219
107666	514048
107667	514049
107668	471084
107669	471086
107670	225773
107671	225774
107673	24062
107674	24063
107675	24065
107676	24074
107677	24077
107678	24083
107679	24131
107680	24184
107681	24185
107682	24188
107683	24193
107684	24205
107685	24206
107686	209837
107687	209838
107688	209839
107689	209840
107690	209841
107691	209842
107692	209843
107693	209844
107694	514103
107697	29329
107698	29329
107699	29336
107700	29336
107701	29340
107702	29340
107703	29344
107704	29344
107705	29346
107706	29346
107707	29350
107708	29350
107974	413816
107975	152333
107978	23059
107980	23085
107981	23094
107982	23103
107983	23116
107984	23125
107985	23145
107986	23172
107987	31492
107988	31493
107989	31497
107990	31501
107991	31506
107992	31509
107993	31514
107994	31414
107998	21705
107999	516427
108001	516429
108002	516430
108003	516431
108004	516432
108005	516433
108012	72384
108013	26772
108016	32934
108017	470867
108018	470868
108019	470869
108021	177622
108022	177623
108023	177624
108024	31276
108025	31277
108027	31279
108028	31280
108029	31281
108030	31282
108031	31283
108032	184884
108033	184885
108034	184886
108036	184888
108037	184889
108038	413107
108039	422225
108040	422226
108042	422227
108043	422228
108044	422229
108045	422230
108046	413114
108047	470927
108048	470928
108049	470929
108050	470930
108051	470931
108052	470932
108053	470933
108054	514451
108057	25490
108058	25491
108059	384864
108060	402462
108061	384866
108062	384868
108063	402463
108064	402464
108065	402465
108066	402466
108067	402467
108068	402468
108069	209859
108070	209860
108071	209861
108072	209862
108073	209863
108074	209864
108075	209865
108076	209866
108077	209867
108078	80094
108079	80095
108080	80096
108081	30167
108082	30168
108083	30169
108084	72012
108085	72013
108086	72014
108088	72016
108089	72017
108090	72018
108091	72019
108092	72020
108093	72021
108094	72022
108096	514126
108098	514128
108099	131474
108100	131475
108101	131476
108102	131718
108103	166654
108104	166655
108105	199168
108106	426218
108107	426219
108108	426220
108109	426146
108110	426147
108111	426148
108112	199320
108113	450686
108114	450687
108115	450688
108116	450689
108117	25480
108118	227538
108119	227542
108120	131204
108121	131794
108122	131795
108123	131796
108124	72174
108125	370832
108126	370833
108127	370834
108128	370835
108129	370836
108130	370837
108131	370838
108132	227472
108133	227473
108134	426283
108135	426284
108136	227436
108137	225804
108138	366252
108139	366253
108140	436702
108141	436703
108142	83701
108143	83702
108144	83703
108145	83704
108146	83705
108147	83706
108148	83707
108149	29087
108150	72541
108151	72542
108153	29095
108154	72543
108155	72544
108156	72545
108157	72546
108158	29111
108159	26095
108160	26096
108161	73036
108162	73037
108163	366232
108164	366233
108165	30158
108166	225882
108167	225746
108168	225883
108169	225884
108170	67845
108171	345210
108172	345211
108173	345212
108174	72710
108175	72711
108176	20083
108177	370125
108178	370126
108179	32817
108180	131292
108181	131293
108182	131294
108183	131295
108184	131296
108185	199153
108186	209836
108187	199155
108188	32747
108189	72705
108190	72706
108191	310945
108192	13787
108193	13789
108194	13791
108195	13799
108196	131290
108197	131291
108329	131466
108330	131467
108331	131468
108333	131470
108334	131471
108335	131472
108336	514379
108337	514380
108338	514381
108339	22087
108340	493454
108341	493455
108342	493457
108343	493458
108344	493459
108345	22758
108346	72985
108347	29911
108348	29912
108349	29913
108350	73084
108351	73085
108352	30429
108353	73086
108354	450722
108355	450723
108356	450724
108357	450725
108358	471217
108359	471218
108360	471219
108361	450450
108362	471220
108363	471221
108364	471222
108365	471223
108366	471224
108367	471225
108368	450379
108370	450381
108371	426321
108372	426322
108373	426323
108374	426324
108375	426325
108376	426326
108377	426327
108378	209868
108379	209869
108380	209870
108381	26212
108382	72529
108383	72530
108384	30415
108385	30416
108386	30417
108387	22783
108388	73240
108389	73241
108390	450167
108391	450168
108393	26430
108394	26431
108396	26441
108397	24672
108398	73135
108399	73136
108401	73137
108402	73138
108403	24688
108404	245247
108405	245248
108406	245249
108408	245251
108409	245252
108410	245253
108411	245254
108412	199281
108413	514366
108414	514367
108415	514368
108416	209916
108417	310914
108420	30602
108421	30603
108422	23354
108423	245317
108424	245318
108425	245319
108426	167071
108427	167071
108428	167073
108433	26805
108436	450488
108437	450325
108438	450489
108439	450490
108440	450491
108441	471056
108442	471057
108443	471058
108444	471059
108445	471060
108446	471061
108447	471062
108448	514170
108451	24702
108452	24704
108453	24707
108454	471122
108455	471123
108456	471124
108457	471125
108458	471126
108459	471127
108460	471128
108461	471129
108462	225693
108463	225694
108464	153204
108465	72045
108466	30638
108467	68873
108468	68874
108469	68875
108470	68876
108471	68877
108472	68878
108473	68879
108474	31541
108475	422322
108476	384468
108477	384469
108478	384470
108479	471196
108480	471197
108481	471198
108482	471199
108483	471200
108484	470912
108485	470913
108486	20863
108487	20866
108488	20868
108489	20872
108490	20875
108491	20899
108492	20905
108493	27973
108494	27975
108495	27977
108496	167195
108497	167196
108498	167197
108500	167199
108501	167200
108502	167201
108503	345466
108504	345467
108505	345468
108506	345117
108507	67795
108508	67796
108509	345118
108510	345119
108511	345120
108512	177550
108513	177551
108514	177552
108515	25724
108516	27806
108517	27808
108518	210003
108519	210004
108520	210005
108521	210006
108522	210007
108523	27088
108525	27100
108526	27118
108527	27138
108528	27155
108533	21729
108534	28286
108535	28293
108536	28300
108537	28311
108539	28318
108540	28328
108541	28340
108542	28347
108543	28361
108544	28371
108551	31613
108552	15327
108554	15381
108555	15383
108556	15391
108557	15393
108558	15398
108559	69109
108561	69112
108562	69114
108563	69116
108564	69118
108566	69121
108567	69123
108568	69125
108569	69127
108570	27892
108572	27907
108573	394712
108575	394714
108576	394715
108577	394716
108578	394717
108595	21520
108596	25906
108597	25930
108598	25947
108599	25971
108600	25984
108601	25995
108602	26003
108603	26011
108604	26025
109046	210008
109047	210009
109048	210010
109049	210011
109050	412974
109051	426207
109052	426208
109053	72520
109054	72521
109055	28381
109056	71898
109057	71899
109058	22966
109059	225715
109060	225716
109061	29761
109062	29762
109063	29763
109065	72346
109066	72347
109067	72348
109068	72349
109069	72350
109070	29781
109074	310808
109075	72126
109076	72127
109077	67393
109078	83631
109079	71958
109080	177585
109081	177586
109082	177587
109083	22248
109084	72792
109085	72793
109087	22280
109088	72794
109089	22285
109090	345223
109091	345224
109092	345225
109093	345226
109099	177559
109100	310762
109101	310763
109102	13695
109103	28894
109104	28895
109105	28897
109106	131563
109107	131564
109108	16549
109109	29257
109110	29258
109112	29264
109113	73054
109114	73055
109115	72356
109116	370537
109117	370538
109118	370539
109119	370540
109120	370541
109121	370542
109122	370543
109123	370544
109124	370546
109125	370547
109126	28142
109127	72909
109128	72910
109129	25822
109130	71932
109131	71933
109132	131236
109133	153350
109134	153351
109135	412942
109136	412943
109137	209917
109138	209918
109139	25650
109140	25652
109141	30149
109142	83601
109143	83602
109144	30153
109145	345507
109146	412980
109147	412981
109148	345510
109149	32950
109150	32951
109151	32952
109152	209969
109153	209970
109154	209971
109155	209972
109156	199291
109157	514105
109158	514106
109164	72856
109165	72857
109166	72858
109167	72859
109168	72860
109169	72861
109170	199303
109171	384536
109172	25948
109173	25950
109174	25962
109175	26033
109176	26040
109177	26042
109178	26048
109179	26050
109180	26059
109181	26061
109182	26063
109183	26064
109184	28295
109185	83598
109186	131415
109187	131416
109188	83311
109189	83312
109190	83313
109191	26301
109192	28487
109193	73114
109194	73115
109196	20709
109197	73116
109198	73117
109199	73118
109200	73119
109201	73120
109202	73121
109203	225745
109204	23318
109205	73139
109206	72269
109207	23327
109208	245072
109209	131524
109210	131525
109211	131526
109212	132047
109213	132048
109214	132010
109215	132011
109216	132012
109217	132016
109218	184848
109219	184849
109220	30250
109221	28646
109222	72034
109223	72035
109224	28650
109225	28648
109226	28649
109227	72046
109228	72047
109229	167130
109230	167130
109231	426204
109232	436852
109233	436853
109234	31567
109235	73228
109236	73229
109237	72396
109238	72397
109239	72398
109240	17603
109241	384911
109242	384912
109244	384914
109245	384915
109246	384916
109247	471002
109248	471003
109249	471004
109250	60517
109251	67582
109252	67583
109253	13020
109254	412977
109255	426250
109256	426251
109257	30900
109258	73193
109259	73194
109260	26238
109261	72976
109262	72977
109264	72978
109265	72979
109266	26256
109267	73098
109268	73099
109269	32382
109270	73100
109271	73101
109272	73102
109273	73103
109274	73104
109275	73105
109276	131683
109277	425605
109278	131685
109279	471276
109280	450385
109281	450386
109282	493453
109283	177633
109284	177634
109285	207273
109286	412995
109287	412996
109288	31517
109290	21355
109291	21357
109293	21366
109294	21370
109295	21375
109296	21378
109297	17054
109299	27537
109300	27539
109880	31473
109881	31485
109882	31624
109883	18084
109885	18345
109886	18349
109887	18361
109888	18385
109889	18676
109890	76067
109892	76069
109893	76070
109894	413776
109895	413777
109896	413778
109897	413779
109898	413780
109899	413781
109900	413782
109901	413783
109902	413784
109903	413785
109904	73875
109906	73877
109907	73878
109908	73879
109909	73880
109918	31287
109920	31290
109922	31297
109924	30079
109927	210053
109935	370716
109937	370718
109938	370719
109939	370720
109940	370721
109941	370722
109942	27922
109944	27936
109945	27947
109946	32737
109948	32744
109949	32746
110407	31402
110408	31405
110409	31406
110410	31411
110411	31417
110412	31422
110413	31428
110414	31433
110415	70025
110416	31695
110417	413738
110419	413740
110420	413741
110421	413742
110422	413743
110423	349032
110425	349034
110426	349035
110427	349036
110428	349037
110429	82124
110430	82125
110431	82126
110432	82127
110433	82128
110434	82129
110435	82130
110436	82131
110437	82132
110438	32626
110439	32631
110440	69974
110441	69975
110442	80346
110444	80348
110446	28729
110447	28738
110448	28748
110449	28754
110450	28757
110451	28762
110452	28764
110453	28769
110454	28773
110455	28776
110456	120804
110457	152221
110458	152222
110459	152223
110460	152224
110461	152225
110462	152226
110463	152227
110464	152228
110465	152229
110466	257755
110467	21770
110468	69385
110469	69388
110470	69390
110471	69392
110472	69394
110473	450560
110474	450561
110483	26683
110485	26712
110487	26733
110489	26757
110491	26769
110493	26788
110495	26816
110497	26828
110499	471421
110500	31519
110501	31524
110502	31531
110503	31534
110504	31537
110505	31540
110506	31544
110507	31546
110508	31552
110509	151851
110511	21566
110512	70007
110513	70008
110515	70010
110516	70011
110517	70012
110533	516479
110534	516480
110535	516481
110536	516482
110537	516483
110538	516484
110539	516485
110540	516486
110541	516487
110542	516488
110543	159329
110545	159333
110547	231924
110558	30608
110560	30614
110562	30620
110564	30623
110566	30626
110568	30631
110570	30640
110572	30645
110574	30652
110576	27547
110577	27548
110578	27551
110579	27553
110580	27562
110581	27564
110582	27576
110583	27578
110584	27587
110585	27590
110586	67818
110587	67819
110588	32411
110589	27645
110590	72712
110591	72713
110592	80010
110593	83269
110594	83270
110595	83271
110596	30903
110597	30904
110598	30906
110599	79891
110601	245307
110602	245308
110603	177520
110604	177521
110605	177522
110606	177523
110607	450164
110608	450165
110609	450166
110610	245034
110611	245035
110612	20927
110613	72730
110614	72731
110615	20936
110616	21005
110627	227577
110628	153222
110629	153223
110630	153224
110631	31204
110633	345429
110634	345430
110635	345431
110636	30349
110637	72064
110638	72065
110639	245390
110640	245391
110641	384749
110642	131912
110643	131913
110644	131914
110645	369842
110646	369843
110647	369844
110648	369845
110649	369846
110650	166776
110651	166777
110652	166778
110653	166779
110654	199336
110655	199337
110656	32119
110657	32552
110658	32553
110660	32556
110661	32557
110662	32127
110663	131664
110664	131665
110665	131666
110666	131667
110667	131668
110668	131669
110669	245288
110670	131418
110671	131419
110672	131420
110673	131421
110674	131422
110675	131423
110676	131424
110677	369840
110678	369841
110679	450647
110680	450648
110681	245336
110682	245337
110683	245338
110684	245339
110685	245340
110686	245341
110687	501462
110688	83265
110689	83266
110690	493338
110691	493339
110692	493340
110694	493342
110695	493343
110696	493344
110697	493345
110698	493346
110699	493347
110700	493348
110701	153410
110702	153411
110703	153412
110704	153413
110705	153414
110706	153415
110707	153416
110708	153417
110709	471306
110710	471307
110711	471308
110712	166751
110713	73256
110714	73257
110715	72549
110716	72550
110717	31883
110718	67723
110719	73058
110720	73059
110721	384573
110722	384574
110723	177563
110724	177564
110725	177565
110726	29755
110727	73141
110728	73142
110729	30164
110730	72361
110731	72600
110732	83338
110733	83339
110734	83340
110735	131534
110736	131535
110737	370647
110738	370648
110739	31783
110740	72863
110741	72864
110742	14956
110743	14957
110744	15891
110745	15898
110746	15945
110747	32623
110748	32624
110749	413136
110750	413137
110751	426287
110752	426288
110753	426289
110755	27626
110756	72966
110758	30308
110759	30309
110760	30310
110761	513958
110762	513959
110763	513960
110764	345169
110765	514207
110766	470716
110767	514208
110768	471000
110769	471001
110770	30368
110771	72465
110772	72466
110773	21304
110774	21306
110775	21308
110776	76497
110777	76498
110778	245262
110779	245263
110780	245264
110781	245265
110782	345021
110783	345022
110784	345023
110785	30562
110786	30563
110787	131475
110788	131476
110789	413153
110790	210033
110792	67514
110793	72991
110794	72992
110797	514199
110798	514200
110799	384487
110800	384488
110801	79964
110802	79965
110803	79966
110805	79968
110806	79969
110807	79970
110808	79971
110809	79972
110810	79973
110811	402422
110812	384545
110813	384546
110814	245053
110815	402423
110816	402424
110817	402425
110818	384554
110819	402426
110820	426157
110821	426158
110822	426159
110823	426160
110824	426161
110825	426162
110826	83361
110827	131613
110828	83188
110829	83189
110830	83190
110831	384587
110832	384588
110833	384589
110835	384591
110836	384592
110837	384593
110838	384594
110839	384595
110840	384596
110841	384597
110842	402461
110843	514230
110844	514231
110845	68892
110846	72499
110847	72500
110848	199383
110849	199384
110850	199385
110851	28744
110852	28751
110853	26698
110854	450416
110855	450417
110856	450418
110857	26888
110858	26890
110859	26892
110861	72077
110862	72078
110863	72079
110865	514362
110867	514364
110869	471234
110870	471235
110871	436725
110872	436726
110873	31696
110874	72837
110875	31272
110876	345007
110877	370109
110878	370110
110880	345011
110882	370112
110883	345014
110884	370113
110885	370114
110886	345017
110887	501388
110888	501389
110889	501390
110891	501392
110892	501393
110893	501394
110894	501395
110895	501396
110896	153445
110897	153446
110898	153447
110899	471230
110900	470861
110901	470862
110902	470863
110903	32803
110904	32804
110905	31160
110906	31161
110907	31162
110908	31164
110909	31165
110910	31166
110911	31169
110912	31174
110913	31177
110914	31180
110915	83335
110916	83336
110917	83337
110918	131969
110919	153345
110920	131971
110921	384511
110922	384513
110923	514116
110924	514117
110925	514118
110926	384465
110927	384466
110929	344964
110930	344965
110931	514080
110934	514099
110936	514101
110937	199150
110938	426155
110939	426156
110941	25189
110942	245123
110943	245124
110945	245126
110946	245127
110947	245128
110948	245129
110949	402458
110950	245131
110951	245132
110952	384533
110953	83291
110954	83292
110956	83294
110957	83295
110958	83296
110959	83297
110960	184952
110961	83299
110962	384379
110963	67839
110964	67840
110965	72700
110966	245179
110967	245180
110968	245300
110969	245301
110970	245302
110971	10336
110972	72757
110973	72758
110974	10339
110975	10340
110976	11883
110977	11889
110978	11896
110979	11897
110980	11901
110981	131231
110982	257827
110983	257828
110984	257829
110985	257830
110986	257831
110987	257832
110988	257833
110989	257834
110990	29811
110991	30986
110992	30987
110993	30990
110994	30991
110995	385011
110996	385012
110997	385013
110999	385015
111000	385016
111001	345237
111002	345238
111003	345239
111005	345241
111006	345242
111007	345243
111008	28629
111009	72455
111010	72456
111011	470871
111012	131255
111013	131256
111014	131257
111015	131258
111016	131259
111017	131260
111018	131261
111019	131262
111020	131263
111021	471177
111022	471178
111023	471179
111025	470959
111026	470960
111027	470961
111029	470963
111030	470964
111031	470965
111032	384505
111033	384506
111034	384507
111035	166657
111036	166658
111037	166659
111038	209901
111039	209902
111040	209903
111041	209904
111042	370123
111043	370124
111044	61748
111045	32006
111046	32007
111047	72351
111048	72352
111049	72353
111050	209938
111051	209939
111052	209940
111053	166753
111054	209942
111055	209943
111056	209944
111057	209945
111058	209946
111059	184874
111060	184875
111061	384755
111062	386825
111063	384757
111064	384758
111065	384759
111066	384760
111067	384761
111068	384762
111069	384763
111070	384764
111071	384765
111072	384766
111073	384767
111074	384768
111075	384769
111076	384770
111077	384771
111078	384772
111079	384773
111080	384774
111081	384775
111082	31716
111083	31717
111084	31718
111085	67256
111086	32092
111087	32093
111088	32095
111089	32393
111090	32394
111091	31254
111092	184851
111093	345392
111094	72583
111095	72583
111096	345254
111097	345255
111098	412883
111099	412884
111100	412885
111101	450463
111102	450464
111103	450465
111105	450467
111106	132052
111107	132053
111108	132054
111109	131282
111110	345417
111111	345418
111112	450384
111113	513984
111114	513984
111115	450388
111116	67761
111117	72563
111118	72564
111119	32844
111120	32691
111121	72608
111122	72609
111123	412989
111124	412990
111125	412991
111126	79894
111127	79895
111128	79896
111129	79897
111130	79898
111131	25695
111132	20700
111133	72513
111134	72514
111135	177525
111136	177526
111137	132018
111138	132019
111139	132020
111140	132021
111141	72401
111142	31997
111143	72589
111144	72590
111145	72385
111146	72386
111147	26269
111148	72387
111149	513002
111150	450642
111151	450643
111153	24709
111154	450645
111155	450646
111159	225829
111160	225830
111161	225831
111162	73183
111163	73184
111164	282849
111165	73185
111166	73186
111167	384671
111168	384672
111169	384674
111170	384675
111171	384676
111172	384678
111173	384679
111174	30610
111175	83321
111176	26629
111177	32587
111178	32588
111180	32589
111181	32591
111182	26646
111186	68317
111187	72462
111188	72463
111190	68321
111191	72464
111192	450177
111193	450178
111194	450179
111195	153214
111196	153215
111197	153216
111198	153217
111199	153218
111200	153219
111201	153220
111202	153221
111203	131663
111204	167030
111205	167032
111206	167033
111207	167034
111208	167035
111209	167036
111210	167037
111211	167038
111212	426165
111213	426166
111214	426167
111215	426168
111216	426169
111217	426170
111218	426171
111219	426172
111220	426173
111221	426174
111222	436834
111223	436835
111224	436836
111225	436837
111226	436838
111227	436839
111228	436840
111229	25208
111230	31651
111231	72802
111234	29525
111235	67794
111236	76332
111237	83251
111238	83252
111239	369956
111240	369957
111242	345192
111243	72189
111244	72190
111245	470910
111246	470911
111247	310935
111248	310936
111249	310937
111250	83349
111251	83350
111252	83352
111253	83353
111254	310652
111255	83355
111256	83356
111257	72661
111258	72662
111260	72663
111261	72664
111262	32947
111263	72665
111264	72666
111265	209957
111266	209958
111267	209959
111269	209961
111270	209962
111271	209963
111272	209964
111273	20504
111274	83632
111275	83633
111276	83634
111277	209796
111278	209797
111279	209798
111280	366248
111281	366249
111282	245276
111283	67359
111284	72090
111285	72091
111287	72092
111288	72093
111289	72094
111290	72095
111291	72096
111292	67368
111293	370761
111294	370762
111295	370763
111297	370765
111298	370766
111299	370767
111300	514034
111301	471203
111302	370625
111303	370626
111304	131916
111305	184957
111306	184958
111307	68232
111308	68233
111309	68234
111310	199158
111311	73061
111312	30182
111313	30183
111314	27300
111315	72522
111316	72523
111318	72524
111319	72525
111320	27321
111321	72526
111322	72527
111323	72528
111324	199161
111325	32193
111326	32194
111327	32196
111328	32199
111329	32202
111330	32203
111331	32206
111332	72987
111333	72988
111334	32211
111335	30439
111336	30432
111337	73210
111338	73211
111340	73212
111341	73213
111342	29549
111343	73214
111344	73215
111345	177612
111346	177613
111347	177614
111348	21545
111349	21547
111350	21617
111351	21623
111352	21630
111353	21669
111354	21671
111355	21673
111356	21675
111357	131239
111358	131240
111359	131241
111360	199169
111361	199170
111362	30233
111363	72467
111364	72468
111365	25403
111367	227459
111368	227460
111369	227464
111370	227465
111371	199118
111372	177649
111373	177650
111374	153448
111375	167213
111376	167214
111377	470843
111378	470844
111379	470845
111380	470846
111381	470847
111382	470848
111383	470849
111384	25883
111385	32850
111386	31639
111387	209814
111388	209815
111389	209816
111390	402421
111391	22767
111392	68944
111393	71900
111394	71901
111395	177540
111396	177541
111397	177542
111399	177544
111400	177545
111401	177546
111402	177547
111403	177548
111404	177549
111405	514065
111406	514066
111407	514067
111409	514069
111410	245384
111411	245385
111412	310934
111413	514095
111415	493384
111417	310817
111418	76363
111419	76364
111420	76365
111423	72642
111424	72643
111425	30460
111426	30461
111427	30462
111428	30463
111429	30464
111430	30465
111431	29966
111432	345349
111433	345350
111434	345351
111445	209923
111446	209924
111447	209925
111448	209926
111449	209927
111450	209928
111451	209929
111452	209930
111453	209931
111457	131703
111458	131704
111459	131705
111460	73140
111461	24582
111462	83318
111463	83319
111464	24590
111465	345578
111466	345579
111467	241916
111468	310823
111469	310824
111471	370572
111472	310827
111473	310828
111474	310829
111475	310830
111476	310831
111477	310832
111478	402436
111479	245290
111480	402437
111482	177671
111488	30470
111489	131567
111490	131568
111491	131569
111492	131570
111493	131571
111494	29689
111495	131872
111496	131873
111497	131875
111498	131876
111503	245387
111504	245388
111505	245389
111506	199257
111507	199258
111508	199259
111509	199260
111510	199261
111511	199262
111512	199263
111513	23219
111514	72198
111515	72199
111516	436659
111517	436660
111518	436661
111519	30274
111520	72782
111521	72783
111523	72784
111524	30588
111525	72433
111526	166973
111528	501435
111529	501436
111530	501437
111532	501439
111533	501440
111534	384904
111535	384905
111536	384906
111538	384908
111539	384909
111540	384910
111541	76509
111542	76510
111543	76511
111544	370607
111545	370608
111546	370609
111547	29367
111548	79931
111549	79932
111550	79933
111551	76317
111552	76318
111553	76319
111555	76321
111556	76322
111557	83283
111558	72894
111559	225736
111560	225737
111561	225738
111562	369708
111563	450382
111564	450383
111572	31407
111573	72509
111574	72510
111575	31410
111577	210022
111578	210023
111579	370691
111580	370692
111581	370693
111582	72155
111583	72156
111584	32333
111585	32336
111586	32337
111587	32338
111588	23009
111589	73012
111590	73013
111592	23023
111593	73014
111594	73015
111595	23038
111596	23039
111597	470891
111598	470892
111599	470893
111601	470895
111602	470896
111603	470897
111604	470898
111605	184873
111606	225881
111607	501379
111608	450396
111609	501380
111610	501381
111611	501382
111612	501382
111613	501384
111614	501385
111615	501386
111616	370633
111617	370634
111618	370635
111619	370636
111620	370637
111621	370638
111622	370639
111624	370641
111625	25352
111626	72421
111627	72422
111629	72423
111630	72424
111631	72425
111632	72426
111633	72427
111634	72428
111635	384776
111637	225844
111638	225845
111639	345478
111640	245355
111641	412951
111642	412952
111643	29625
111644	83129
111645	167385
111646	167386
111647	167387
111649	167389
111650	167390
111651	167391
111652	167392
111653	167393
111654	370489
111655	370490
111656	370491
111658	370493
111659	370494
111660	370495
111661	370496
111662	370497
111663	370498
111664	402398
111665	402399
111666	402400
111667	199335
111668	23422
111669	23432
111670	72151
111671	72152
111672	32170
111673	32171
111674	32172
111675	32173
111676	72944
111677	72945
111679	72946
111680	22001
111681	72947
111682	72948
111683	72949
111684	17111
111685	17117
111686	17655
111687	17750
111688	17754
111689	17995
111690	17997
111691	18001
111692	199208
111693	513986
111696	514041
111697	20687
111698	23698
111699	26856
111700	26857
111702	72769
111703	72770
111704	72751
111705	384578
111706	384579
111707	384580
111709	384582
111710	384583
111711	384584
111712	384585
111713	384586
111714	412880
111715	412881
111716	412882
111717	413046
111718	413047
111719	413048
111720	384529
111721	384530
111722	384531
111723	241967
111724	241969
111725	241970
111726	241971
111727	241972
111728	241973
111729	241974
111730	241975
111731	72599
111732	72600
111733	23699
111734	23701
111735	72749
111736	72750
111737	72950
111738	72951
111739	72952
111740	72953
111741	471254
111742	471255
111743	471256
111744	471257
111745	471258
111746	471259
111747	471260
111748	28878
111749	28880
111751	28883
111752	28884
111753	131864
111754	450721
111755	153249
111757	450669
111758	450422
111759	450670
111760	470852
111761	470853
111762	167126
111763	67284
111764	310818
111765	310819
111766	199279
111767	225846
111768	225847
111769	225848
111770	225849
111771	225850
111772	225851
111773	225852
111774	225853
111775	225854
111776	225855
111777	29988
111778	72487
111779	72488
111781	22728
111783	199075
111784	470993
111785	470994
111786	470995
111787	470996
111788	470997
111789	470998
111790	470999
111791	345166
111792	345167
111793	345168
111794	61763
111795	199060
111796	209845
111797	209846
111798	199063
111799	225769
111800	225770
111802	225771
111803	225772
111804	71974
111805	450705
111806	450706
111807	450707
111808	450708
111809	227439
111810	426247
111811	413041
111812	413042
111813	413043
111814	16117
111815	73195
111816	73196
111817	32041
111818	72060
111819	72061
111820	71952
111821	71953
111822	71954
111823	31429
111824	72817
111825	72818
111827	72819
111828	72820
111829	72821
111830	72822
111831	72823
111832	28606
111833	28613
111834	28614
111835	426248
111836	426249
111837	30371
111838	68202
111839	72247
111840	72248
111842	68206
111843	72249
111844	72250
111845	131454
111846	72632
111847	345469
111848	384393
111849	384394
111850	384395
111851	345187
111852	25796
111853	72690
111854	72691
111855	32630
111856	72176
111857	76308
111858	72178
111859	72179
111860	68083
111861	68085
111862	68087
111863	131949
111864	370138
111865	199280
111866	21176
111867	72623
111868	68576
111869	68577
111870	68578
111871	514395
111872	514396
111873	436787
111874	72756
111875	471250
111876	471251
111877	132001
111878	242048
111879	245065
111880	245066
111881	209993
111882	209994
111883	209995
111885	209997
111886	209998
111887	209999
111888	31782
111889	72135
111890	31887
111891	32243
111892	209932
111893	209933
111894	177501
111895	177502
111896	12740
111897	12741
111898	12742
111899	28418
111900	28419
111901	28420
111902	366243
111903	366244
111904	413115
111905	412858
111906	470916
111907	369709
111908	369710
111910	470918
111911	167039
111912	167040
111913	167041
111915	167043
111916	177655
111917	167045
111918	26904
111919	26905
111920	345435
111921	345436
111922	345437
111923	131538
111924	131539
111925	72598
111926	27204
111927	27213
111928	60538
111929	68129
111930	68130
111931	131326
111932	153383
111933	153384
111935	153385
111936	153386
111937	153387
111938	153268
111939	153388
111940	153389
111941	153271
111942	370839
111943	227457
111944	29301
111945	72458
111946	72459
111948	72460
111949	72461
111951	29315
111954	413131
111955	413132
111956	31802
111957	31803
111958	31806
111959	31807
111960	31811
111961	31812
111962	31814
111963	31816
111964	31817
111965	413140
111966	422617
111967	413142
111968	422618
111969	422619
111970	422620
111971	422621
111972	422622
111973	422623
111974	413149
111975	30269
111976	209829
111977	209830
111978	20273
111979	20306
111980	20340
111981	20341
111982	20343
111983	450496
111984	450497
111985	450271
111987	384560
111988	72111
111989	72112
111990	72113
111992	72115
111993	72116
111994	72117
111995	470674
111996	470675
111997	470676
111999	470678
112000	470679
112001	470680
112002	470681
112003	199066
112004	23871
112005	23873
112006	23893
112007	23896
112008	23901
112009	23903
112010	23938
112011	23940
112012	23944
112013	23945
112014	23948
112015	23949
112016	384497
112017	384498
112018	30176
112019	23207
112020	23209
112021	227443
112022	227444
112023	227445
112024	514119
112025	514235
112026	514236
112028	23348
112029	23352
112030	23360
112031	26388
112032	72099
112033	257835
112034	257836
112035	257837
112036	257838
112037	257839
112038	28720
112039	71909
112040	71910
112041	227564
112042	345161
112043	384716
112044	384717
112045	450235
112046	450236
112047	450237
112048	450222
112049	450223
112050	20656
112051	30446
112052	30447
112053	72535
112054	72536
112055	209884
112056	209885
112057	310807
112058	72470
112059	225856
112060	225857
112061	225858
112062	131909
112063	131910
112064	131911
112065	72787
112066	72788
112067	72789
112068	72790
112069	72791
112070	31491
112071	80044
112072	80045
112073	80046
112074	80047
112075	80048
112076	80049
112077	80050
112078	422512
112079	67556
112080	72187
112081	72188
112082	131880
112083	412861
112084	422231
112085	422232
112087	422233
112088	422236
112089	422239
112090	412868
112091	422244
112092	422249
112093	422252
112094	412871
112095	31680
112096	67577
112097	67579
112098	26139
112099	26142
112100	26151
112101	26156
112102	72901
112103	72902
112104	72903
112105	72904
112106	72905
112107	72906
112108	72588
112109	26203
112113	413138
112114	413139
112115	470977
112116	470978
112117	470979
112118	470980
112119	470981
112121	470982
112122	470983
112123	30400
112124	73056
112125	73057
112126	199315
112127	32788
112128	345188
112129	345189
112130	345190
112131	345191
112132	30373
112133	30374
112134	30375
112135	345256
112136	345257
112137	345258
112138	345259
112139	345260
112140	345261
112141	402469
112142	402470
112143	402471
112144	384896
112145	402472
112146	384898
112147	384899
112148	402473
112149	402474
112150	402475
112151	72624
112152	72625
112153	30399
112154	344979
112155	344980
112156	131477
112157	131478
112158	27281
112159	131615
112161	72593
112162	225755
112163	225757
112164	177510
112165	177511
112166	177512
112167	83156
112168	209937
112169	83345
112170	199210
112171	199211
112172	245091
112173	245092
112174	245093
112175	450329
112176	493382
112177	470741
112178	493383
112179	68024
112180	68025
112181	68026
112182	167013
112183	167203
112184	167204
112185	310766
112186	436917
112187	436918
112188	436919
112189	167090
112190	167091
112191	167092
112192	28388
112193	72679
112194	72680
112196	72681
112197	72682
112198	72683
112199	72684
112200	72685
112201	72686
112202	7082
112203	29720
112204	29723
112205	29725
112206	29729
112207	72357
112208	29733
112209	7331
112210	72358
112211	29737
112212	7835
112213	29742
112214	28413
112215	29748
112216	29750
112217	131624
112218	79903
112219	79904
112220	79905
112222	79907
112223	79908
112224	79909
112225	79910
112226	79911
112227	79912
112228	79913
112229	31494
112230	72515
112231	72516
112232	83267
112233	83268
112234	166798
112236	514031
112238	514033
112239	209877
112240	209878
112241	209879
112242	209880
112243	514442
112244	514443
112245	514444
112246	514445
112247	514411
112248	514412
112249	514413
112250	514414
112251	514415
112252	514416
112253	514417
112254	30159
112255	30160
112256	30161
112257	72483
112258	72484
112259	72485
112260	72486
112261	225743
112262	370479
112263	370480
112264	345402
112265	30281
112266	30282
112267	13716
112268	73220
112269	73221
112270	345371
112271	370644
112272	370645
112273	199314
112274	83159
112275	12018
112276	436728
112277	21448
112278	21468
112279	21470
112280	77926
112281	80039
112282	80040
112283	426266
112284	426267
112286	32365
112287	32367
112288	450677
112289	470670
112290	450679
112291	450680
112292	450681
112293	471094
112294	345481
112295	345482
112296	345483
112297	28885
112299	83638
112300	83676
112301	83677
112303	83678
112304	83679
112305	83644
112306	83680
112307	83681
112308	83647
112309	370094
112310	370095
112311	131708
112312	30245
112313	30246
112314	30247
112315	30248
112316	31944
112317	72899
112318	31953
112319	72900
112320	31959
112321	31963
112322	131440
112323	450633
112324	450634
112325	450635
112327	367536
112328	367537
112329	367538
112330	210029
112331	210030
112332	210031
112333	210032
112334	28555
112335	28557
112336	28561
112337	370573
112338	370574
112339	501423
112340	450251
112341	153252
112342	153253
112349	514418
112350	514419
112353	345049
112354	450395
112355	450397
112356	450398
112357	450399
112358	450400
112359	450401
112360	450402
112361	450403
112362	450404
112363	20732
112364	72601
112365	20850
112366	370610
112367	384640
112368	412962
112369	76279
112370	76280
112371	76281
112373	21339
112374	76283
112375	76284
112376	76285
112377	76286
112378	76287
112379	76288
112380	67899
112381	72376
112382	67900
112383	31393
112384	72377
112385	67901
112386	60679
112387	60680
112388	31404
112389	466390
112391	209788
112392	209789
112393	209790
112395	209792
112396	209793
112397	209794
112398	83169
112399	131536
112400	131537
112401	13712
112402	73258
112403	73259
112404	13715
112405	369807
112406	370139
112407	370140
112409	370142
112410	370143
112411	370144
112412	370145
112413	370146
112414	370147
112415	83609
112416	83610
112417	28307
112418	28308
112419	28309
112420	83175
112421	83176
112422	310906
112423	310907
112424	310908
112425	310909
112426	310910
112427	310911
112428	199317
112429	209898
112430	209899
112431	241940
112432	241941
112433	241942
112435	241944
112436	241945
112437	241946
112438	245325
112439	245326
112440	369946
112441	131298
112442	245327
112443	245328
112444	245329
112445	245330
112446	245331
112447	199285
112448	209900
112449	30810
112450	131192
112451	131193
112452	131194
112454	131196
112455	131197
112456	131198
112457	131199
112458	131200
112461	245112
112462	210036
112463	210037
112466	32720
112467	32721
112468	241963
112469	241964
112470	241965
112471	241966
112472	32640
112473	72615
112474	131781
112475	131782
112476	131783
112477	131784
112478	131785
112479	131786
112480	131787
112481	131788
112482	131789
112483	131790
112484	131791
112485	131792
112486	131793
112487	177573
112489	384943
112490	384944
112491	384945
112493	384947
112494	384948
112495	384949
112496	493397
112497	493398
112498	493399
112499	493400
112500	493401
112501	493402
112502	493403
112503	493404
112504	493405
112505	493406
112506	493407
112507	493408
112508	384454
112509	402433
112510	384603
112511	245237
112512	245238
112513	310849
112514	310850
112515	310851
112516	310852
112517	310853
112518	310854
112519	512990
112520	72369
112521	72370
112522	62477
112523	62479
112524	72929
112525	26538
112526	26545
112527	26549
112528	245258
112529	22012
112530	22016
112531	22018
112532	73245
112533	73246
112534	22066
112535	22078
112536	167059
112537	209761
112538	209762
112539	209772
112540	209773
112541	209774
112542	209775
112543	209776
112544	470951
112545	370780
112546	370781
112547	493446
112548	493447
112549	493448
112550	493449
112551	493450
112552	493451
112553	493452
112554	31042
112555	72242
112556	31045
112557	31047
112558	31048
112559	83658
112560	83659
112561	450472
112562	450473
112564	450295
112565	450296
112566	471249
112567	436858
112568	436859
112569	83331
112570	83332
112571	199144
112572	184936
112573	184937
112574	370481
112575	370482
112576	131210
112577	131211
112578	131212
112579	131213
112580	131214
112581	131215
112582	131216
112583	131217
112584	131218
112585	131219
112586	131220
112587	436527
112588	436528
112589	436529
112590	30424
112591	32846
112592	31968
112593	131279
112594	131280
112595	131280
112597	24514
112598	24516
112599	24518
112600	27958
112601	27959
112602	32665
112606	225824
112607	225887
112608	225888
112609	13719
112610	72066
112611	72067
112612	199171
112613	227508
112614	227509
112615	227510
112616	32627
112617	73077
112618	131249
112619	131250
112620	131251
112621	131252
112622	131253
112623	131254
112624	384396
112625	384397
112626	384398
112627	177659
112628	177661
112629	177663
112630	177665
112631	177667
112632	177669
112633	310855
112634	199312
112635	199313
112636	470726
112637	470727
112638	209919
112639	209920
112640	209921
112641	209922
112642	450455
112643	450456
112644	471317
112645	471318
112646	370603
112647	471226
112648	471227
112649	23664
112650	72931
112651	72932
112652	23676
112653	23679
112654	245220
112655	245221
112656	245222
112657	245223
112658	245224
112659	245225
112660	245226
112661	245227
112662	245228
112663	384400
112664	384402
112665	384404
112666	27163
112667	73187
112668	73188
112669	184921
112670	184922
112671	184923
112673	184925
112674	184926
112675	184927
112676	184928
112677	310933
112678	131201
112679	131202
112680	131203
112681	72728
112682	72729
112683	72097
112684	72098
112685	16143
112686	167215
112687	167216
112688	167217
112690	167219
112691	167220
112692	167221
112693	30208
112694	72610
112695	72611
112696	68168
112697	21024
112698	21043
112699	28840
112700	18141
112701	18144
112702	72696
112703	72697
112704	72698
112705	72699
112706	18164
112707	153364
112708	514070
112709	514071
112710	310859
112711	310860
112712	310861
112713	345540
112714	345541
112715	345542
112716	199391
112717	426227
112718	426228
112719	514193
112722	68869
112723	73052
112724	471137
112725	199162
112726	6356
112727	345081
112728	345082
112729	27370
112730	27373
112731	27375
112733	27383
112734	27387
112735	27396
112736	450421
112737	471079
112738	471080
112739	471081
112740	470899
112741	470900
112742	470901
112743	470902
112744	245259
112745	245352
112746	245261
112747	310888
112748	310889
112749	177503
112750	177504
112751	177505
112752	199145
112753	199146
112754	412893
112755	412894
112756	384654
112757	366228
112758	366229
112760	514473
112761	411658
112762	153325
112763	166639
112764	131994
112765	131995
112766	131996
112767	131997
112768	131998
112769	131999
112770	132000
112771	13725
112772	72457
115212	67559
115213	72335
115214	245394
115215	184767
115216	513009
115217	470752
115218	470753
115219	470754
115220	470755
115221	25225
115222	25240
115223	25242
115224	25260
115225	25292
115226	25305
115227	25312
115228	25313
115229	76263
115230	31003
115231	31004
115232	73010
115233	73011
115234	28767
115235	28774
115236	28777
115237	28782
115238	166979
115239	166980
115240	166981
115242	166983
115243	166984
115244	166985
115245	166986
115246	166987
115247	166988
115248	184854
115249	184855
115250	184856
115251	184857
115252	514062
115253	514063
115254	514064
115255	21519
115256	199080
115257	199082
115258	199083
115259	199084
115260	450487
115261	450270
115262	72429
115263	72430
115264	72431
115265	72432
115266	345029
115267	345030
115268	345031
115270	345033
115271	345034
115272	366226
115273	345036
115274	345037
115275	370831
115276	345198
115277	345199
115278	345200
115279	345201
115280	345202
115281	345203
115282	32643
115283	32644
115284	72088
115285	29665
115286	62834
115287	29676
115288	72089
115289	29684
115290	29687
115291	232292
115292	470756
115293	470757
115294	470758
115295	470759
115296	470760
115297	470761
115298	470762
115299	131395
115300	131396
115301	199177
115302	245320
115303	245321
115304	426144
115305	426145
115306	227511
115307	227512
115308	227513
115309	227514
115310	227515
115311	227516
115312	227517
115313	227518
115314	227519
115315	227520
115316	24528
115317	24529
115318	68885
115319	32931
115320	32932
115321	31421
115322	31425
115323	72039
115324	20126
115325	72040
115326	72041
115327	20202
115328	72042
115329	20208
115330	177499
115331	370646
115332	413095
115333	413096
115334	413097
115336	413099
115337	370627
115338	370628
115339	370118
115340	370119
115341	83663
115342	83664
115343	345143
115344	345144
115345	345145
115346	157215
115347	30385
115348	73126
115349	73127
115350	73128
115351	310865
115352	310866
115353	310867
115355	310869
115356	310870
115357	345352
115358	370466
115359	370467
115360	370468
115362	370470
115363	370471
115364	83668
115365	384688
115366	384689
115367	426260
115368	426261
115369	24728
115370	24730
115371	24731
115372	24736
115373	72714
115374	24741
115375	72715
115376	24751
115377	72716
115378	24757
115379	72717
115380	24764
115381	72718
115382	24797
115383	72719
115384	24806
115385	131450
115386	131451
115387	27409
115388	83133
115389	131942
115390	131943
115391	436716
115392	436717
115394	436719
115395	436720
115396	436721
115397	436722
115398	436723
115399	436724
115400	470763
115401	470764
115402	470765
115403	83138
115404	132055
115405	72122
115406	72123
115407	72124
115408	72125
115409	245187
115410	245188
115411	245189
115412	245190
115413	245191
115414	245192
115415	245193
115416	471261
115417	345535
115418	345536
115419	83179
115420	83180
115421	83181
115422	83113
115423	72880
115424	225761
115425	225762
115426	225763
115427	225778
115428	225779
115429	225780
115430	225726
115431	384691
115432	384692
115433	384693
115434	384695
115435	384696
115436	384698
115437	384700
115438	384702
115439	384704
115440	384706
115443	21294
115444	245354
115445	153283
115446	153284
115447	153285
115448	153286
115449	153287
115450	153288
115451	153289
115452	153290
115453	153291
115454	450059
115455	199192
115456	471072
115457	471073
115458	471074
115459	471075
115460	471076
115461	471077
115462	471078
115466	470854
115467	470855
115468	470856
115469	470857
115470	470858
115471	470859
115472	470860
115473	131596
115474	131597
115475	131598
115476	29830
115477	72668
115478	72669
115480	72670
115481	72671
115482	72672
115483	72673
115484	72674
115485	72675
115486	514104
115487	501460
115488	10219
115489	10220
115490	345089
115491	370475
115492	370476
115494	345093
115495	370477
115496	370478
115497	345096
115498	450426
115499	559354
115500	559355
115502	559356
115503	450431
115512	310886
115513	310887
115514	72517
115515	32376
115516	32377
115517	227440
115518	227441
115519	227441
115520	18132
115521	471112
115522	471113
115523	471114
115524	384564
115525	402419
115526	402420
115527	131889
115528	153292
115529	153293
115530	153294
115531	153295
115532	153296
115533	153297
115534	245077
115535	245078
115536	225723
115537	225724
115538	225725
115539	153248
115540	153251
115541	470688
115542	470689
115543	470690
115544	470691
115545	470707
115546	470708
115547	470709
115548	153213
115549	72342
115550	153381
115551	153382
115552	26598
115553	366234
115554	366235
115555	345560
115556	72504
115557	28365
115558	72157
115559	72158
115560	131221
115561	131222
115562	131223
115563	131224
115564	72852
115565	72853
115566	72854
115567	72855
115568	384639
115569	26826
115570	450250
115571	28009
115572	28015
115573	28028
115574	28034
115575	28050
115576	28059
115577	28065
115578	72411
115579	28092
115580	177619
115581	177620
115582	177621
115583	245019
115584	225739
115585	225740
115586	225741
115587	225742
115588	436854
115589	436855
115590	28962
115591	28963
115592	28968
115593	28971
115594	28978
115595	28981
115596	21087
115597	245113
115598	245114
115599	310941
115601	245117
115602	310942
115603	245119
115604	166575
115605	166576
115606	83695
115607	83696
115608	242025
115609	242026
115610	242027
115611	242028
115612	245136
115613	245137
115614	367535
115615	242002
115616	242003
115617	242004
115618	242005
115621	166643
115622	166644
115623	166645
119085	166646
119086	166647
119087	166648
119088	166649
119089	32258
119090	32259
119091	32260
119092	413062
119093	413063
119094	413064
119096	413066
119097	413067
119098	413068
119099	413069
119100	514780
119101	514022
119102	514023
119104	514025
119105	514026
119106	514027
119107	514028
119108	470952
119109	470953
119110	470954
119111	470955
119112	470956
119113	470957
119114	470958
119115	344962
119116	79857
119117	79858
119118	79859
119119	79860
119120	245269
119121	245270
119122	245271
119123	413034
119124	413035
119125	413036
119126	413037
119127	413038
119128	413039
119129	413040
119130	21119
119131	21121
119132	21126
119133	21127
119134	21144
119135	21146
119136	21154
119137	21155
119138	21162
119139	21166
119140	21168
119141	21169
119142	412984
119143	412985
119144	412986
119145	30221
119146	30222
119147	30223
119149	30225
119150	30226
119151	30227
119152	30228
119153	30229
119154	225728
119155	225729
119156	225730
119157	450501
119158	450502
119159	450503
119160	450504
119161	131353
119162	131354
119163	131355
119164	131356
119165	131357
119166	131358
119167	131359
119168	131360
119169	30395
119170	30396
119171	13833
119172	422259
119176	310791
119177	310792
119181	310794
119182	310795
119183	310796
119184	310797
119185	310798
119186	310799
119187	310800
119188	436823
119189	436824
119190	436825
119192	436827
119193	436828
119194	436829
119195	436830
119196	436831
119197	436832
119198	436833
119199	245356
119200	245357
119201	402441
119202	402442
119203	245360
119204	245361
119205	245362
119206	245363
119207	245364
119208	73222
119209	73223
119210	73224
119211	73225
119212	384924
119213	384926
119214	384928
119215	384930
119216	384932
119217	384934
119218	402443
119219	402444
119220	402445
119221	131917
119222	131918
119223	310881
119224	310882
119225	26912
119226	72395
119227	72405
119228	28636
119229	28638
119230	28640
119231	384476
119232	384918
119233	384919
119234	384409
119235	30553
119236	30554
119237	32690
119238	245012
119239	245013
119240	245014
119241	412907
119242	412908
119243	412909
119244	450441
119245	450442
119246	450443
119247	471201
119248	450442
119249	471202
119250	155073
119251	71996
119252	71997
119253	177629
119254	177630
119255	177631
119256	76366
119257	83165
119258	27411
119259	131599
119260	131600
119261	131601
119262	131243
119263	131244
119264	131246
119265	131247
119266	23443
119267	23447
119268	23455
119269	23461
119270	23467
119271	23475
119272	23522
119273	310768
119274	242042
119275	131362
119276	131363
119277	32823
119278	32825
119279	131373
119280	131374
119281	131375
119282	30380
119283	30381
119284	345147
119286	345149
119289	345152
119290	345153
119292	345155
119293	450690
120535	450691
120536	450692
120538	450694
120539	450695
120540	450696
120541	450697
120542	450698
120543	367529
120544	367530
120545	367531
120546	131649
120547	131650
120548	131651
120549	210000
120550	210001
120551	210002
120552	83635
120553	345251
120554	384718
120555	345253
120556	413127
120557	426310
120558	426311
120559	412987
120560	412988
120561	31197
120562	67515
120563	67516
120564	384502
120565	384503
120566	384504
120574	513924
120575	513925
120576	470715
120577	470718
120578	83154
120579	83155
120580	29475
120581	29478
120582	27420
120583	27421
120584	370580
120585	370581
120586	384803
120587	384805
120588	402401
120589	402402
120590	402403
120591	384812
120592	402404
120593	384815
120594	384816
120595	199160
120596	514097
120599	366230
120600	366231
120601	132002
120602	132003
120603	132004
120604	26404
120605	32791
120606	32792
120608	26415
120609	72936
120610	72937
120611	72204
120612	209905
120613	209906
120614	209907
120615	209908
120616	209909
120617	209910
120618	209911
120619	209912
120620	209913
120627	31095
120628	31099
120629	31107
120630	31110
120631	73263
120632	73264
120633	80041
120634	80042
120635	80043
120636	29484
120637	29486
120638	29488
120639	413123
120640	413124
120641	21047
120642	72990
120643	21051
120644	471040
120645	471041
120646	471042
120648	471044
120649	471045
120650	471046
120651	471047
120652	471048
120653	471049
120654	471050
120655	471051
120656	310821
120657	514458
120659	514459
120660	345086
120661	345087
120662	345088
120663	450391
120664	450392
120666	72331
120667	72332
120668	32866
120669	72333
120670	32869
120671	32870
120672	426185
120673	426186
120674	426187
120675	71960
120676	71961
120677	131603
120678	131604
120679	131605
120680	131606
120681	245051
120682	245052
120683	245054
120684	245055
120685	245056
120686	245057
120687	245058
120688	245059
120689	13699
120690	227455
120691	227456
120692	345069
120693	73247
120694	73248
120695	25443
120696	73249
120697	73250
120698	73251
120699	73252
120700	514072
120703	28271
120704	28273
120705	28278
120706	28279
120707	28282
120708	28283
120709	28284
120710	28287
120711	28289
120712	225765
120713	225860
120714	225861
120715	76334
120716	76335
120717	76336
120724	210012
120725	210013
120726	210014
120727	226821
120728	226822
120729	226823
120730	210018
120731	210019
120732	210020
120733	31842
120734	31843
120735	31845
120736	31846
120737	31851
120738	31853
120739	31854
120740	31858
120741	73038
120742	73039
120743	73040
120744	345406
120745	370105
120746	370106
120748	370107
120749	370108
120750	345412
120758	345338
120759	345339
120760	131868
120761	131869
120762	131870
120763	72907
120764	72908
120765	20066
120766	20067
120767	227523
120768	227524
120769	227525
120771	227527
120772	227528
120773	227529
120774	227530
120775	227531
120776	30549
120777	30550
120778	30551
120779	514172
120782	68452
120783	28513
120784	345050
120785	310924
120786	310925
120787	310926
120788	493460
120789	493461
120790	493462
120791	493463
120792	493464
120793	131324
120794	131325
120795	28911
120796	26289
120797	26290
120798	26292
120799	32766
120800	132039
120801	132040
120802	132041
120803	132042
120804	132043
120805	132044
120806	132045
120807	153466
120808	227551
120809	227552
120810	227553
120811	71977
120812	71976
120813	83667
120814	14001
120815	14003
120816	14345
120817	83250
120818	199266
120819	199267
120820	199268
120821	199269
120822	199270
120823	199271
120824	199272
120825	345111
120826	245133
120827	245134
120828	245135
120829	72875
120830	72876
120831	470710
120832	470711
120833	345344
120834	370575
120835	345346
120836	513110
120837	470712
120838	470713
120839	68650
120840	72325
120841	72326
120843	72327
120844	72328
120845	68656
120846	72329
120847	72330
120848	513963
120849	513964
120850	30119
120851	72972
120852	72973
120853	31638
120854	29270
120855	24666
120857	131364
120858	30058
120859	30059
120860	80061
120861	80062
120862	80063
120863	80064
120864	225832
120865	225833
120867	225835
120868	225836
120869	225837
120870	225838
120871	225839
120875	501339
120876	501340
120877	501341
120878	501342
120879	501343
120880	501344
120881	501345
120882	72209
120883	25090
120884	73092
120885	73093
120887	73094
120888	73095
120889	25112
120890	26825
120891	471191
120892	471192
120893	245332
120894	245333
120895	227571
120896	227572
120897	227573
120899	227575
120900	227575
120901	131548
120902	131549
120903	131550
120904	29205
120905	29207
120906	29209
120907	29426
120908	72080
120909	72081
120911	29432
120912	72082
120913	72083
123817	199147
123818	370483
123819	370484
123820	370485
123821	370486
123822	370487
123823	369766
123824	370372
123825	370373
123827	370375
123828	370376
123829	370377
123830	370378
123831	370379
123832	370380
123833	370381
123834	131748
123835	132009
123836	131750
123837	384539
123838	384540
123839	384541
123840	370783
123841	370784
123842	370785
123843	370786
123844	370787
123845	370788
123846	370789
123847	370790
123848	370791
123849	199142
123850	450272
123851	450273
123852	450274
123853	514086
123854	514087
123855	514088
123856	514089
123857	28864
123858	199334
123861	513145
123862	31520
123863	31521
123864	83160
123865	370526
123866	166685
123867	166686
123868	345170
123871	209897
123872	31559
123873	227506
123874	227507
123875	83670
123876	83671
123877	83672
123878	167014
123879	167015
123880	310902
123881	470984
123882	470985
123883	470986
123884	470987
123885	470988
123886	470989
123887	470990
123888	470991
123889	470992
123890	257855
123891	257857
123892	257859
123893	257861
123894	257863
123895	257865
123896	257867
123897	257869
123907	450436
123908	450438
123909	471082
123910	471083
123911	31964
123912	83333
123913	83334
123914	209806
123915	199301
123916	30004
123917	30005
123918	30014
123919	30017
123920	30020
123921	30023
123922	30025
123923	370521
123924	370522
123925	370523
123926	199151
123927	177597
123928	177598
123929	177599
123930	153192
123931	153193
123932	209965
123933	209966
123934	209967
123935	31761
123936	72062
123937	72063
123938	310781
123939	310782
123940	310773
123941	32935
123942	32936
123943	166679
123944	166680
123945	166681
123946	245256
123947	245257
123948	132032
123949	132033
123950	132034
123951	345548
123952	345549
123953	345550
123954	345551
123955	345552
123956	345553
123957	345554
123958	345555
123959	370705
123960	345557
125528	436575
125529	26616
125531	29915
125532	29916
125533	29919
125534	29924
125535	29925
125536	29928
125537	29930
125538	29935
125539	29939
125540	29941
125541	29943
125542	29945
125543	29947
125544	29950
125545	29952
125546	29957
125547	29958
125548	345526
125549	76309
125550	76310
125551	29388
125552	21510
125554	470800
125555	470801
125556	470802
125557	470803
125558	470804
125559	470805
125560	470806
125561	31088
125562	72655
125563	72656
125564	370604
125565	384537
125566	384538
125567	345233
125568	345234
125569	345235
125570	345236
125571	21745
125572	21746
125573	21747
125574	21749
125575	177537
125576	177538
125577	177539
125578	72635
125579	72636
125580	72637
125581	72638
125582	73201
125583	73022
125584	30441
125585	30442
125586	345400
125587	345401
125588	131266
125589	131267
125590	131268
125591	370488
125592	31865
125593	32044
125594	471228
125595	471229
125596	83300
125597	67847
125598	67848
125599	67849
125600	67850
125601	67851
125602	67852
125603	67853
125604	29691
125605	29692
125606	29697
125607	29699
125608	29700
125609	29704
125610	29708
125611	32699
125612	245266
125613	245267
125614	131206
125615	225709
125616	241920
125617	241921
125618	241922
125620	241924
125621	241925
125622	241926
125623	241927
125624	241928
125625	241929
125629	131716
125630	131717
125631	225734
125632	225735
125633	345537
125634	345538
125635	501441
125636	501411
125637	501442
125638	501443
125639	501444
125640	501415
125641	80053
125642	83656
125643	83656
125644	80055
125645	80056
125646	80057
125647	80058
125648	80059
125649	80060
125650	436586
125651	436587
125652	436588
125654	514426
125655	514427
125656	76524
125657	18215
125658	18216
125659	18621
125660	18625
125661	18629
125662	18632
125663	18695
125664	18730
125665	67566
125666	67567
125667	67568
125668	67569
125669	67570
125670	67571
125671	29460
125672	29461
125673	20638
125674	32576
125675	73007
125676	73008
125679	216733
125680	225805
125681	225806
125684	16125
125685	345164
125686	345165
125687	27195
125689	31363
125690	31364
125691	31367
125693	31370
125694	31371
125695	31374
125696	31375
125697	31376
125698	225687
125699	225688
125700	225689
125701	71918
125702	71919
125703	14504
125704	26633
125705	26635
125706	26643
125707	26644
125708	471205
125709	471206
125710	471207
125711	471208
125712	471209
125713	471210
125714	471211
125715	384374
125716	370472
125717	370473
125718	370474
125719	199092
125720	199093
125721	199094
125722	199095
125723	199096
125724	199097
125725	199098
125726	199099
125727	199100
125728	199101
125729	412959
125730	426188
125731	426189
125732	436876
125735	30632
125737	31928
125738	31929
125739	72354
125740	72355
125741	131975
125743	471299
125744	471300
125745	471301
125746	471302
125747	471303
125748	471304
125749	471305
125750	22644
125751	83309
125752	83310
125753	450269
125755	245303
125756	245304
125757	30556
125758	83613
125759	83614
125760	345360
125761	345361
125762	370782
130614	18098
130615	18099
130616	450468
130617	450469
130618	471310
130619	471311
130620	514774
130621	513989
130622	513990
130624	514166
130629	68441
130630	131972
130631	131973
130632	412925
130633	412926
130635	513981
130636	513982
130637	513983
130638	501387
130639	384556
130640	384557
130641	384558
130642	470671
130643	470672
130644	470673
130645	73073
130646	73074
130647	25826
130648	72646
130649	245060
130650	245061
130651	245062
130652	31513
130653	345059
130654	345060
130655	345061
130656	30251
130657	72182
130658	72183
130659	227501
130660	345124
130661	345125
130662	345126
130663	345196
130664	345197
130665	22400
130666	22402
130667	471181
130668	471182
130669	471183
130671	471185
130673	471187
130674	471188
130675	471189
130676	471190
130677	153438
130678	153439
130679	153440
130680	153441
130681	153442
130682	153443
130683	153444
130684	28657
130685	72780
130686	72781
130687	366247
130688	345131
130689	345132
130690	30500
130691	72489
130692	72490
130694	30505
130695	72491
130696	72492
130697	72493
130698	72494
130699	72495
130700	72496
130701	22737
130702	22738
130703	22739
130705	22744
130706	22745
130707	22747
130708	153449
130709	153450
130710	450133
130712	450135
130713	471280
130714	471281
130715	31787
130716	31788
130717	31790
130718	31794
130719	31798
130720	31799
130721	31801
130722	426273
130723	426274
130724	426275
130726	426277
130727	426278
130728	426279
130729	450509
130730	450510
130731	471212
130732	471213
130733	83106
130734	83107
130735	27402
130736	26937
130737	26945
130738	26951
130739	26965
130740	384713
130741	384714
130742	225821
130743	225822
130744	225823
130745	501410
130746	501412
130747	501413
130748	501414
130749	227532
130750	227533
130751	227534
130752	32885
130754	310769
130755	72576
130756	72577
130757	71943
130758	71944
130759	71945
130760	71946
130761	514360
130762	450476
130763	471286
130764	471287
130765	83272
130766	29799
130767	29168
130768	450377
130769	450378
130770	310846
130771	513006
130772	471052
130773	471053
130774	471054
130775	471055
130776	225711
130777	225712
130778	514454
130779	514455
130780	29454
130781	25618
130782	83172
130783	83173
130784	83174
130785	284376
130786	199366
130787	199367
130789	199369
130790	199370
130791	199371
130792	199372
130793	199373
130794	199374
130795	436498
130796	436499
130797	413130
130798	245025
130799	245026
130800	245027
130801	245028
130802	245029
130803	245030
130804	436710
130805	413117
130806	413118
130808	384892
130809	450709
130810	450710
130811	471110
130812	471111
130813	450228
130814	450229
130815	450230
130816	450231
130817	450232
130818	450233
130819	450234
130820	32881
130821	73202
130822	73203
130823	199172
130824	199393
130825	131772
130826	131773
130827	131774
130828	153206
130829	153207
130830	153208
130831	153209
130832	153210
130833	153211
130834	29559
130835	72131
130836	72132
130837	345063
130838	345064
130839	345065
130840	450068
130841	450069
130842	450070
130843	79884
130844	79885
130845	79886
130846	79887
130847	79888
130848	79889
130849	79890
130850	131496
130851	450713
130852	450714
130853	450715
130855	450717
130866	384982
130867	384984
130868	199187
130869	22881
130870	73050
130871	73051
130872	345283
130873	345284
130874	345285
130875	257846
130876	257847
130878	257849
130879	257850
130880	257851
130881	257852
130882	257853
130883	257854
130884	28453
130885	71920
130886	71921
130888	28459
130889	71922
130890	71923
130891	28467
130892	345024
130893	345025
130894	384375
130895	384376
130896	384377
130897	413023
130898	413024
130899	413025
130900	413026
130901	413027
130902	413028
130903	413029
130904	413030
130905	413031
130906	413032
130907	413033
130908	370120
130909	384942
130910	24533
130911	24535
130912	24540
130913	426252
130914	426253
130915	310897
130916	310898
130917	27985
130918	27989
130919	23261
130920	72238
130921	72239
130923	72240
130924	72241
130925	72217
130926	227502
130927	227503
130928	227504
130929	131947
130930	131948
130931	26406
130932	26410
130933	72202
130934	72203
130935	384612
130936	71928
130937	71929
130938	245346
130939	245347
130940	242020
130941	242021
130942	501358
130943	501359
130944	501360
130946	501362
130947	501363
130948	501364
130949	501365
130950	501366
130951	501367
130952	501368
130953	28253
130954	28255
130955	28257
130956	30162
130957	185066
130958	242022
130959	242023
130960	242024
130961	450389
130962	450390
130963	76296
130964	76297
130965	76298
130966	76299
130967	76300
130968	76301
130969	76302
130970	166775
130971	131879
130979	450678
130980	513004
130981	470730
130982	470731
130983	470732
130984	470733
130985	199173
130986	199174
130987	83163
130988	83164
130989	31647
130990	27427
130991	71955
130992	71956
130993	64902
130994	72629
130995	72630
130996	72631
130997	71924
130998	71925
130999	71926
131000	412944
131001	177636
131002	177637
131003	177638
131004	177639
131005	177640
131006	177641
131007	177642
131008	177643
131009	514474
131012	131283
131013	131284
131014	131285
131015	20539
131016	72413
131017	72414
131018	345138
131019	345139
131020	345140
131021	225869
131022	225870
131023	225871
131025	225874
131026	225875
131027	225876
131028	225877
131029	225878
131030	225879
131031	470919
131032	470920
131033	470921
131034	470922
131035	470923
131036	470924
131037	470925
131038	436530
131039	436531
131040	436532
131041	436533
131042	184918
131043	184919
131044	184920
131045	26830
131046	131966
131047	131967
131048	131968
131049	345529
131050	72762
131051	72763
131052	72764
131053	72765
131054	72766
131055	72767
131056	72768
131057	210028
131058	225751
131059	225752
131061	245068
131062	245069
131063	245070
131065	514109
131068	76369
131069	25914
131070	72440
131071	72441
131072	25925
131073	25932
131074	25935
131075	310845
131076	199327
131077	225825
131078	225826
131079	24689
131080	80023
131081	83604
131082	83605
131084	80026
131085	83607
131086	83608
131087	80029
131088	83697
131089	83698
131090	83699
131091	83700
131092	131896
131093	131614
131094	242043
131095	242044
131096	242045
131097	345279
131098	345280
131099	32939
131100	72227
131102	72194
131103	72195
131104	72196
131105	18213
131106	18214
131107	470914
131108	470915
131109	28528
131110	72245
131111	72246
131112	28535
131113	28537
131114	28539
131115	310943
131116	310944
131117	31236
131118	72058
131119	72059
131120	22202
131121	73041
131122	73042
131123	245299
131124	131428
131125	131429
131126	412971
131127	412972
131128	412973
131129	27675
131130	72129
131131	167209
131132	30917
131133	76383
131134	76384
131135	76385
131136	76386
131137	370792
131138	370793
131139	370794
131140	370795
131141	370796
131142	370797
131143	370798
131146	167089
131147	209807
131148	209808
131149	209809
131150	209810
131151	209811
131152	24890
131153	24891
131154	24896
131155	24898
131156	24903
131157	24905
131158	24921
131159	24923
131160	24931
131161	24932
131162	24934
131163	24935
131164	24939
131165	24940
131166	19892
131167	19895
131168	19897
131169	20050
131170	20051
131171	310895
131172	310896
131173	83325
131174	436911
131175	436912
131176	370507
131177	436914
131178	436915
131179	436916
131180	384645
131181	384646
131182	384647
131183	384648
131184	384649
131185	384650
131186	384651
131187	384652
131188	384653
131189	72479
131190	72480
131191	412932
131192	412933
131193	412934
131194	73048
131195	79866
131196	76522
131197	76523
131198	30318
131199	30319
131200	30320
131201	72743
131202	72744
131203	72745
131204	72746
131205	471245
131206	471246
131207	471247
131208	471248
131209	72833
131210	72834
131211	72106
131212	72107
131213	73143
131214	73144
131215	31705
131216	31707
131217	31708
131218	209827
131219	209828
131220	450667
131221	450629
131222	450668
131223	225696
131224	225697
131225	29895
131226	29896
131227	29900
131228	10329
131229	10331
131230	10332
131231	10333
131232	10334
131233	131233
131234	131234
131235	131235
131236	72101
131237	72102
131238	72103
131239	72104
131240	72105
131241	199212
131243	28644
131244	28645
131245	370577
131246	370578
131247	384520
131248	80066
131249	76315
131250	76316
131251	83144
131252	83145
131253	172733
131254	131577
131255	413122
131256	345423
131257	345424
131258	345425
131259	185067
131260	131950
131261	131951
131262	131952
131263	131953
131264	131954
131265	131955
131266	131956
131267	131957
131268	131958
131269	227505
131270	199311
131271	21413
131272	21414
131273	209833
131274	209834
131275	209835
131276	369954
131278	402428
131279	384450
131280	384452
131281	514129
131284	29166
131285	29167
131286	29796
131287	28758
131288	23329
131289	72133
131290	72134
131291	25726
131292	25727
131293	184896
131295	199307
131296	72213
131297	72214
131298	72215
131299	72216
131300	26486
131301	26703
131302	26708
131303	26709
131304	26720
131305	26724
131306	26726
131307	26736
131308	26740
131309	26743
131310	26745
131311	26751
131312	26753
131313	177656
131314	177657
131315	25414
131316	28708
131317	245152
131318	245153
131319	245154
131321	245156
131322	514197
131323	514198
131324	22211
131325	22213
131326	22217
131327	68703
131328	68704
131329	72565
131330	199076
131331	209831
131332	209832
131333	225766
131334	225767
131335	72118
131336	72469
131337	72471
131338	72472
131339	25116
131340	60540
131341	167263
131342	167264
131343	167265
131344	384752
131345	384753
131346	384754
131347	72703
131348	72704
131349	131530
131350	131531
131351	131532
131352	131533
131353	199280
131354	470820
131355	470821
131356	470822
131357	470823
131358	470824
131359	470825
131360	470826
131361	32847
131362	32848
131363	470837
131364	470838
131365	493435
131366	413133
131367	426202
131368	426203
131369	402405
131370	402406
131371	402407
131372	402408
131373	402409
131374	241937
131375	241938
131376	241939
131377	131430
131378	131432
131379	131433
131380	131434
131381	131435
131382	131436
131383	131437
131384	131438
131385	131439
131386	369836
131387	384722
131388	384723
131389	384725
131390	384727
131391	384728
131392	384730
135638	402446
135639	345332
135640	345333
135641	184832
135642	199292
135643	199293
135644	199294
135645	344999
135646	30748
135647	30749
135648	30750
135649	30751
135650	30752
135651	30753
135652	22952
135653	72572
135654	72573
135655	166799
135656	166800
135657	166801
135659	166803
135660	166804
135661	166805
135662	184949
135663	184950
135664	184951
135665	471063
135666	471064
135667	471065
135668	471066
135669	471067
135670	471068
135671	471069
135672	345079
135673	131749
135674	131751
135675	131752
135676	131753
135677	131754
135678	131755
135679	131756
135680	131757
135681	345498
135682	345499
135683	345500
135684	345501
135685	345502
135686	345503
135687	167320
135688	167321
135689	167322
135690	30263
135691	30291
135692	72974
135693	72975
135694	30294
135695	30295
135696	30382
135698	370799
135699	370800
135700	370613
135701	370614
135702	370615
135703	370616
135704	370617
135705	370618
135706	513021
135707	241960
135708	241961
135709	345028
135710	241931
135711	241932
135712	225714
135713	241934
135714	131389
135715	131390
135716	131391
135718	131393
135719	450649
135720	450650
135721	450651
135723	450653
135724	450654
135725	450655
135726	450656
135727	450657
135728	245305
135729	245306
135732	345097
135733	345098
135734	345099
135735	345100
135736	345101
135737	345102
135738	345103
135739	72340
135740	72341
135741	26614
135744	450180
135745	450181
135746	450182
135747	514428
135748	514429
135749	514430
135750	470934
135751	470935
135752	470936
135753	470937
135754	470938
135755	470939
135756	470940
135757	384634
135758	384635
135759	245277
135760	245278
135761	225748
135762	225749
135763	225750
135764	79867
135765	79868
135766	79869
135767	79870
135768	79871
135769	79872
135770	79873
135771	23723
135772	72268
135773	23801
135774	23803
135775	131897
135776	131898
135777	131899
135779	131901
135780	131902
135781	131903
135782	131904
135783	310874
135784	470766
135785	470767
135786	470768
135787	470769
135788	470770
135789	470771
135790	470772
135791	167153
135792	167154
135793	25659
135794	72029
135795	72030
135796	25670
135797	72031
135798	72032
135799	25683
135800	25687
135801	177575
135802	177576
135803	177577
135805	177579
135806	177580
135807	177581
135808	177582
135809	177583
135810	177584
135811	32761
135812	225759
135813	199288
135814	199289
135815	199290
135816	32585
135817	167323
135818	167324
135819	167329
135820	167330
135821	167331
135822	167332
135823	345581
135824	209890
135825	209891
135826	209892
135828	209894
135829	209895
135830	209896
135831	470888
135832	470889
135833	470890
135835	245260
135836	470941
135837	470942
135838	470943
135839	470944
135840	470945
135841	470946
135842	470947
135843	470948
135844	470949
135845	470950
135846	471166
135847	471167
135848	471168
135849	72933
135850	72934
135851	23694
135852	23695
135853	23696
135854	20671
135855	131425
135856	131426
135857	83642
135858	83643
135859	83645
135860	83646
135861	471027
135862	471028
135863	24610
135864	24611
135865	24622
135866	24628
135867	24639
135868	24658
135869	72606
135870	72607
135872	384406
135873	397713
135874	27685
135875	310939
135876	310940
135877	370679
135878	370680
135879	370681
135880	370682
135881	370683
135882	370684
135883	370685
135884	370686
135885	370687
135886	344981
135887	344982
135888	385018
135889	385019
135890	426195
135891	426196
135892	166745
135893	177616
135894	177617
135895	384917
135896	32809
135897	70867
135898	71256
135899	71468
135900	71893
135901	514130
135902	28516
135903	73034
135904	73035
135905	28520
135906	32240
135907	20922
135908	72153
135909	72154
135910	28107
135911	29513
135912	29515
135913	29517
135914	32275
135915	72917
135916	72918
135918	72919
135919	72920
135920	72921
135921	72922
135922	32288
135923	28412
135924	225889
135925	225890
135926	67283
135927	166976
135928	166977
135929	32212
135931	450447
135932	450448
135933	450449
135934	450451
135935	450452
135936	450453
135937	470682
135938	384829
135939	384831
135940	384833
135941	402438
135942	402439
135943	402440
135944	384841
135945	384843
135946	384845
135947	384847
135948	310893
135949	310894
135950	20654
135951	20659
135952	20661
135953	30213
135954	30214
135955	345320
135956	310899
135958	436487
135959	436488
135960	436489
135961	436490
135962	436491
135963	245206
135964	310875
135965	310876
135966	310877
135967	310878
135968	310879
135969	310880
135970	72633
135971	72634
135972	131578
135973	131579
135974	370562
135975	370563
135976	370564
135977	370565
135978	370566
135979	370567
135980	370568
135981	514468
135982	514469
135983	514470
135984	514471
135985	471297
135986	471298
135987	31727
135988	31728
135989	31732
135990	31733
135991	31738
135992	31739
135993	31743
135994	31746
135995	31749
135996	31751
135997	31752
135998	31753
135999	131637
136000	166806
136001	166807
136002	384516
136003	384517
136004	384518
136005	79989
136006	76337
136007	76338
136008	177588
136009	177589
136010	177590
136012	177592
136013	177593
136014	177594
136015	177595
136016	131617
136017	131618
136018	177570
136019	131620
136020	131621
136021	131622
136022	167212
136023	76499
136024	76500
136025	76501
136026	20712
136027	31020
136028	72835
136029	72836
136030	426214
136031	426215
136032	72883
136033	72884
136034	450475
136035	470828
136036	470829
136037	514168
136039	30360
136040	30361
136041	30362
136042	30363
136043	30364
136044	30365
136045	30366
136046	30367
136047	413155
136048	413156
136049	413157
136051	413159
136052	413160
136053	413161
136054	413162
136055	413163
136056	413164
136057	166833
136058	166834
136059	72612
136060	310847
136061	310848
136062	72980
136063	72981
136064	72230
136065	72231
136067	72232
136068	72233
136069	72234
136070	72235
136071	72236
136072	72237
136073	153262
136074	153263
136075	153265
136076	153266
136077	153267
136078	153269
136079	153270
136080	370845
136081	370846
136082	370847
136084	370849
136085	370850
136086	370851
136087	131452
136088	131453
136089	450140
136090	450141
136091	450142
136092	450143
136093	450144
136094	450145
136095	450146
136096	450147
136097	450148
136098	450149
136099	31554
136100	31557
136101	245097
136102	245098
136103	245099
136104	245100
136105	245101
136106	245102
136107	245103
136108	245104
136109	245105
136110	184898
136111	184899
136112	184900
136114	184902
136115	184903
136116	345321
136117	345322
136119	345324
136120	345325
136121	345326
136122	345327
136123	345328
136124	345329
136125	425790
136126	425791
136127	425792
136128	425793
136129	450640
136130	450641
136131	22093
136132	72033
136133	310783
136134	310784
136135	67726
136136	27690
136137	450628
136138	450630
136139	450631
136140	450632
136141	369991
136142	369992
136143	310901
136144	131485
136145	69018
136146	72394
136147	69019
136148	69020
136149	69021
136150	69022
136151	69023
136152	69024
136153	69025
136154	69026
136155	199386
136156	199387
136157	199388
136158	199389
136159	73110
136160	73111
136161	73112
136162	73113
136163	370688
136164	370689
136165	370690
136166	199255
136167	199256
136168	345385
136169	345386
136170	450277
136171	450278
136172	450279
136173	345045
136174	345046
136175	345047
136176	245204
136177	245205
136179	30892
136181	227468
136182	227562
136183	227563
136185	27335
136186	72647
136187	72648
136189	72649
136190	72650
136191	72651
136192	27353
136193	72652
136194	72653
136195	72654
136196	30287
136197	30536
136198	72752
136199	31866
136200	32876
136201	32877
136204	31610
136205	29060
136206	72885
136207	72886
136209	72887
136210	72888
136211	72889
136212	72890
136213	72891
136214	72892
136215	72259
136216	72260
136218	72261
136219	21341
136220	72262
136221	21347
136222	412911
136223	412912
136224	412913
136225	412914
136226	370805
136227	29594
136228	72507
136229	29601
136230	29603
136231	29609
136232	29611
136233	72508
136234	29616
136235	166656
136236	32128
136238	185064
136239	185065
136240	227547
136241	225868
136242	513972
136243	73025
136244	32182
136245	245094
136246	245095
136247	245096
136248	72913
136249	72914
136250	72915
136251	72916
136252	384421
136253	384422
136254	384423
136255	384424
136256	384425
136257	384427
136258	384428
136259	384430
136260	384431
136261	131927
136262	131928
136263	131929
136264	471008
136265	471009
136266	471010
136268	471012
136269	471013
136270	471014
136271	471015
136272	471016
136273	471017
136274	199163
136275	199164
136276	345546
136277	345547
136278	177568
136279	177569
136280	199085
136281	450324
136282	450326
136283	450327
136284	450328
136285	73226
136286	73227
140481	131770
140482	131771
140483	470683
140484	470684
140485	32821
140486	83276
140487	83277
140488	83278
140489	83279
140490	83280
140491	513109
140492	72193
140493	27746
140494	62799
140495	27759
140496	27764
140497	27780
140498	27786
140499	310843
140500	225812
140501	225813
140503	225815
140504	225816
140505	225817
140506	225818
140507	225819
140508	369946
140509	23045
140510	384626
140511	384627
140512	384628
140513	384629
140514	384630
140515	384632
140516	384633
140517	514120
140518	514121
140519	83322
140520	131965
140521	83324
140522	370090
140523	412982
140524	412983
140525	177513
140526	177514
140527	177515
140529	177517
140530	177518
140531	177519
140532	31668
140533	31669
140534	31672
140535	29117
140536	30472
140537	30234
140538	72264
140539	72265
140540	72266
140541	72267
140542	227469
140543	227470
140544	421984
140545	421985
140546	412965
140547	421986
140548	426286
140549	426212
140550	426213
140551	32902
140552	32903
140553	32904
140554	83651
140555	83652
140556	345433
140557	345434
140558	384642
140559	384643
140560	199331
140561	209759
140562	209760
140563	153430
140564	153431
140565	153432
140566	153433
140567	153434
140568	153435
140569	153436
140570	153437
140571	83263
140572	83264
140573	245071
140574	199103
140575	199104
140576	197603
140577	199105
140578	29221
140579	72140
140580	29223
140581	72141
140582	72142
140583	72143
140584	72144
140585	72145
140586	72146
140587	514439
140588	514440
140589	514441
140590	30064
140591	72553
140592	72554
140594	30069
140595	72555
140596	72556
140597	30076
140598	72557
140599	72558
140600	344983
140601	344984
140602	344985
140603	72120
140604	29450
140605	345543
140606	345544
140607	345545
140608	384655
140609	199102
140610	31604
140611	310771
140612	310772
140613	72004
140614	72005
140616	16197
140617	72006
140618	72007
140619	72008
140620	72009
140621	72010
140622	72011
140623	27857
140624	27859
140625	345517
140626	209777
140627	209778
140628	209779
140629	68681
140630	68682
140631	225731
